patch_id,image,split,source_group,x,y,size,sha256
0,images/test/207_png_jpg.rf.cbc463587eb8aba1c1894cbde886ef9c.jpg,test,207_png_jpg,96,96,128,aa8dfef9c16c737673cc934e96b61876528a28a80bb232f01148198d37dcdcff
1,images/test/207_png_jpg.rf.cbc463587eb8aba1c1894cbde886ef9c.jpg,test,207_png_jpg,192,96,128,aa8dfef9c16c737673cc934e96b61876528a28a80bb232f01148198d37dcdcff
2,images/test/207_png_jpg.rf.cbc463587eb8aba1c1894cbde886ef9c.jpg,test,207_png_jpg,96,192,128,aa8dfef9c16c737673cc934e96b61876528a28a80bb232f01148198d37dcdcff
3,images/test/207_png_jpg.rf.cbc463587eb8aba1c1894cbde886ef9c.jpg,test,207_png_jpg,192,192,128,aa8dfef9c16c737673cc934e96b61876528a28a80bb232f01148198d37dcdcff
4,images/test/218_png_jpg.rf.e13fd2ded92a3082bcbcac08fe95d107.jpg,test,218_png_jpg,96,96,128,6eb8ed92ca756d581849216d012ac06dc9ac65902cbc3644c07a6a9406a6d56b
5,images/test/218_png_jpg.rf.e13fd2ded92a3082bcbcac08fe95d107.jpg,test,218_png_jpg,192,96,128,6eb8ed92ca756d581849216d012ac06dc9ac65902cbc3644c07a6a9406a6d56b
6,images/test/218_png_jpg.rf.e13fd2ded92a3082bcbcac08fe95d107.jpg,test,218_png_jpg,96,192,128,6eb8ed92ca756d581849216d012ac06dc9ac65902cbc3644c07a6a9406a6d56b
7,images/test/218_png_jpg.rf.e13fd2ded92a3082bcbcac08fe95d107.jpg,test,218_png_jpg,192,192,128,6eb8ed92ca756d581849216d012ac06dc9ac65902cbc3644c07a6a9406a6d56b
8,images/test/443_png_jpg.rf.139d2a033e659257c08937ed2cd8928e.jpg,test,443_png_jpg,96,192,128,d239817a2310ee0fd0f0cfeb7ee4a5cb3078cc53263fd2eae90828eff630dcbd
9,images/test/443_png_jpg.rf.139d2a033e659257c08937ed2cd8928e.jpg,test,443_png_jpg,192,192,128,d239817a2310ee0fd0f0cfeb7ee4a5cb3078cc53263fd2eae90828eff630dcbd
10,images/test/452_png_jpg.rf.7de6b909c0d34e7fb5d9a240828c1a1a.jpg,test,452_png_jpg,96,96,128,eb08ebc22a6e26544bf5810208152e1b6b7a694f3d72e1a9f70ba662c440c415
11,images/test/452_png_jpg.rf.7de6b909c0d34e7fb5d9a240828c1a1a.jpg,test,452_png_jpg,96,192,128,eb08ebc22a6e26544bf5810208152e1b6b7a694f3d72e1a9f70ba662c440c415
12,images/test/452_png_jpg.rf.7de6b909c0d34e7fb5d9a240828c1a1a.jpg,test,452_png_jpg,192,192,128,eb08ebc22a6e26544bf5810208152e1b6b7a694f3d72e1a9f70ba662c440c415
13,images/test/688_png_jpg.rf.b78a0124b3907c5e34c3bd7c46c2cf83.jpg,test,688_png_jpg,192,96,128,e34a96072d7038bdcfcfab93fb8841c1b758eff0b4c98b745c0baf8d1013c613
14,images/test/694_png_jpg.rf.da214521ec363d3021b424cda7033947.jpg,test,694_png_jpg,96,96,128,e03eb18293ae2e3a4b72edbb231a6c53e057918c993242b5d2b40af273f6126c
15,images/test/694_png_jpg.rf.da214521ec363d3021b424cda7033947.jpg,test,694_png_jpg,192,96,128,e03eb18293ae2e3a4b72edbb231a6c53e057918c993242b5d2b40af273f6126c
16,images/test/694_png_jpg.rf.da214521ec363d3021b424cda7033947.jpg,test,694_png_jpg,192,192,128,e03eb18293ae2e3a4b72edbb231a6c53e057918c993242b5d2b40af273f6126c
17,images/test/731_png_jpg.rf.c3fb8d4579c2d67841c27220ff3c96b4.jpg,test,731_png_jpg,96,192,128,254bbb2fc76b78c7ce94f025e0ed6cab5892995887131cc9a882b4228a4016e5
18,images/test/731_png_jpg.rf.c3fb8d4579c2d67841c27220ff3c96b4.jpg,test,731_png_jpg,192,192,128,254bbb2fc76b78c7ce94f025e0ed6cab5892995887131cc9a882b4228a4016e5
19,images/test/816_png_jpg.rf.f608c6d416d0b3e3ceefa7015e802639.jpg,test,816_png_jpg,192,96,128,d2a84382f5d692768a5ccb29f92aa49c919a1fd852c8f696530ab0b83f427918
20,images/test/816_png_jpg.rf.f608c6d416d0b3e3ceefa7015e802639.jpg,test,816_png_jpg,192,192,128,d2a84382f5d692768a5ccb29f92aa49c919a1fd852c8f696530ab0b83f427918
21,images/test/847_png_jpg.rf.7e4e27c5a47cf7a991c7d5e11bb8644b.jpg,test,847_png_jpg,192,192,128,4c61ae484800861249d87dbbc6e981f3d6c4168a50ac2b8fa07a5d518ef3bb46
22,images/test/857_png_jpg.rf.a8667267664a94471190b46def485fdf.jpg,test,857_png_jpg,192,96,128,2f59cb5e5bb93e07fa31316c32ba18a3e2e84e0dab63e7508a0094d2fc283cb8
23,images/test/857_png_jpg.rf.a8667267664a94471190b46def485fdf.jpg,test,857_png_jpg,192,192,128,2f59cb5e5bb93e07fa31316c32ba18a3e2e84e0dab63e7508a0094d2fc283cb8
24,images/test/CRACK500_20160222_081011_641_721_jpg.rf.16a308e414cfc871ac68448ae8b25987.jpg,test,crack500_20160222_081011_641_721_jpg,96,192,128,d592a4d929b87e3b203f28d34c1dcbc9d6175d66d5c8818f3d574e1cfa3faf54
25,images/test/CRACK500_20160222_081011_641_721_jpg.rf.16a308e414cfc871ac68448ae8b25987.jpg,test,crack500_20160222_081011_641_721_jpg,192,192,128,d592a4d929b87e3b203f28d34c1dcbc9d6175d66d5c8818f3d574e1cfa3faf54
26,images/test/CRACK500_20160222_081908_1_1_jpg.rf.78cbb52fc1bf14eeba379be47dfbb97c.jpg,test,crack500_20160222_081908_1_1_jpg,96,96,128,b7d32ea79ce46e2ab03c86c076d97f2053c7aa99e473013327c038ff2002669f
27,images/test/CRACK500_20160222_081908_1_1_jpg.rf.78cbb52fc1bf14eeba379be47dfbb97c.jpg,test,crack500_20160222_081908_1_1_jpg,96,192,128,b7d32ea79ce46e2ab03c86c076d97f2053c7aa99e473013327c038ff2002669f
28,images/test/CRACK500_20160222_114759_1_361_jpg.rf.2c468e0f4601efa2cf321164e3595773.jpg,test,crack500_20160222_114759_1_361_jpg,96,96,128,0d8ccb2b7b8d7b710940413cff3fa50912b9f53c0263cb031e56dd586bc746f3
29,images/test/CRACK500_20160222_114759_1_361_jpg.rf.2c468e0f4601efa2cf321164e3595773.jpg,test,crack500_20160222_114759_1_361_jpg,192,96,128,0d8ccb2b7b8d7b710940413cff3fa50912b9f53c0263cb031e56dd586bc746f3
30,images/test/CRACK500_20160222_114759_1_361_jpg.rf.2c468e0f4601efa2cf321164e3595773.jpg,test,crack500_20160222_114759_1_361_jpg,96,192,128,0d8ccb2b7b8d7b710940413cff3fa50912b9f53c0263cb031e56dd586bc746f3
31,images/test/CRACK500_20160222_115305_1921_1081_jpg.rf.915b6a232987fdcee07ddff4f6975b70.jpg,test,crack500_20160222_115305_1921_1081_jpg,96,96,128,2a22fb351625872c8e9bebd94266810997bcd9845cf2d1ce9e8305a439a41355
32,images/test/CRACK500_20160222_115305_1921_1081_jpg.rf.915b6a232987fdcee07ddff4f6975b70.jpg,test,crack500_20160222_115305_1921_1081_jpg,192,96,128,2a22fb351625872c8e9bebd94266810997bcd9845cf2d1ce9e8305a439a41355
33,images/test/CRACK500_20160222_115305_1921_1081_jpg.rf.915b6a232987fdcee07ddff4f6975b70.jpg,test,crack500_20160222_115305_1921_1081_jpg,96,192,128,2a22fb351625872c8e9bebd94266810997bcd9845cf2d1ce9e8305a439a41355
34,images/test/CRACK500_20160222_115305_1921_1081_jpg.rf.915b6a232987fdcee07ddff4f6975b70.jpg,test,crack500_20160222_115305_1921_1081_jpg,192,192,128,2a22fb351625872c8e9bebd94266810997bcd9845cf2d1ce9e8305a439a41355
35,images/test/CRACK500_20160222_115519_641_1081_jpg.rf.3febd9a0963c1758ffba96abaacc0b8f.jpg,test,crack500_20160222_115519_641_1081_jpg,96,96,128,fac127d6cb38f114c43c4e597665ccf6742e3e7be32afb1ec93d6d5c6bcc4cff
36,images/test/CRACK500_20160222_115519_641_1081_jpg.rf.3febd9a0963c1758ffba96abaacc0b8f.jpg,test,crack500_20160222_115519_641_1081_jpg,192,96,128,fac127d6cb38f114c43c4e597665ccf6742e3e7be32afb1ec93d6d5c6bcc4cff
37,images/test/CRACK500_20160222_115519_641_1081_jpg.rf.3febd9a0963c1758ffba96abaacc0b8f.jpg,test,crack500_20160222_115519_641_1081_jpg,96,192,128,fac127d6cb38f114c43c4e597665ccf6742e3e7be32afb1ec93d6d5c6bcc4cff
38,images/test/CRACK500_20160222_115519_641_1081_jpg.rf.3febd9a0963c1758ffba96abaacc0b8f.jpg,test,crack500_20160222_115519_641_1081_jpg,192,192,128,fac127d6cb38f114c43c4e597665ccf6742e3e7be32afb1ec93d6d5c6bcc4cff
39,images/test/CRACK500_20160222_115519_641_361_jpg.rf.6789f4f789b95dfb77fa20d52982f68f.jpg,test,crack500_20160222_115519_641_361_jpg,96,96,128,f6d81742510778fbdae6e939b1416482668d3c44ac28f4abe03aca9cf87792bc
40,images/test/CRACK500_20160222_115519_641_361_jpg.rf.6789f4f789b95dfb77fa20d52982f68f.jpg,test,crack500_20160222_115519_641_361_jpg,192,96,128,f6d81742510778fbdae6e939b1416482668d3c44ac28f4abe03aca9cf87792bc
41,images/test/CRACK500_20160222_115519_641_361_jpg.rf.6789f4f789b95dfb77fa20d52982f68f.jpg,test,crack500_20160222_115519_641_361_jpg,96,192,128,f6d81742510778fbdae6e939b1416482668d3c44ac28f4abe03aca9cf87792bc
42,images/test/CRACK500_20160222_115519_641_361_jpg.rf.6789f4f789b95dfb77fa20d52982f68f.jpg,test,crack500_20160222_115519_641_361_jpg,192,192,128,f6d81742510778fbdae6e939b1416482668d3c44ac28f4abe03aca9cf87792bc
43,images/test/CRACK500_20160222_115620_1281_1_jpg.rf.fe4b5fa9adb59cbbd87b4834df1834d3.jpg,test,crack500_20160222_115620_1281_1_jpg,96,96,128,aa023e4e162ae62a2ca3d6c70d0acb6d24995d81f6937cc313936075c19b56de
44,images/test/CRACK500_20160222_115620_1281_1_jpg.rf.fe4b5fa9adb59cbbd87b4834df1834d3.jpg,test,crack500_20160222_115620_1281_1_jpg,192,96,128,aa023e4e162ae62a2ca3d6c70d0acb6d24995d81f6937cc313936075c19b56de
45,images/test/CRACK500_20160222_115620_1281_1_jpg.rf.fe4b5fa9adb59cbbd87b4834df1834d3.jpg,test,crack500_20160222_115620_1281_1_jpg,96,192,128,aa023e4e162ae62a2ca3d6c70d0acb6d24995d81f6937cc313936075c19b56de
46,images/test/CRACK500_20160222_115620_1281_1_jpg.rf.fe4b5fa9adb59cbbd87b4834df1834d3.jpg,test,crack500_20160222_115620_1281_1_jpg,192,192,128,aa023e4e162ae62a2ca3d6c70d0acb6d24995d81f6937cc313936075c19b56de
47,images/test/CRACK500_20160222_115620_641_1081_jpg.rf.71c2549668a37ec0d8cb8a3dd056910a.jpg,test,crack500_20160222_115620_641_1081_jpg,96,96,128,da8cc21ce074b1a38c60fd226da9735188ef92281e98b63629f583be3b287249
48,images/test/CRACK500_20160222_115620_641_1081_jpg.rf.71c2549668a37ec0d8cb8a3dd056910a.jpg,test,crack500_20160222_115620_641_1081_jpg,192,96,128,da8cc21ce074b1a38c60fd226da9735188ef92281e98b63629f583be3b287249
49,images/test/CRACK500_20160222_115620_641_1081_jpg.rf.71c2549668a37ec0d8cb8a3dd056910a.jpg,test,crack500_20160222_115620_641_1081_jpg,96,192,128,da8cc21ce074b1a38c60fd226da9735188ef92281e98b63629f583be3b287249
50,images/test/CRACK500_20160222_115620_641_1081_jpg.rf.71c2549668a37ec0d8cb8a3dd056910a.jpg,test,crack500_20160222_115620_641_1081_jpg,192,192,128,da8cc21ce074b1a38c60fd226da9735188ef92281e98b63629f583be3b287249
51,images/test/CRACK500_20160222_115714_1281_721_jpg.rf.7b386d00bdc0fcb8a7ac9e53bc3dfec7.jpg,test,crack500_20160222_115714_1281_721_jpg,192,96,128,220a59ce7571e360d26e3d8d0f82e1fedf7d83efb0627331044562203f19d96a
52,images/test/CRACK500_20160222_115714_1281_721_jpg.rf.7b386d00bdc0fcb8a7ac9e53bc3dfec7.jpg,test,crack500_20160222_115714_1281_721_jpg,192,192,128,220a59ce7571e360d26e3d8d0f82e1fedf7d83efb0627331044562203f19d96a
53,images/test/CRACK500_20160222_115738_1281_721_jpg.rf.75dedc5f5d2ab66314abe1377a3287b1.jpg,test,crack500_20160222_115738_1281_721_jpg,96,96,128,d11a10c680dcbe488da7d945506003c148eecc7d3ad228879f3a2aa82002f7c0
54,images/test/CRACK500_20160222_115738_1281_721_jpg.rf.75dedc5f5d2ab66314abe1377a3287b1.jpg,test,crack500_20160222_115738_1281_721_jpg,192,96,128,d11a10c680dcbe488da7d945506003c148eecc7d3ad228879f3a2aa82002f7c0
55,images/test/CRACK500_20160222_115738_1281_721_jpg.rf.75dedc5f5d2ab66314abe1377a3287b1.jpg,test,crack500_20160222_115738_1281_721_jpg,96,192,128,d11a10c680dcbe488da7d945506003c148eecc7d3ad228879f3a2aa82002f7c0
56,images/test/CRACK500_20160222_115738_1281_721_jpg.rf.75dedc5f5d2ab66314abe1377a3287b1.jpg,test,crack500_20160222_115738_1281_721_jpg,192,192,128,d11a10c680dcbe488da7d945506003c148eecc7d3ad228879f3a2aa82002f7c0
57,images/test/CRACK500_20160222_115805_641_1081_jpg.rf.4134228ed726a2164710afce71c30aef.jpg,test,crack500_20160222_115805_641_1081_jpg,96,96,128,3f8b3884422daa155a566b32d7bb2af12b25ce14f1bed8fe595df52ab34a5230
58,images/test/CRACK500_20160222_115805_641_1081_jpg.rf.4134228ed726a2164710afce71c30aef.jpg,test,crack500_20160222_115805_641_1081_jpg,192,96,128,3f8b3884422daa155a566b32d7bb2af12b25ce14f1bed8fe595df52ab34a5230
59,images/test/CRACK500_20160222_115805_641_1081_jpg.rf.4134228ed726a2164710afce71c30aef.jpg,test,crack500_20160222_115805_641_1081_jpg,96,192,128,3f8b3884422daa155a566b32d7bb2af12b25ce14f1bed8fe595df52ab34a5230
60,images/test/CRACK500_20160222_115805_641_1081_jpg.rf.4134228ed726a2164710afce71c30aef.jpg,test,crack500_20160222_115805_641_1081_jpg,192,192,128,3f8b3884422daa155a566b32d7bb2af12b25ce14f1bed8fe595df52ab34a5230
61,images/test/CRACK500_20160222_115833_1281_1081_jpg.rf.0b078a6d5376b8c0986d77291f8b97b0.jpg,test,crack500_20160222_115833_1281_1081_jpg,96,96,128,398b15d23949bb650b365cf12849301402acee3198299cdf6360d6597547736e
62,images/test/CRACK500_20160222_115833_1281_1081_jpg.rf.0b078a6d5376b8c0986d77291f8b97b0.jpg,test,crack500_20160222_115833_1281_1081_jpg,96,192,128,398b15d23949bb650b365cf12849301402acee3198299cdf6360d6597547736e
63,images/test/CRACK500_20160222_115847_1281_1_jpg.rf.864b4f9c17b8c594348b0ae9d6d599a9.jpg,test,crack500_20160222_115847_1281_1_jpg,192,96,128,59b00aaa533e0d15a0fb070d7ba29aad14e7eafc9c114fe32340fcc73394d528
64,images/test/CRACK500_20160222_115847_1281_1_jpg.rf.864b4f9c17b8c594348b0ae9d6d599a9.jpg,test,crack500_20160222_115847_1281_1_jpg,192,192,128,59b00aaa533e0d15a0fb070d7ba29aad14e7eafc9c114fe32340fcc73394d528
65,images/test/CRACK500_20160222_115858_641_1081_jpg.rf.e77a7891079a19978f3077311bf7cc6d.jpg,test,crack500_20160222_115858_641_1081_jpg,96,96,128,40367a2cecc1388e555052a68fb573b94bb764a72458bfba4a7a2ebc957c4e5f
66,images/test/CRACK500_20160222_115858_641_1081_jpg.rf.e77a7891079a19978f3077311bf7cc6d.jpg,test,crack500_20160222_115858_641_1081_jpg,96,192,128,40367a2cecc1388e555052a68fb573b94bb764a72458bfba4a7a2ebc957c4e5f
67,images/test/CRACK500_20160222_115858_641_721_jpg.rf.dd0ab0bb8d6c0391f0b40284ee2739d3.jpg,test,crack500_20160222_115858_641_721_jpg,96,96,128,e1b4d77741a9a963c8e861b9b9e31b8741a779818f2b7b1c954b9ba558c86ba2
68,images/test/CRACK500_20160222_115858_641_721_jpg.rf.dd0ab0bb8d6c0391f0b40284ee2739d3.jpg,test,crack500_20160222_115858_641_721_jpg,192,96,128,e1b4d77741a9a963c8e861b9b9e31b8741a779818f2b7b1c954b9ba558c86ba2
69,images/test/CRACK500_20160222_115858_641_721_jpg.rf.dd0ab0bb8d6c0391f0b40284ee2739d3.jpg,test,crack500_20160222_115858_641_721_jpg,96,192,128,e1b4d77741a9a963c8e861b9b9e31b8741a779818f2b7b1c954b9ba558c86ba2
70,images/test/CRACK500_20160222_115858_641_721_jpg.rf.dd0ab0bb8d6c0391f0b40284ee2739d3.jpg,test,crack500_20160222_115858_641_721_jpg,192,192,128,e1b4d77741a9a963c8e861b9b9e31b8741a779818f2b7b1c954b9ba558c86ba2
71,images/test/CRACK500_20160222_164822_1281_361_jpg.rf.d88195466f09e9836a689f8668a7a2de.jpg,test,crack500_20160222_164822_1281_361_jpg,96,96,128,b119cf4c848ec3d06206f249948cd37804ace534944124a1984a6d3392cbaacd
72,images/test/CRACK500_20160222_164822_1281_361_jpg.rf.d88195466f09e9836a689f8668a7a2de.jpg,test,crack500_20160222_164822_1281_361_jpg,192,96,128,b119cf4c848ec3d06206f249948cd37804ace534944124a1984a6d3392cbaacd
73,images/test/CRACK500_20160222_164822_1281_361_jpg.rf.d88195466f09e9836a689f8668a7a2de.jpg,test,crack500_20160222_164822_1281_361_jpg,96,192,128,b119cf4c848ec3d06206f249948cd37804ace534944124a1984a6d3392cbaacd
74,images/test/CRACK500_20160222_164822_1281_361_jpg.rf.d88195466f09e9836a689f8668a7a2de.jpg,test,crack500_20160222_164822_1281_361_jpg,192,192,128,b119cf4c848ec3d06206f249948cd37804ace534944124a1984a6d3392cbaacd
75,images/test/CRACK500_20160222_164822_641_1081_jpg.rf.d04df0057225506a702e5702c302bd73.jpg,test,crack500_20160222_164822_641_1081_jpg,96,96,128,ddd43afe64d12e7ee1bb31db0a84ecad414a77be9c1757b7204fded341991fa8
76,images/test/CRACK500_20160222_164822_641_1081_jpg.rf.d04df0057225506a702e5702c302bd73.jpg,test,crack500_20160222_164822_641_1081_jpg,96,192,128,ddd43afe64d12e7ee1bb31db0a84ecad414a77be9c1757b7204fded341991fa8
77,images/test/CRACK500_20160222_164822_641_721_jpg.rf.cc27d31441f74cb7e0b6813d34df4e78.jpg,test,crack500_20160222_164822_641_721_jpg,96,96,128,4de996085f6a66a7f4ed818ba92703f2e7a31dd192bf7338587bccf915c042f5
78,images/test/CRACK500_20160222_164822_641_721_jpg.rf.cc27d31441f74cb7e0b6813d34df4e78.jpg,test,crack500_20160222_164822_641_721_jpg,192,96,128,4de996085f6a66a7f4ed818ba92703f2e7a31dd192bf7338587bccf915c042f5
79,images/test/CRACK500_20160222_164822_641_721_jpg.rf.cc27d31441f74cb7e0b6813d34df4e78.jpg,test,crack500_20160222_164822_641_721_jpg,96,192,128,4de996085f6a66a7f4ed818ba92703f2e7a31dd192bf7338587bccf915c042f5
80,images/test/CRACK500_20160222_164822_641_721_jpg.rf.cc27d31441f74cb7e0b6813d34df4e78.jpg,test,crack500_20160222_164822_641_721_jpg,192,192,128,4de996085f6a66a7f4ed818ba92703f2e7a31dd192bf7338587bccf915c042f5
81,images/test/CRACK500_20160222_164825_1281_721_jpg.rf.b50099254fdb63c22d941ac7c3550a20.jpg,test,crack500_20160222_164825_1281_721_jpg,192,96,128,748975867995cfb160d0916acd96c1166e711e788a6861f6232400c6b46ae6db
82,images/test/CRACK500_20160222_164825_1281_721_jpg.rf.b50099254fdb63c22d941ac7c3550a20.jpg,test,crack500_20160222_164825_1281_721_jpg,96,192,128,748975867995cfb160d0916acd96c1166e711e788a6861f6232400c6b46ae6db
83,images/test/CRACK500_20160222_164825_1281_721_jpg.rf.b50099254fdb63c22d941ac7c3550a20.jpg,test,crack500_20160222_164825_1281_721_jpg,192,192,128,748975867995cfb160d0916acd96c1166e711e788a6861f6232400c6b46ae6db
84,images/test/CRACK500_20160222_164825_641_1081_jpg.rf.7b2d32acb40bd685574c0bb49521834e.jpg,test,crack500_20160222_164825_641_1081_jpg,192,96,128,eb1ec852cd29381d216ad0393440a7e057f96c88b965599d9665028e657489f8
85,images/test/CRACK500_20160222_164825_641_1081_jpg.rf.7b2d32acb40bd685574c0bb49521834e.jpg,test,crack500_20160222_164825_641_1081_jpg,192,192,128,eb1ec852cd29381d216ad0393440a7e057f96c88b965599d9665028e657489f8
86,images/test/CRACK500_20160222_164851_1281_1081_jpg.rf.e791dbc0c59c938eb66407850a1fae5b.jpg,test,crack500_20160222_164851_1281_1081_jpg,96,96,128,44466e17b7534494987e11cd747794f490928bb7da7bda88cbdbfdd546e4b9ff
87,images/test/CRACK500_20160222_164851_1281_1081_jpg.rf.e791dbc0c59c938eb66407850a1fae5b.jpg,test,crack500_20160222_164851_1281_1081_jpg,192,96,128,44466e17b7534494987e11cd747794f490928bb7da7bda88cbdbfdd546e4b9ff
88,images/test/CRACK500_20160222_164851_1281_1081_jpg.rf.e791dbc0c59c938eb66407850a1fae5b.jpg,test,crack500_20160222_164851_1281_1081_jpg,96,192,128,44466e17b7534494987e11cd747794f490928bb7da7bda88cbdbfdd546e4b9ff
89,images/test/CRACK500_20160222_164851_1281_1081_jpg.rf.e791dbc0c59c938eb66407850a1fae5b.jpg,test,crack500_20160222_164851_1281_1081_jpg,192,192,128,44466e17b7534494987e11cd747794f490928bb7da7bda88cbdbfdd546e4b9ff
90,images/test/CRACK500_20160222_164920_641_361_jpg.rf.a456b5e41714a271b3e491eff914d3c9.jpg,test,crack500_20160222_164920_641_361_jpg,96,96,128,8c94ee4f2f8bd5935c01ae51a02c3474434bdcc9a61a0639348f0195e519a680
91,images/test/CRACK500_20160222_164920_641_361_jpg.rf.a456b5e41714a271b3e491eff914d3c9.jpg,test,crack500_20160222_164920_641_361_jpg,192,96,128,8c94ee4f2f8bd5935c01ae51a02c3474434bdcc9a61a0639348f0195e519a680
92,images/test/CRACK500_20160222_164920_641_361_jpg.rf.a456b5e41714a271b3e491eff914d3c9.jpg,test,crack500_20160222_164920_641_361_jpg,96,192,128,8c94ee4f2f8bd5935c01ae51a02c3474434bdcc9a61a0639348f0195e519a680
93,images/test/CRACK500_20160222_164920_641_361_jpg.rf.a456b5e41714a271b3e491eff914d3c9.jpg,test,crack500_20160222_164920_641_361_jpg,192,192,128,8c94ee4f2f8bd5935c01ae51a02c3474434bdcc9a61a0639348f0195e519a680
94,images/test/CRACK500_20160222_165012_1281_1_jpg.rf.426f50094dc8c79608b5439b4b523515.jpg,test,crack500_20160222_165012_1281_1_jpg,96,96,128,fbb4b68257c87fe26f8feebe67d0e06d1916625e246fa12158c7a3b50a5de088
95,images/test/CRACK500_20160222_165012_1281_1_jpg.rf.426f50094dc8c79608b5439b4b523515.jpg,test,crack500_20160222_165012_1281_1_jpg,192,96,128,fbb4b68257c87fe26f8feebe67d0e06d1916625e246fa12158c7a3b50a5de088
96,images/test/CRACK500_20160222_165012_1281_1_jpg.rf.426f50094dc8c79608b5439b4b523515.jpg,test,crack500_20160222_165012_1281_1_jpg,96,192,128,fbb4b68257c87fe26f8feebe67d0e06d1916625e246fa12158c7a3b50a5de088
97,images/test/CRACK500_20160222_165012_1281_1_jpg.rf.426f50094dc8c79608b5439b4b523515.jpg,test,crack500_20160222_165012_1281_1_jpg,192,192,128,fbb4b68257c87fe26f8feebe67d0e06d1916625e246fa12158c7a3b50a5de088
98,images/test/CRACK500_20160222_165012_641_1_jpg.rf.06e276fd6fb96a4b12c200602998d2c6.jpg,test,crack500_20160222_165012_641_1_jpg,96,96,128,9facc7c0565ad0cd961bc639e1cac42c507747106057f67216165e72533f40c2
99,images/test/CRACK500_20160222_165012_641_1_jpg.rf.06e276fd6fb96a4b12c200602998d2c6.jpg,test,crack500_20160222_165012_641_1_jpg,192,96,128,9facc7c0565ad0cd961bc639e1cac42c507747106057f67216165e72533f40c2
100,images/test/CRACK500_20160222_165012_641_1_jpg.rf.06e276fd6fb96a4b12c200602998d2c6.jpg,test,crack500_20160222_165012_641_1_jpg,96,192,128,9facc7c0565ad0cd961bc639e1cac42c507747106057f67216165e72533f40c2
101,images/test/CRACK500_20160222_165012_641_1_jpg.rf.06e276fd6fb96a4b12c200602998d2c6.jpg,test,crack500_20160222_165012_641_1_jpg,192,192,128,9facc7c0565ad0cd961bc639e1cac42c507747106057f67216165e72533f40c2
102,images/test/CRACK500_20160222_165012_641_721_jpg.rf.8245e3bc7fb02c6e95bdf80ee7c7e112.jpg,test,crack500_20160222_165012_641_721_jpg,96,96,128,051a378119b2430045358aab6bc881a04a347dfb5c3c76fdf3c83981f70cd960
103,images/test/CRACK500_20160222_165012_641_721_jpg.rf.8245e3bc7fb02c6e95bdf80ee7c7e112.jpg,test,crack500_20160222_165012_641_721_jpg,96,192,128,051a378119b2430045358aab6bc881a04a347dfb5c3c76fdf3c83981f70cd960
104,images/test/CRACK500_20160222_165031_641_721_jpg.rf.a631884923a6439cc5091c83f1df6821.jpg,test,crack500_20160222_165031_641_721_jpg,96,96,128,07188332481a85a8f426167b88df11eb007a9eaad671af187a941aecdc87e070
105,images/test/CRACK500_20160222_165031_641_721_jpg.rf.a631884923a6439cc5091c83f1df6821.jpg,test,crack500_20160222_165031_641_721_jpg,96,192,128,07188332481a85a8f426167b88df11eb007a9eaad671af187a941aecdc87e070
106,images/test/CRACK500_20160222_165037_1921_721_jpg.rf.0b82f2c03afc720d573601f0a6dd002d.jpg,test,crack500_20160222_165037_1921_721_jpg,192,96,128,af5e93d9bb34030089030466e95fc244b7b7620cf22e15225e5c2db3be3ed69b
107,images/test/CRACK500_20160222_165037_1921_721_jpg.rf.0b82f2c03afc720d573601f0a6dd002d.jpg,test,crack500_20160222_165037_1921_721_jpg,96,192,128,af5e93d9bb34030089030466e95fc244b7b7620cf22e15225e5c2db3be3ed69b
108,images/test/CRACK500_20160222_165037_1921_721_jpg.rf.0b82f2c03afc720d573601f0a6dd002d.jpg,test,crack500_20160222_165037_1921_721_jpg,192,192,128,af5e93d9bb34030089030466e95fc244b7b7620cf22e15225e5c2db3be3ed69b
109,images/test/CRACK500_20160222_165225_1_361_jpg.rf.055ab7a9eb19ade28d52ab74912c8d98.jpg,test,crack500_20160222_165225_1_361_jpg,96,96,128,9455f2e9978816bfa4debba99edd5c43898f05aac8fd9c535cbc9a4856caa83e
110,images/test/CRACK500_20160222_165225_1_361_jpg.rf.055ab7a9eb19ade28d52ab74912c8d98.jpg,test,crack500_20160222_165225_1_361_jpg,192,96,128,9455f2e9978816bfa4debba99edd5c43898f05aac8fd9c535cbc9a4856caa83e
111,images/test/CRACK500_20160222_165402_1281_1_jpg.rf.4e2efbdf63184335d83d2788edc29ddf.jpg,test,crack500_20160222_165402_1281_1_jpg,192,96,128,2a567317bd6b095e09a3bfbc69d43fd96554effa5cc4a9eddc3ed90443ca1eea
112,images/test/CRACK500_20160222_165402_1281_1_jpg.rf.4e2efbdf63184335d83d2788edc29ddf.jpg,test,crack500_20160222_165402_1281_1_jpg,192,192,128,2a567317bd6b095e09a3bfbc69d43fd96554effa5cc4a9eddc3ed90443ca1eea
113,images/test/CRACK500_20160222_165402_641_1081_jpg.rf.08038fb9a40ca902019c8587326e3d36.jpg,test,crack500_20160222_165402_641_1081_jpg,96,96,128,e7e8c9df03096d694c76cface11721f4524a807747b0aaa9372e26d5fa70f72f
114,images/test/CRACK500_20160222_165402_641_1081_jpg.rf.08038fb9a40ca902019c8587326e3d36.jpg,test,crack500_20160222_165402_641_1081_jpg,192,96,128,e7e8c9df03096d694c76cface11721f4524a807747b0aaa9372e26d5fa70f72f
115,images/test/CRACK500_20160222_165402_641_1081_jpg.rf.08038fb9a40ca902019c8587326e3d36.jpg,test,crack500_20160222_165402_641_1081_jpg,96,192,128,e7e8c9df03096d694c76cface11721f4524a807747b0aaa9372e26d5fa70f72f
116,images/test/CRACK500_20160222_165402_641_1081_jpg.rf.08038fb9a40ca902019c8587326e3d36.jpg,test,crack500_20160222_165402_641_1081_jpg,192,192,128,e7e8c9df03096d694c76cface11721f4524a807747b0aaa9372e26d5fa70f72f
117,images/test/CRACK500_20160222_165625_1921_721_jpg.rf.ddd19d23577a3ad5ab6a51b5e3b775dc.jpg,test,crack500_20160222_165625_1921_721_jpg,96,96,128,7909732212c95c5c7599dfb2b73468cddd11bb5b02b9e53ba121fbfb835c9cc8
118,images/test/CRACK500_20160222_165625_1921_721_jpg.rf.ddd19d23577a3ad5ab6a51b5e3b775dc.jpg,test,crack500_20160222_165625_1921_721_jpg,192,96,128,7909732212c95c5c7599dfb2b73468cddd11bb5b02b9e53ba121fbfb835c9cc8
119,images/test/CRACK500_20160222_165625_1921_721_jpg.rf.ddd19d23577a3ad5ab6a51b5e3b775dc.jpg,test,crack500_20160222_165625_1921_721_jpg,96,192,128,7909732212c95c5c7599dfb2b73468cddd11bb5b02b9e53ba121fbfb835c9cc8
120,images/test/CRACK500_20160222_165625_1921_721_jpg.rf.ddd19d23577a3ad5ab6a51b5e3b775dc.jpg,test,crack500_20160222_165625_1921_721_jpg,192,192,128,7909732212c95c5c7599dfb2b73468cddd11bb5b02b9e53ba121fbfb835c9cc8
121,images/test/CRACK500_20160222_165625_1_721_jpg.rf.3cd0048bba65db47eee2b2075321b288.jpg,test,crack500_20160222_165625_1_721_jpg,96,192,128,72039bb44cd96be8ea1f769baae8ae3ac43636fe210849234b4307a05844004a
122,images/test/CRACK500_20160222_165625_1_721_jpg.rf.3cd0048bba65db47eee2b2075321b288.jpg,test,crack500_20160222_165625_1_721_jpg,192,192,128,72039bb44cd96be8ea1f769baae8ae3ac43636fe210849234b4307a05844004a
123,images/test/CRACK500_20160222_165625_641_361_jpg.rf.0d830b498bd38c8a983f5e96dd567073.jpg,test,crack500_20160222_165625_641_361_jpg,96,96,128,0a355d71bfc40fadb3d549031c26458c7267a40ca7bc2f5f4b3b3f85732d9b4f
124,images/test/CRACK500_20160222_165625_641_361_jpg.rf.0d830b498bd38c8a983f5e96dd567073.jpg,test,crack500_20160222_165625_641_361_jpg,192,96,128,0a355d71bfc40fadb3d549031c26458c7267a40ca7bc2f5f4b3b3f85732d9b4f
125,images/test/CRACK500_20160222_165625_641_361_jpg.rf.0d830b498bd38c8a983f5e96dd567073.jpg,test,crack500_20160222_165625_641_361_jpg,96,192,128,0a355d71bfc40fadb3d549031c26458c7267a40ca7bc2f5f4b3b3f85732d9b4f
126,images/test/CRACK500_20160222_165625_641_361_jpg.rf.0d830b498bd38c8a983f5e96dd567073.jpg,test,crack500_20160222_165625_641_361_jpg,192,192,128,0a355d71bfc40fadb3d549031c26458c7267a40ca7bc2f5f4b3b3f85732d9b4f
127,images/test/CRACK500_20160222_165625_641_721_jpg.rf.b922c6a2e13c806a55d6f9673c9078f5.jpg,test,crack500_20160222_165625_641_721_jpg,96,192,128,48bd0a3d543b48dd4608dd750fb6427a7b29687b613c8b4bdd2d8b6e53871da2
128,images/test/CRACK500_20160222_165625_641_721_jpg.rf.b922c6a2e13c806a55d6f9673c9078f5.jpg,test,crack500_20160222_165625_641_721_jpg,192,192,128,48bd0a3d543b48dd4608dd750fb6427a7b29687b613c8b4bdd2d8b6e53871da2
129,images/test/CRACK500_20160222_165715_1281_361_jpg.rf.f8e424def4b441db784e94b9e70b450d.jpg,test,crack500_20160222_165715_1281_361_jpg,96,96,128,7c5505e7c84cb737d31685fae00fec08c2292fcea78905cbac02b45cf145c5df
130,images/test/CRACK500_20160222_165715_1281_361_jpg.rf.f8e424def4b441db784e94b9e70b450d.jpg,test,crack500_20160222_165715_1281_361_jpg,192,96,128,7c5505e7c84cb737d31685fae00fec08c2292fcea78905cbac02b45cf145c5df
131,images/test/CRACK500_20160222_165715_641_721_jpg.rf.6f0deaac62e0271c484f250bdcdb1a0b.jpg,test,crack500_20160222_165715_641_721_jpg,96,192,128,0093e6c776890416f88f29f12ce18bce930e66674ffe10c7cee3d13db899ee92
132,images/test/CRACK500_20160222_165715_641_721_jpg.rf.6f0deaac62e0271c484f250bdcdb1a0b.jpg,test,crack500_20160222_165715_641_721_jpg,192,192,128,0093e6c776890416f88f29f12ce18bce930e66674ffe10c7cee3d13db899ee92
133,images/test/CRACK500_20160222_165909_1281_721_jpg.rf.e3a677cf4f46eaa50a41c03585f25074.jpg,test,crack500_20160222_165909_1281_721_jpg,96,96,128,71e3658f16a1901b199408f3330a870ad7b772ea3b008224138671122f9f3bd2
134,images/test/CRACK500_20160222_165909_1281_721_jpg.rf.e3a677cf4f46eaa50a41c03585f25074.jpg,test,crack500_20160222_165909_1281_721_jpg,192,96,128,71e3658f16a1901b199408f3330a870ad7b772ea3b008224138671122f9f3bd2
135,images/test/CRACK500_20160222_165909_1281_721_jpg.rf.e3a677cf4f46eaa50a41c03585f25074.jpg,test,crack500_20160222_165909_1281_721_jpg,96,192,128,71e3658f16a1901b199408f3330a870ad7b772ea3b008224138671122f9f3bd2
136,images/test/CRACK500_20160222_165909_1281_721_jpg.rf.e3a677cf4f46eaa50a41c03585f25074.jpg,test,crack500_20160222_165909_1281_721_jpg,192,192,128,71e3658f16a1901b199408f3330a870ad7b772ea3b008224138671122f9f3bd2
137,images/test/CRACK500_20160222_165919_1281_1_jpg.rf.986d216aff101d907f9bd2d3a67d42a7.jpg,test,crack500_20160222_165919_1281_1_jpg,96,96,128,edc67352b8a79494d59def114f320f29efc6b2bd9fc937bff21c82a362db6298
138,images/test/CRACK500_20160222_165919_1281_1_jpg.rf.986d216aff101d907f9bd2d3a67d42a7.jpg,test,crack500_20160222_165919_1281_1_jpg,192,96,128,edc67352b8a79494d59def114f320f29efc6b2bd9fc937bff21c82a362db6298
139,images/test/CRACK500_20160222_165919_1281_1_jpg.rf.986d216aff101d907f9bd2d3a67d42a7.jpg,test,crack500_20160222_165919_1281_1_jpg,96,192,128,edc67352b8a79494d59def114f320f29efc6b2bd9fc937bff21c82a362db6298
140,images/test/CRACK500_20160222_165919_1281_1_jpg.rf.986d216aff101d907f9bd2d3a67d42a7.jpg,test,crack500_20160222_165919_1281_1_jpg,192,192,128,edc67352b8a79494d59def114f320f29efc6b2bd9fc937bff21c82a362db6298
141,images/test/CRACK500_20160222_165919_1281_721_jpg.rf.7e877be4236202f52c76ca6a12a963ad.jpg,test,crack500_20160222_165919_1281_721_jpg,96,192,128,bc0eafbed11faf7471980c22c3674036807063707085ef53eaf04b116200b8db
142,images/test/CRACK500_20160222_165919_1281_721_jpg.rf.7e877be4236202f52c76ca6a12a963ad.jpg,test,crack500_20160222_165919_1281_721_jpg,192,192,128,bc0eafbed11faf7471980c22c3674036807063707085ef53eaf04b116200b8db
143,images/test/CRACK500_20160222_165919_1_361_jpg.rf.cbefed65011f54dea29395a7e1c002f9.jpg,test,crack500_20160222_165919_1_361_jpg,96,96,128,6071f7bf313a0645e570114d1efd603faf99adf79b18488093a94123f0c272bd
144,images/test/CRACK500_20160222_165919_1_361_jpg.rf.cbefed65011f54dea29395a7e1c002f9.jpg,test,crack500_20160222_165919_1_361_jpg,192,96,128,6071f7bf313a0645e570114d1efd603faf99adf79b18488093a94123f0c272bd
145,images/test/CRACK500_20160222_165919_1_361_jpg.rf.cbefed65011f54dea29395a7e1c002f9.jpg,test,crack500_20160222_165919_1_361_jpg,96,192,128,6071f7bf313a0645e570114d1efd603faf99adf79b18488093a94123f0c272bd
146,images/test/CRACK500_20160222_165919_1_361_jpg.rf.cbefed65011f54dea29395a7e1c002f9.jpg,test,crack500_20160222_165919_1_361_jpg,192,192,128,6071f7bf313a0645e570114d1efd603faf99adf79b18488093a94123f0c272bd
147,images/test/CRACK500_20160222_165919_641_721_jpg.rf.55528364c34183de2720cca2bec9b910.jpg,test,crack500_20160222_165919_641_721_jpg,192,192,128,af65a8cd9ca7db0bdaccec7b3706f95f06e1735f95e837e9215876a345b1ba7c
148,images/test/CRACK500_20160222_165926_1281_361_jpg.rf.f8a1a5b684d3485dc1c9b900ce09cd3a.jpg,test,crack500_20160222_165926_1281_361_jpg,96,96,128,d1ce030cbb5fe07edc7b98b51a4eb82ecc87290671621b818dbe0d61cd9fb19d
149,images/test/CRACK500_20160222_165926_1281_361_jpg.rf.f8a1a5b684d3485dc1c9b900ce09cd3a.jpg,test,crack500_20160222_165926_1281_361_jpg,192,96,128,d1ce030cbb5fe07edc7b98b51a4eb82ecc87290671621b818dbe0d61cd9fb19d
150,images/test/CRACK500_20160222_165926_1281_361_jpg.rf.f8a1a5b684d3485dc1c9b900ce09cd3a.jpg,test,crack500_20160222_165926_1281_361_jpg,96,192,128,d1ce030cbb5fe07edc7b98b51a4eb82ecc87290671621b818dbe0d61cd9fb19d
151,images/test/CRACK500_20160222_165926_1281_361_jpg.rf.f8a1a5b684d3485dc1c9b900ce09cd3a.jpg,test,crack500_20160222_165926_1281_361_jpg,192,192,128,d1ce030cbb5fe07edc7b98b51a4eb82ecc87290671621b818dbe0d61cd9fb19d
152,images/test/CRACK500_20160222_165926_641_1_jpg.rf.3aff22de32379ed247fb65d0e7bd94f3.jpg,test,crack500_20160222_165926_641_1_jpg,96,96,128,43085fbf7d1241463ca60989c10296836b4811e40c71d83e0ccad67aa4e247a0
153,images/test/CRACK500_20160222_165926_641_1_jpg.rf.3aff22de32379ed247fb65d0e7bd94f3.jpg,test,crack500_20160222_165926_641_1_jpg,192,96,128,43085fbf7d1241463ca60989c10296836b4811e40c71d83e0ccad67aa4e247a0
154,images/test/CRACK500_20160222_165926_641_1_jpg.rf.3aff22de32379ed247fb65d0e7bd94f3.jpg,test,crack500_20160222_165926_641_1_jpg,96,192,128,43085fbf7d1241463ca60989c10296836b4811e40c71d83e0ccad67aa4e247a0
155,images/test/CRACK500_20160222_165926_641_1_jpg.rf.3aff22de32379ed247fb65d0e7bd94f3.jpg,test,crack500_20160222_165926_641_1_jpg,192,192,128,43085fbf7d1241463ca60989c10296836b4811e40c71d83e0ccad67aa4e247a0
156,images/test/CRACK500_20160222_165926_641_361_jpg.rf.4b5b56c1f949560f35809f7d6ac01e85.jpg,test,crack500_20160222_165926_641_361_jpg,96,96,128,754b55159868389446958cb77ac60a674f282b412e02de1dc0ca2ec58438a7e8
157,images/test/CRACK500_20160222_165926_641_361_jpg.rf.4b5b56c1f949560f35809f7d6ac01e85.jpg,test,crack500_20160222_165926_641_361_jpg,192,96,128,754b55159868389446958cb77ac60a674f282b412e02de1dc0ca2ec58438a7e8
158,images/test/CRACK500_20160222_165926_641_361_jpg.rf.4b5b56c1f949560f35809f7d6ac01e85.jpg,test,crack500_20160222_165926_641_361_jpg,96,192,128,754b55159868389446958cb77ac60a674f282b412e02de1dc0ca2ec58438a7e8
159,images/test/CRACK500_20160225_114531_1921_721_jpg.rf.27940b04c20c9a65fffb3738877b134d.jpg,test,crack500_20160225_114531_1921_721_jpg,96,96,128,8f6ef4c79870dafb293e2a9380bbd9d42affb6413921b9c1ad36bd944a038aed
160,images/test/CRACK500_20160225_114531_1921_721_jpg.rf.27940b04c20c9a65fffb3738877b134d.jpg,test,crack500_20160225_114531_1921_721_jpg,192,96,128,8f6ef4c79870dafb293e2a9380bbd9d42affb6413921b9c1ad36bd944a038aed
161,images/test/CRACK500_20160225_114531_1921_721_jpg.rf.27940b04c20c9a65fffb3738877b134d.jpg,test,crack500_20160225_114531_1921_721_jpg,96,192,128,8f6ef4c79870dafb293e2a9380bbd9d42affb6413921b9c1ad36bd944a038aed
162,images/test/CRACK500_20160225_114531_1921_721_jpg.rf.27940b04c20c9a65fffb3738877b134d.jpg,test,crack500_20160225_114531_1921_721_jpg,192,192,128,8f6ef4c79870dafb293e2a9380bbd9d42affb6413921b9c1ad36bd944a038aed
163,images/test/CRACK500_20160302_155914_361_641_jpg.rf.b6d76d1285810b3fdc94859f25db4eff.jpg,test,crack500_20160302_155914_361_641_jpg,96,96,128,74ba761c55b0006292a0b6bae6bc23688bcf7a15a590a456b99b85577642c9cc
164,images/test/CRACK500_20160302_155914_361_641_jpg.rf.b6d76d1285810b3fdc94859f25db4eff.jpg,test,crack500_20160302_155914_361_641_jpg,192,96,128,74ba761c55b0006292a0b6bae6bc23688bcf7a15a590a456b99b85577642c9cc
165,images/test/CRACK500_20160302_155914_361_641_jpg.rf.b6d76d1285810b3fdc94859f25db4eff.jpg,test,crack500_20160302_155914_361_641_jpg,96,192,128,74ba761c55b0006292a0b6bae6bc23688bcf7a15a590a456b99b85577642c9cc
166,images/test/CRACK500_20160302_155919_1281_361_jpg.rf.72d509c079016245132f776fd7f26a2a.jpg,test,crack500_20160302_155919_1281_361_jpg,96,96,128,0ec01377686e9e341ba11985a34f1be3215683d5ab31a84fdd1b4a7e6fb8682c
167,images/test/CRACK500_20160302_155919_1281_361_jpg.rf.72d509c079016245132f776fd7f26a2a.jpg,test,crack500_20160302_155919_1281_361_jpg,192,96,128,0ec01377686e9e341ba11985a34f1be3215683d5ab31a84fdd1b4a7e6fb8682c
168,images/test/CRACK500_20160302_155919_1281_361_jpg.rf.72d509c079016245132f776fd7f26a2a.jpg,test,crack500_20160302_155919_1281_361_jpg,96,192,128,0ec01377686e9e341ba11985a34f1be3215683d5ab31a84fdd1b4a7e6fb8682c
169,images/test/CRACK500_20160302_155919_1281_361_jpg.rf.72d509c079016245132f776fd7f26a2a.jpg,test,crack500_20160302_155919_1281_361_jpg,192,192,128,0ec01377686e9e341ba11985a34f1be3215683d5ab31a84fdd1b4a7e6fb8682c
170,images/test/CRACK500_20160302_160033_1921_721_jpg.rf.3c24204733168af7e87af9ea8fe2dfbc.jpg,test,crack500_20160302_160033_1921_721_jpg,96,192,128,6eae52212197dd55105cdb00b8c096c8895d0b1bd9acf7cb542215100322a3eb
171,images/test/CRACK500_20160302_160033_1921_721_jpg.rf.3c24204733168af7e87af9ea8fe2dfbc.jpg,test,crack500_20160302_160033_1921_721_jpg,192,192,128,6eae52212197dd55105cdb00b8c096c8895d0b1bd9acf7cb542215100322a3eb
172,images/test/CRACK500_20160303_091825_641_1081_jpg.rf.b4d7109db741823b2fc4b3ecc1cdf779.jpg,test,crack500_20160303_091825_641_1081_jpg,96,96,128,e82792c7bd5c1f098be0ddeefa5a10bd0bdeb0858200af9b61b7f3ab3449c063
173,images/test/CRACK500_20160303_091825_641_1081_jpg.rf.b4d7109db741823b2fc4b3ecc1cdf779.jpg,test,crack500_20160303_091825_641_1081_jpg,96,192,128,e82792c7bd5c1f098be0ddeefa5a10bd0bdeb0858200af9b61b7f3ab3449c063
174,images/test/CRACK500_20160303_092627_641_361_jpg.rf.ebfcb6c9705da2ffc8cc7023f0243c72.jpg,test,crack500_20160303_092627_641_361_jpg,96,96,128,362c3a4e6930d26e9adf514e0ffe5b8dacdfc758ab02e2222682dcd364c09d19
175,images/test/CRACK500_20160303_092627_641_361_jpg.rf.ebfcb6c9705da2ffc8cc7023f0243c72.jpg,test,crack500_20160303_092627_641_361_jpg,192,96,128,362c3a4e6930d26e9adf514e0ffe5b8dacdfc758ab02e2222682dcd364c09d19
176,images/test/CRACK500_20160303_092627_641_361_jpg.rf.ebfcb6c9705da2ffc8cc7023f0243c72.jpg,test,crack500_20160303_092627_641_361_jpg,96,192,128,362c3a4e6930d26e9adf514e0ffe5b8dacdfc758ab02e2222682dcd364c09d19
177,images/test/CRACK500_20160303_092627_641_361_jpg.rf.ebfcb6c9705da2ffc8cc7023f0243c72.jpg,test,crack500_20160303_092627_641_361_jpg,192,192,128,362c3a4e6930d26e9adf514e0ffe5b8dacdfc758ab02e2222682dcd364c09d19
178,images/test/CRACK500_20160303_092806_1_721_jpg.rf.be07c46b3d15afb3003ad63da89e27bc.jpg,test,crack500_20160303_092806_1_721_jpg,96,96,128,53a25f41630fca18c1fe2e93f686ff3dd0d78d35768a348338fe547a040f40e5
179,images/test/CRACK500_20160303_092806_1_721_jpg.rf.be07c46b3d15afb3003ad63da89e27bc.jpg,test,crack500_20160303_092806_1_721_jpg,192,96,128,53a25f41630fca18c1fe2e93f686ff3dd0d78d35768a348338fe547a040f40e5
180,images/test/CRACK500_20160303_092806_1_721_jpg.rf.be07c46b3d15afb3003ad63da89e27bc.jpg,test,crack500_20160303_092806_1_721_jpg,96,192,128,53a25f41630fca18c1fe2e93f686ff3dd0d78d35768a348338fe547a040f40e5
181,images/test/CRACK500_20160303_093353_1281_721_jpg.rf.6e67fd7877f5e4f818e2ea23103fa614.jpg,test,crack500_20160303_093353_1281_721_jpg,96,192,128,7a9667cd44001b77b3b5f5471c34a4afa4854e3c1a3d73d415d3b0752b8ca06d
182,images/test/CRACK500_20160303_093353_1281_721_jpg.rf.6e67fd7877f5e4f818e2ea23103fa614.jpg,test,crack500_20160303_093353_1281_721_jpg,192,192,128,7a9667cd44001b77b3b5f5471c34a4afa4854e3c1a3d73d415d3b0752b8ca06d
183,images/test/CRACK500_20160303_093400_1281_361_jpg.rf.e5d72d182d0ff19e54555b56bc3b3c4e.jpg,test,crack500_20160303_093400_1281_361_jpg,192,96,128,7c9800b680352ee6f8f5f0ad79792f4d635c1a633fc73b67f2e1dcc349b68199
184,images/test/CRACK500_20160303_093400_1281_361_jpg.rf.e5d72d182d0ff19e54555b56bc3b3c4e.jpg,test,crack500_20160303_093400_1281_361_jpg,192,192,128,7c9800b680352ee6f8f5f0ad79792f4d635c1a633fc73b67f2e1dcc349b68199
185,images/test/CRACK500_20160303_093400_641_1081_jpg.rf.9d3c591f53bd613ca388bf305637fcd4.jpg,test,crack500_20160303_093400_641_1081_jpg,96,192,128,ee6384b052839e997061622fddccb87250b7efe0f54b34033aa3c42a13fb35dc
186,images/test/CRACK500_20160303_093400_641_1081_jpg.rf.9d3c591f53bd613ca388bf305637fcd4.jpg,test,crack500_20160303_093400_641_1081_jpg,192,192,128,ee6384b052839e997061622fddccb87250b7efe0f54b34033aa3c42a13fb35dc
187,images/test/CRACK500_20160303_093527_641_1081_jpg.rf.f493fc65193600e9e6d427a231eedb73.jpg,test,crack500_20160303_093527_641_1081_jpg,96,96,128,e93edf8c5a8b3b17ecda2414181bf0b9f47b860a1af3aa10a98447343150724d
188,images/test/CRACK500_20160303_093527_641_1081_jpg.rf.f493fc65193600e9e6d427a231eedb73.jpg,test,crack500_20160303_093527_641_1081_jpg,96,192,128,e93edf8c5a8b3b17ecda2414181bf0b9f47b860a1af3aa10a98447343150724d
189,images/test/CRACK500_20160303_093527_641_361_jpg.rf.a17c4717c419d49ac1e846592a43f849.jpg,test,crack500_20160303_093527_641_361_jpg,96,96,128,4694ce4deaeddec1977d4e53051f96b297fc91dbd9794ea0452bb32034a68dca
190,images/test/CRACK500_20160303_093527_641_361_jpg.rf.a17c4717c419d49ac1e846592a43f849.jpg,test,crack500_20160303_093527_641_361_jpg,192,96,128,4694ce4deaeddec1977d4e53051f96b297fc91dbd9794ea0452bb32034a68dca
191,images/test/CRACK500_20160303_093527_641_361_jpg.rf.a17c4717c419d49ac1e846592a43f849.jpg,test,crack500_20160303_093527_641_361_jpg,96,192,128,4694ce4deaeddec1977d4e53051f96b297fc91dbd9794ea0452bb32034a68dca
192,images/test/CRACK500_20160303_093527_641_361_jpg.rf.a17c4717c419d49ac1e846592a43f849.jpg,test,crack500_20160303_093527_641_361_jpg,192,192,128,4694ce4deaeddec1977d4e53051f96b297fc91dbd9794ea0452bb32034a68dca
193,images/test/CRACK500_20160306_103632_641_1081_jpg.rf.8d936ab87b4dbbb4d079a868e306829e.jpg,test,crack500_20160306_103632_641_1081_jpg,96,96,128,adb2e2a465da798ea573adb69fc5c0f8118ff2098ebd0af3b97c02211d6d41cb
194,images/test/CRACK500_20160306_103632_641_1081_jpg.rf.8d936ab87b4dbbb4d079a868e306829e.jpg,test,crack500_20160306_103632_641_1081_jpg,96,192,128,adb2e2a465da798ea573adb69fc5c0f8118ff2098ebd0af3b97c02211d6d41cb
195,images/test/CRACK500_20160306_103638_1_1081_jpg.rf.0a104bb8237dceeee6acf0534772d0cf.jpg,test,crack500_20160306_103638_1_1081_jpg,96,96,128,463a3ddfa31f5ad4818bc0d7c7ee3e076e1fd679ff79ef7e180d10de4bc14170
196,images/test/CRACK500_20160306_103638_1_1081_jpg.rf.0a104bb8237dceeee6acf0534772d0cf.jpg,test,crack500_20160306_103638_1_1081_jpg,192,96,128,463a3ddfa31f5ad4818bc0d7c7ee3e076e1fd679ff79ef7e180d10de4bc14170
197,images/test/CRACK500_20160306_103638_1_1081_jpg.rf.0a104bb8237dceeee6acf0534772d0cf.jpg,test,crack500_20160306_103638_1_1081_jpg,96,192,128,463a3ddfa31f5ad4818bc0d7c7ee3e076e1fd679ff79ef7e180d10de4bc14170
198,images/test/CRACK500_20160306_103638_1_1081_jpg.rf.0a104bb8237dceeee6acf0534772d0cf.jpg,test,crack500_20160306_103638_1_1081_jpg,192,192,128,463a3ddfa31f5ad4818bc0d7c7ee3e076e1fd679ff79ef7e180d10de4bc14170
199,images/test/CRACK500_20160306_103638_1_1_jpg.rf.df457deb2ed566b76ba88ff8e45223ae.jpg,test,crack500_20160306_103638_1_1_jpg,96,96,128,37d6d11ad63cbf80ac0de9dd4a8e06e7637416d11d3980f93184c9eed8917e70
200,images/test/CRACK500_20160306_103638_1_1_jpg.rf.df457deb2ed566b76ba88ff8e45223ae.jpg,test,crack500_20160306_103638_1_1_jpg,192,96,128,37d6d11ad63cbf80ac0de9dd4a8e06e7637416d11d3980f93184c9eed8917e70
201,images/test/CRACK500_20160306_103638_1_1_jpg.rf.df457deb2ed566b76ba88ff8e45223ae.jpg,test,crack500_20160306_103638_1_1_jpg,192,192,128,37d6d11ad63cbf80ac0de9dd4a8e06e7637416d11d3980f93184c9eed8917e70
202,images/test/CRACK500_20160306_103638_641_721_jpg.rf.1566da65e9f92f78b9016c2f3c35ef2d.jpg,test,crack500_20160306_103638_641_721_jpg,96,96,128,3f1a1cbd066b21bc4d69ccc2f5ecf62874d05ec38c6b2d178f2a58b77b6f7176
203,images/test/CRACK500_20160306_103638_641_721_jpg.rf.1566da65e9f92f78b9016c2f3c35ef2d.jpg,test,crack500_20160306_103638_641_721_jpg,192,96,128,3f1a1cbd066b21bc4d69ccc2f5ecf62874d05ec38c6b2d178f2a58b77b6f7176
204,images/test/CRACK500_20160306_103638_641_721_jpg.rf.1566da65e9f92f78b9016c2f3c35ef2d.jpg,test,crack500_20160306_103638_641_721_jpg,96,192,128,3f1a1cbd066b21bc4d69ccc2f5ecf62874d05ec38c6b2d178f2a58b77b6f7176
205,images/test/CRACK500_20160306_103638_641_721_jpg.rf.1566da65e9f92f78b9016c2f3c35ef2d.jpg,test,crack500_20160306_103638_641_721_jpg,192,192,128,3f1a1cbd066b21bc4d69ccc2f5ecf62874d05ec38c6b2d178f2a58b77b6f7176
206,images/test/CRACK500_20160306_103657_1921_1_jpg.rf.ac513e3cc5ae63bb51fc7ea9aa459ad5.jpg,test,crack500_20160306_103657_1921_1_jpg,192,96,128,d78f7b5c4661a9ffac5d0c510b98f8d2cf234a8b6e6dd40e7f3d6e1822a82464
207,images/test/CRACK500_20160306_103657_1921_1_jpg.rf.ac513e3cc5ae63bb51fc7ea9aa459ad5.jpg,test,crack500_20160306_103657_1921_1_jpg,192,192,128,d78f7b5c4661a9ffac5d0c510b98f8d2cf234a8b6e6dd40e7f3d6e1822a82464
208,images/test/CRACK500_20160306_103657_1921_361_jpg.rf.340439faefe75022f702eb11a02bd6c2.jpg,test,crack500_20160306_103657_1921_361_jpg,96,96,128,1321e75b6186ece8aa5cccdd00ebc6406bf4280f74c316751c60027ab79a7dda
209,images/test/CRACK500_20160306_103657_1921_361_jpg.rf.340439faefe75022f702eb11a02bd6c2.jpg,test,crack500_20160306_103657_1921_361_jpg,192,96,128,1321e75b6186ece8aa5cccdd00ebc6406bf4280f74c316751c60027ab79a7dda
210,images/test/CRACK500_20160306_103657_1921_361_jpg.rf.340439faefe75022f702eb11a02bd6c2.jpg,test,crack500_20160306_103657_1921_361_jpg,96,192,128,1321e75b6186ece8aa5cccdd00ebc6406bf4280f74c316751c60027ab79a7dda
211,images/test/CRACK500_20160306_103657_1921_361_jpg.rf.340439faefe75022f702eb11a02bd6c2.jpg,test,crack500_20160306_103657_1921_361_jpg,192,192,128,1321e75b6186ece8aa5cccdd00ebc6406bf4280f74c316751c60027ab79a7dda
212,images/test/CRACK500_20160306_103657_1_721_jpg.rf.3855011b0cd198d5d2b58ab5953a73c6.jpg,test,crack500_20160306_103657_1_721_jpg,96,96,128,089b0772d0cfa853b2520740c9d481991cfeb014570b990d49994df79948f2c5
213,images/test/CRACK500_20160306_103657_1_721_jpg.rf.3855011b0cd198d5d2b58ab5953a73c6.jpg,test,crack500_20160306_103657_1_721_jpg,192,96,128,089b0772d0cfa853b2520740c9d481991cfeb014570b990d49994df79948f2c5
214,images/test/CRACK500_20160306_103816_1281_361_jpg.rf.eb438bad397b165685ad4af1e317ca22.jpg,test,crack500_20160306_103816_1281_361_jpg,96,96,128,86bc2b235e04c6240a3986d5e38f3016af93645db4bbcd638f5f551afc694f66
215,images/test/CRACK500_20160306_103816_1281_361_jpg.rf.eb438bad397b165685ad4af1e317ca22.jpg,test,crack500_20160306_103816_1281_361_jpg,192,96,128,86bc2b235e04c6240a3986d5e38f3016af93645db4bbcd638f5f551afc694f66
216,images/test/CRACK500_20160306_103816_1921_361_jpg.rf.7a0a01af41b3adf3a9d327fec5e0592f.jpg,test,crack500_20160306_103816_1921_361_jpg,96,96,128,97c54daed868449ecc8dfb51fdc2aa85afb329e528026cb2ff3da03739232e1d
217,images/test/CRACK500_20160306_103816_1921_361_jpg.rf.7a0a01af41b3adf3a9d327fec5e0592f.jpg,test,crack500_20160306_103816_1921_361_jpg,192,96,128,97c54daed868449ecc8dfb51fdc2aa85afb329e528026cb2ff3da03739232e1d
218,images/test/CRACK500_20160306_103816_1921_361_jpg.rf.7a0a01af41b3adf3a9d327fec5e0592f.jpg,test,crack500_20160306_103816_1921_361_jpg,96,192,128,97c54daed868449ecc8dfb51fdc2aa85afb329e528026cb2ff3da03739232e1d
219,images/test/CRACK500_20160306_103816_1921_361_jpg.rf.7a0a01af41b3adf3a9d327fec5e0592f.jpg,test,crack500_20160306_103816_1921_361_jpg,192,192,128,97c54daed868449ecc8dfb51fdc2aa85afb329e528026cb2ff3da03739232e1d
220,images/test/CRACK500_20160306_103816_1921_721_jpg.rf.2711a23bd420a47a9b6fc288366f3d47.jpg,test,crack500_20160306_103816_1921_721_jpg,96,96,128,41bc98aa32d41ab7d7a12dfeff4a09fa5307343a5527a392dd8d1c910cbbf3cf
221,images/test/CRACK500_20160306_103816_1921_721_jpg.rf.2711a23bd420a47a9b6fc288366f3d47.jpg,test,crack500_20160306_103816_1921_721_jpg,192,96,128,41bc98aa32d41ab7d7a12dfeff4a09fa5307343a5527a392dd8d1c910cbbf3cf
222,images/test/CRACK500_20160306_103816_1921_721_jpg.rf.2711a23bd420a47a9b6fc288366f3d47.jpg,test,crack500_20160306_103816_1921_721_jpg,96,192,128,41bc98aa32d41ab7d7a12dfeff4a09fa5307343a5527a392dd8d1c910cbbf3cf
223,images/test/CRACK500_20160306_103816_1921_721_jpg.rf.2711a23bd420a47a9b6fc288366f3d47.jpg,test,crack500_20160306_103816_1921_721_jpg,192,192,128,41bc98aa32d41ab7d7a12dfeff4a09fa5307343a5527a392dd8d1c910cbbf3cf
224,images/test/CRACK500_20160306_103816_641_361_jpg.rf.22cb2cce685b7ecb316d7621ed962f94.jpg,test,crack500_20160306_103816_641_361_jpg,96,96,128,6e9fba4d83b3afb09d557a190401e07d76562b63e051b13b7269c88d9266bd0f
225,images/test/CRACK500_20160306_103816_641_361_jpg.rf.22cb2cce685b7ecb316d7621ed962f94.jpg,test,crack500_20160306_103816_641_361_jpg,192,96,128,6e9fba4d83b3afb09d557a190401e07d76562b63e051b13b7269c88d9266bd0f
226,images/test/CRACK500_20160306_103830_1281_1081_jpg.rf.730bf2f6e5fc6ffa37761a6b02623979.jpg,test,crack500_20160306_103830_1281_1081_jpg,96,96,128,0330aceb18573571f77f9e27df94095b0fa1b32ceb1378269af87ce86289ac9d
227,images/test/CRACK500_20160306_103830_1281_1081_jpg.rf.730bf2f6e5fc6ffa37761a6b02623979.jpg,test,crack500_20160306_103830_1281_1081_jpg,192,96,128,0330aceb18573571f77f9e27df94095b0fa1b32ceb1378269af87ce86289ac9d
228,images/test/CRACK500_20160306_103830_1281_1081_jpg.rf.730bf2f6e5fc6ffa37761a6b02623979.jpg,test,crack500_20160306_103830_1281_1081_jpg,96,192,128,0330aceb18573571f77f9e27df94095b0fa1b32ceb1378269af87ce86289ac9d
229,images/test/CRACK500_20160306_103830_1281_1081_jpg.rf.730bf2f6e5fc6ffa37761a6b02623979.jpg,test,crack500_20160306_103830_1281_1081_jpg,192,192,128,0330aceb18573571f77f9e27df94095b0fa1b32ceb1378269af87ce86289ac9d
230,images/test/CRACK500_20160306_104456_1281_361_jpg.rf.32dd7eea8c36bb6058baf66240ece687.jpg,test,crack500_20160306_104456_1281_361_jpg,96,96,128,a14ee2d0d63acdfcaca58efbc0d9e92e7acaa0c5d4ac717e13d2b0c8ade886be
231,images/test/CRACK500_20160306_104456_1281_361_jpg.rf.32dd7eea8c36bb6058baf66240ece687.jpg,test,crack500_20160306_104456_1281_361_jpg,192,96,128,a14ee2d0d63acdfcaca58efbc0d9e92e7acaa0c5d4ac717e13d2b0c8ade886be
232,images/test/CRACK500_20160306_104456_1281_361_jpg.rf.32dd7eea8c36bb6058baf66240ece687.jpg,test,crack500_20160306_104456_1281_361_jpg,96,192,128,a14ee2d0d63acdfcaca58efbc0d9e92e7acaa0c5d4ac717e13d2b0c8ade886be
233,images/test/CRACK500_20160306_104456_1281_361_jpg.rf.32dd7eea8c36bb6058baf66240ece687.jpg,test,crack500_20160306_104456_1281_361_jpg,192,192,128,a14ee2d0d63acdfcaca58efbc0d9e92e7acaa0c5d4ac717e13d2b0c8ade886be
234,images/test/CRACK500_20160306_104456_1_1081_jpg.rf.7940d96fbbe3c19c224d65a897f21cd9.jpg,test,crack500_20160306_104456_1_1081_jpg,96,96,128,ef4512343c0d545b9732f8189a49f5633719c4128a720c5ba0c2220e0c791041
235,images/test/CRACK500_20160306_104456_1_1081_jpg.rf.7940d96fbbe3c19c224d65a897f21cd9.jpg,test,crack500_20160306_104456_1_1081_jpg,96,192,128,ef4512343c0d545b9732f8189a49f5633719c4128a720c5ba0c2220e0c791041
236,images/test/CRACK500_20160306_104456_641_1081_jpg.rf.472aee45622a60baf34fe30b59822ace.jpg,test,crack500_20160306_104456_641_1081_jpg,192,96,128,b26dcee715a2b8d98d928a27d88e0b861e6e31a769ebe5456657e27317ed2381
237,images/test/CRACK500_20160306_104456_641_1081_jpg.rf.472aee45622a60baf34fe30b59822ace.jpg,test,crack500_20160306_104456_641_1081_jpg,192,192,128,b26dcee715a2b8d98d928a27d88e0b861e6e31a769ebe5456657e27317ed2381
238,images/test/CRACK500_20160306_104522_1281_361_jpg.rf.394e98c77af746d23dd908625993c9dc.jpg,test,crack500_20160306_104522_1281_361_jpg,96,96,128,7a9c859c0027c568b7b6d1352407c6ae8348d140eb3101475b93245396bf0bfe
239,images/test/CRACK500_20160306_104522_1281_361_jpg.rf.394e98c77af746d23dd908625993c9dc.jpg,test,crack500_20160306_104522_1281_361_jpg,192,96,128,7a9c859c0027c568b7b6d1352407c6ae8348d140eb3101475b93245396bf0bfe
240,images/test/CRACK500_20160306_104522_1281_721_jpg.rf.8efbc6d03cfbec762adcebd05abd215d.jpg,test,crack500_20160306_104522_1281_721_jpg,192,96,128,5bd0dca48b8984bf9c1285b1207459f846b372630aa828446929192b8f451973
241,images/test/CRACK500_20160306_104522_1281_721_jpg.rf.8efbc6d03cfbec762adcebd05abd215d.jpg,test,crack500_20160306_104522_1281_721_jpg,192,192,128,5bd0dca48b8984bf9c1285b1207459f846b372630aa828446929192b8f451973
242,images/test/CRACK500_20160306_104522_1_721_jpg.rf.9d6ab61bf87d7e0d08af2e2d65ed4c70.jpg,test,crack500_20160306_104522_1_721_jpg,96,96,128,086e4e41b1438ff1053be8fa7330d17f99e1c73ffe312f36a5e963d6f739e67c
243,images/test/CRACK500_20160306_104522_1_721_jpg.rf.9d6ab61bf87d7e0d08af2e2d65ed4c70.jpg,test,crack500_20160306_104522_1_721_jpg,192,96,128,086e4e41b1438ff1053be8fa7330d17f99e1c73ffe312f36a5e963d6f739e67c
244,images/test/CRACK500_20160306_104522_1_721_jpg.rf.9d6ab61bf87d7e0d08af2e2d65ed4c70.jpg,test,crack500_20160306_104522_1_721_jpg,96,192,128,086e4e41b1438ff1053be8fa7330d17f99e1c73ffe312f36a5e963d6f739e67c
245,images/test/CRACK500_20160306_104522_1_721_jpg.rf.9d6ab61bf87d7e0d08af2e2d65ed4c70.jpg,test,crack500_20160306_104522_1_721_jpg,192,192,128,086e4e41b1438ff1053be8fa7330d17f99e1c73ffe312f36a5e963d6f739e67c
246,images/test/CRACK500_20160307_144115_1281_361_jpg.rf.172d9a918b48b0503660d3576d3e6468.jpg,test,crack500_20160307_144115_1281_361_jpg,96,96,128,b35bbd759add09e33623180add84b75dac0b08161ae27e19ccd6c276ece654c4
247,images/test/CRACK500_20160307_144115_1281_361_jpg.rf.172d9a918b48b0503660d3576d3e6468.jpg,test,crack500_20160307_144115_1281_361_jpg,192,96,128,b35bbd759add09e33623180add84b75dac0b08161ae27e19ccd6c276ece654c4
248,images/test/CRACK500_20160307_144115_1281_361_jpg.rf.172d9a918b48b0503660d3576d3e6468.jpg,test,crack500_20160307_144115_1281_361_jpg,96,192,128,b35bbd759add09e33623180add84b75dac0b08161ae27e19ccd6c276ece654c4
249,images/test/CRACK500_20160307_144115_1281_361_jpg.rf.172d9a918b48b0503660d3576d3e6468.jpg,test,crack500_20160307_144115_1281_361_jpg,192,192,128,b35bbd759add09e33623180add84b75dac0b08161ae27e19ccd6c276ece654c4
250,images/test/CRACK500_20160307_144115_1281_721_jpg.rf.5d675a209c334c0efa0af48dc2033076.jpg,test,crack500_20160307_144115_1281_721_jpg,96,96,128,645f2856510b7968ab378b79f6418d15e050cd5b0d5ae36f4ef866e0b11f1bd1
251,images/test/CRACK500_20160307_144115_1281_721_jpg.rf.5d675a209c334c0efa0af48dc2033076.jpg,test,crack500_20160307_144115_1281_721_jpg,192,96,128,645f2856510b7968ab378b79f6418d15e050cd5b0d5ae36f4ef866e0b11f1bd1
252,images/test/CRACK500_20160307_144115_1281_721_jpg.rf.5d675a209c334c0efa0af48dc2033076.jpg,test,crack500_20160307_144115_1281_721_jpg,96,192,128,645f2856510b7968ab378b79f6418d15e050cd5b0d5ae36f4ef866e0b11f1bd1
253,images/test/CRACK500_20160307_144115_1281_721_jpg.rf.5d675a209c334c0efa0af48dc2033076.jpg,test,crack500_20160307_144115_1281_721_jpg,192,192,128,645f2856510b7968ab378b79f6418d15e050cd5b0d5ae36f4ef866e0b11f1bd1
254,images/test/CRACK500_20160307_144150_1921_361_jpg.rf.76c0cc250f70809c6b4400283bed4cb3.jpg,test,crack500_20160307_144150_1921_361_jpg,96,96,128,61ca7ec5c2b56e87bd236d66d1f93a6395634230ec5b41ac0fd238c9e4334ca2
255,images/test/CRACK500_20160307_144150_1921_361_jpg.rf.76c0cc250f70809c6b4400283bed4cb3.jpg,test,crack500_20160307_144150_1921_361_jpg,192,96,128,61ca7ec5c2b56e87bd236d66d1f93a6395634230ec5b41ac0fd238c9e4334ca2
256,images/test/CRACK500_20160307_144150_1921_361_jpg.rf.76c0cc250f70809c6b4400283bed4cb3.jpg,test,crack500_20160307_144150_1921_361_jpg,96,192,128,61ca7ec5c2b56e87bd236d66d1f93a6395634230ec5b41ac0fd238c9e4334ca2
257,images/test/CRACK500_20160307_144150_1921_361_jpg.rf.76c0cc250f70809c6b4400283bed4cb3.jpg,test,crack500_20160307_144150_1921_361_jpg,192,192,128,61ca7ec5c2b56e87bd236d66d1f93a6395634230ec5b41ac0fd238c9e4334ca2
258,images/test/CRACK500_20160307_144150_641_361_jpg.rf.d1b6048e130e63b636cc8e1881c4f504.jpg,test,crack500_20160307_144150_641_361_jpg,96,192,128,df7cb8b7a0eadb82bb4fae35c163472b6ef24e0f7588ce4651b94d825a0699fa
259,images/test/CRACK500_20160307_144202_641_361_jpg.rf.a7ce2cbb7af7a73fa6ce6abf3f6840a3.jpg,test,crack500_20160307_144202_641_361_jpg,96,96,128,9557feda1f4b71e404ed0c69145e7fcb6497a92859cad768c9c97f5ea0d72eb7
260,images/test/CRACK500_20160307_144202_641_361_jpg.rf.a7ce2cbb7af7a73fa6ce6abf3f6840a3.jpg,test,crack500_20160307_144202_641_361_jpg,192,96,128,9557feda1f4b71e404ed0c69145e7fcb6497a92859cad768c9c97f5ea0d72eb7
261,images/test/CRACK500_20160307_144252_1281_361_jpg.rf.f7e91e8ffdd21217ad151973c075e87d.jpg,test,crack500_20160307_144252_1281_361_jpg,192,96,128,3a14e2a527960f2f0f943869f35075e4f1730edaf0ee67ee9080e19104cfb00c
262,images/test/CRACK500_20160307_144252_1281_361_jpg.rf.f7e91e8ffdd21217ad151973c075e87d.jpg,test,crack500_20160307_144252_1281_361_jpg,192,192,128,3a14e2a527960f2f0f943869f35075e4f1730edaf0ee67ee9080e19104cfb00c
263,images/test/CRACK500_20160307_144842_641_361_jpg.rf.566f8b375b2fdce69dc6d89477e4ba47.jpg,test,crack500_20160307_144842_641_361_jpg,96,96,128,780c50fc363fa72cd8d9445497674bed712a69f193617e04075c036c6deeabb7
264,images/test/CRACK500_20160307_144842_641_361_jpg.rf.566f8b375b2fdce69dc6d89477e4ba47.jpg,test,crack500_20160307_144842_641_361_jpg,96,192,128,780c50fc363fa72cd8d9445497674bed712a69f193617e04075c036c6deeabb7
265,images/test/CRACK500_20160307_144916_1281_721_jpg.rf.d263606f2b99cdcf61aa023419830ddb.jpg,test,crack500_20160307_144916_1281_721_jpg,96,96,128,4d6782bdd93bef795c38aa2697e7eb7995393f21d53cbc848f4e30d906242d1f
266,images/test/CRACK500_20160307_144916_1281_721_jpg.rf.d263606f2b99cdcf61aa023419830ddb.jpg,test,crack500_20160307_144916_1281_721_jpg,192,96,128,4d6782bdd93bef795c38aa2697e7eb7995393f21d53cbc848f4e30d906242d1f
267,images/test/CRACK500_20160307_144916_1281_721_jpg.rf.d263606f2b99cdcf61aa023419830ddb.jpg,test,crack500_20160307_144916_1281_721_jpg,96,192,128,4d6782bdd93bef795c38aa2697e7eb7995393f21d53cbc848f4e30d906242d1f
268,images/test/CRACK500_20160307_144916_1281_721_jpg.rf.d263606f2b99cdcf61aa023419830ddb.jpg,test,crack500_20160307_144916_1281_721_jpg,192,192,128,4d6782bdd93bef795c38aa2697e7eb7995393f21d53cbc848f4e30d906242d1f
269,images/test/CRACK500_20160307_144924_1921_1_jpg.rf.f6fbec35e2e0a6f1a3686d3720d93b62.jpg,test,crack500_20160307_144924_1921_1_jpg,96,96,128,d0854f71fa8f48a72cb57f9624ecf62abb154de71b5f215560146b61104ba722
270,images/test/CRACK500_20160307_144924_1921_1_jpg.rf.f6fbec35e2e0a6f1a3686d3720d93b62.jpg,test,crack500_20160307_144924_1921_1_jpg,192,96,128,d0854f71fa8f48a72cb57f9624ecf62abb154de71b5f215560146b61104ba722
271,images/test/CRACK500_20160307_144924_1921_1_jpg.rf.f6fbec35e2e0a6f1a3686d3720d93b62.jpg,test,crack500_20160307_144924_1921_1_jpg,96,192,128,d0854f71fa8f48a72cb57f9624ecf62abb154de71b5f215560146b61104ba722
272,images/test/CRACK500_20160307_144924_1921_1_jpg.rf.f6fbec35e2e0a6f1a3686d3720d93b62.jpg,test,crack500_20160307_144924_1921_1_jpg,192,192,128,d0854f71fa8f48a72cb57f9624ecf62abb154de71b5f215560146b61104ba722
273,images/test/CRACK500_20160307_144924_641_721_jpg.rf.6ee676d01e770bcd81750e3f3bbb4843.jpg,test,crack500_20160307_144924_641_721_jpg,96,192,128,5a85f460c895625a657eed614b43da2ceecc14e1933342d249c41861215235f5
274,images/test/CRACK500_20160307_144924_641_721_jpg.rf.6ee676d01e770bcd81750e3f3bbb4843.jpg,test,crack500_20160307_144924_641_721_jpg,192,192,128,5a85f460c895625a657eed614b43da2ceecc14e1933342d249c41861215235f5
275,images/test/CRACK500_20160307_144931_1_361_jpg.rf.41a9cb29f23c35888c168433ee398d93.jpg,test,crack500_20160307_144931_1_361_jpg,96,96,128,d140f36012dafa09c190b57d1afaa3515fa1928dc1d37cb8bacd8c7a4ecd86e6
276,images/test/CRACK500_20160307_144931_1_361_jpg.rf.41a9cb29f23c35888c168433ee398d93.jpg,test,crack500_20160307_144931_1_361_jpg,192,96,128,d140f36012dafa09c190b57d1afaa3515fa1928dc1d37cb8bacd8c7a4ecd86e6
277,images/test/CRACK500_20160307_144931_1_721_jpg.rf.154e9df7692f328d9072cf7cbf8b5b9b.jpg,test,crack500_20160307_144931_1_721_jpg,192,96,128,eda9aadbebb489c8a99342936d3b3ee9cb5fb867300bafad17b45fbfddd5a488
278,images/test/CRACK500_20160307_144931_1_721_jpg.rf.154e9df7692f328d9072cf7cbf8b5b9b.jpg,test,crack500_20160307_144931_1_721_jpg,96,192,128,eda9aadbebb489c8a99342936d3b3ee9cb5fb867300bafad17b45fbfddd5a488
279,images/test/CRACK500_20160307_144931_1_721_jpg.rf.154e9df7692f328d9072cf7cbf8b5b9b.jpg,test,crack500_20160307_144931_1_721_jpg,192,192,128,eda9aadbebb489c8a99342936d3b3ee9cb5fb867300bafad17b45fbfddd5a488
280,images/test/CRACK500_20160307_145059_1921_721_jpg.rf.145749e87749603282bacf713ef40a86.jpg,test,crack500_20160307_145059_1921_721_jpg,96,96,128,f4fba4d7cebcd82efb6e7fa5c546c0021fff6e7cd2d66bf29046b14a4c40d00f
281,images/test/CRACK500_20160307_145059_1921_721_jpg.rf.145749e87749603282bacf713ef40a86.jpg,test,crack500_20160307_145059_1921_721_jpg,192,96,128,f4fba4d7cebcd82efb6e7fa5c546c0021fff6e7cd2d66bf29046b14a4c40d00f
282,images/test/CRACK500_20160307_145059_1921_721_jpg.rf.145749e87749603282bacf713ef40a86.jpg,test,crack500_20160307_145059_1921_721_jpg,96,192,128,f4fba4d7cebcd82efb6e7fa5c546c0021fff6e7cd2d66bf29046b14a4c40d00f
283,images/test/CRACK500_20160307_145059_1921_721_jpg.rf.145749e87749603282bacf713ef40a86.jpg,test,crack500_20160307_145059_1921_721_jpg,192,192,128,f4fba4d7cebcd82efb6e7fa5c546c0021fff6e7cd2d66bf29046b14a4c40d00f
284,images/test/CRACK500_20160307_145059_641_361_jpg.rf.c0fd6ed8abe38587071046cf74f54079.jpg,test,crack500_20160307_145059_641_361_jpg,96,96,128,484065ba6f447ae915b0407be7840e2f69c826ce9f4dced08803eec6ba852102
285,images/test/CRACK500_20160307_145059_641_361_jpg.rf.c0fd6ed8abe38587071046cf74f54079.jpg,test,crack500_20160307_145059_641_361_jpg,96,192,128,484065ba6f447ae915b0407be7840e2f69c826ce9f4dced08803eec6ba852102
286,images/test/CRACK500_20160307_145107_1921_721_jpg.rf.2526d77b6ef01dbffc4fa3851e5c6f47.jpg,test,crack500_20160307_145107_1921_721_jpg,96,96,128,f86f93891b2659b17b88a8df72ad92da047c69a9399213086df9763862578b52
287,images/test/CRACK500_20160307_145107_1921_721_jpg.rf.2526d77b6ef01dbffc4fa3851e5c6f47.jpg,test,crack500_20160307_145107_1921_721_jpg,192,96,128,f86f93891b2659b17b88a8df72ad92da047c69a9399213086df9763862578b52
288,images/test/CRACK500_20160307_145107_1921_721_jpg.rf.2526d77b6ef01dbffc4fa3851e5c6f47.jpg,test,crack500_20160307_145107_1921_721_jpg,96,192,128,f86f93891b2659b17b88a8df72ad92da047c69a9399213086df9763862578b52
289,images/test/CRACK500_20160307_145107_1921_721_jpg.rf.2526d77b6ef01dbffc4fa3851e5c6f47.jpg,test,crack500_20160307_145107_1921_721_jpg,192,192,128,f86f93891b2659b17b88a8df72ad92da047c69a9399213086df9763862578b52
290,images/test/CRACK500_20160307_145107_1_361_jpg.rf.76a1ed1f8d392d05341ae16048857aeb.jpg,test,crack500_20160307_145107_1_361_jpg,96,96,128,8abe4a0839a245b01a96bf2007096bc912a99a7e5d6a03e6b9025ed2781a4d07
291,images/test/CRACK500_20160307_145107_1_361_jpg.rf.76a1ed1f8d392d05341ae16048857aeb.jpg,test,crack500_20160307_145107_1_361_jpg,192,96,128,8abe4a0839a245b01a96bf2007096bc912a99a7e5d6a03e6b9025ed2781a4d07
292,images/test/CRACK500_20160307_145107_1_361_jpg.rf.76a1ed1f8d392d05341ae16048857aeb.jpg,test,crack500_20160307_145107_1_361_jpg,96,192,128,8abe4a0839a245b01a96bf2007096bc912a99a7e5d6a03e6b9025ed2781a4d07
293,images/test/CRACK500_20160307_145107_1_361_jpg.rf.76a1ed1f8d392d05341ae16048857aeb.jpg,test,crack500_20160307_145107_1_361_jpg,192,192,128,8abe4a0839a245b01a96bf2007096bc912a99a7e5d6a03e6b9025ed2781a4d07
294,images/test/CRACK500_20160307_145107_641_361_jpg.rf.078566ba23dbd3645e31b93fbb34f9e9.jpg,test,crack500_20160307_145107_641_361_jpg,192,96,128,62979030ecc296c9c5e2c90587d73716824390b4ce525cbd700335adf7358362
295,images/test/CRACK500_20160307_145107_641_361_jpg.rf.078566ba23dbd3645e31b93fbb34f9e9.jpg,test,crack500_20160307_145107_641_361_jpg,192,192,128,62979030ecc296c9c5e2c90587d73716824390b4ce525cbd700335adf7358362
296,images/test/CRACK500_20160307_145113_1921_1081_jpg.rf.76ae246bba1c5598014bf3c27d20f622.jpg,test,crack500_20160307_145113_1921_1081_jpg,96,96,128,ace83268ec92fb1bc6a7d3e18f562493ed22dc264f1868b9e845446d4615a8e5
297,images/test/CRACK500_20160307_145113_1921_1081_jpg.rf.76ae246bba1c5598014bf3c27d20f622.jpg,test,crack500_20160307_145113_1921_1081_jpg,96,192,128,ace83268ec92fb1bc6a7d3e18f562493ed22dc264f1868b9e845446d4615a8e5
298,images/test/CRACK500_20160307_145113_1_721_jpg.rf.1fe5a471a8fa1d7a4c0bfab4d1f1db16.jpg,test,crack500_20160307_145113_1_721_jpg,96,192,128,451527976ef0c579ba532c30fbdc43ff3fd648a4b4b61b9eb0b984ffa7102a78
299,images/test/CRACK500_20160307_145113_1_721_jpg.rf.1fe5a471a8fa1d7a4c0bfab4d1f1db16.jpg,test,crack500_20160307_145113_1_721_jpg,192,192,128,451527976ef0c579ba532c30fbdc43ff3fd648a4b4b61b9eb0b984ffa7102a78
300,images/test/CRACK500_20160307_145113_641_721_jpg.rf.6bbe0d198a523f234752cebf1aa47271.jpg,test,crack500_20160307_145113_641_721_jpg,96,192,128,85ccc9b86d469a866a08f04b1b74c841f1dd078692253cd180209e211aacf0f1
301,images/test/CRACK500_20160307_145113_641_721_jpg.rf.6bbe0d198a523f234752cebf1aa47271.jpg,test,crack500_20160307_145113_641_721_jpg,192,192,128,85ccc9b86d469a866a08f04b1b74c841f1dd078692253cd180209e211aacf0f1
302,images/test/CRACK500_20160307_145255_361_1921_jpg.rf.e4b2a305bd939bbceedd9523d39c5094.jpg,test,crack500_20160307_145255_361_1921_jpg,96,96,128,168a6c9974a596c5444a0e846eb5da1900df8def6925fa3567bae53c7043bbfd
303,images/test/CRACK500_20160307_145255_361_1921_jpg.rf.e4b2a305bd939bbceedd9523d39c5094.jpg,test,crack500_20160307_145255_361_1921_jpg,96,192,128,168a6c9974a596c5444a0e846eb5da1900df8def6925fa3567bae53c7043bbfd
304,images/test/CRACK500_20160307_145259_1281_361_jpg.rf.621459eed60694e3baa3ecbba3aa9ed1.jpg,test,crack500_20160307_145259_1281_361_jpg,96,96,128,4e0f61db4139eb8e95d6a3505637d67a9839fe769ce7f5e94ef8c6d7b76a470f
305,images/test/CRACK500_20160307_145259_1281_361_jpg.rf.621459eed60694e3baa3ecbba3aa9ed1.jpg,test,crack500_20160307_145259_1281_361_jpg,192,96,128,4e0f61db4139eb8e95d6a3505637d67a9839fe769ce7f5e94ef8c6d7b76a470f
306,images/test/CRACK500_20160307_145259_1921_361_jpg.rf.fd1b95629b6d705d1da6c44c9b95f377.jpg,test,crack500_20160307_145259_1921_361_jpg,96,96,128,276a683a2669252af9db1cd0b71767d545afadd9192c4679b010612e7bef5a87
307,images/test/CRACK500_20160307_145259_1921_361_jpg.rf.fd1b95629b6d705d1da6c44c9b95f377.jpg,test,crack500_20160307_145259_1921_361_jpg,192,96,128,276a683a2669252af9db1cd0b71767d545afadd9192c4679b010612e7bef5a87
308,images/test/CRACK500_20160307_145259_1921_361_jpg.rf.fd1b95629b6d705d1da6c44c9b95f377.jpg,test,crack500_20160307_145259_1921_361_jpg,96,192,128,276a683a2669252af9db1cd0b71767d545afadd9192c4679b010612e7bef5a87
309,images/test/CRACK500_20160307_145259_1921_361_jpg.rf.fd1b95629b6d705d1da6c44c9b95f377.jpg,test,crack500_20160307_145259_1921_361_jpg,192,192,128,276a683a2669252af9db1cd0b71767d545afadd9192c4679b010612e7bef5a87
310,images/test/CRACK500_20160307_162438_641_721_jpg.rf.2010e1ed50d24e0bf10189129b3ac166.jpg,test,crack500_20160307_162438_641_721_jpg,96,96,128,3e963a8329bf2ebe96ec4179b421558b2208e082e29f353d496d54286e2a65bc
311,images/test/CRACK500_20160307_162438_641_721_jpg.rf.2010e1ed50d24e0bf10189129b3ac166.jpg,test,crack500_20160307_162438_641_721_jpg,192,96,128,3e963a8329bf2ebe96ec4179b421558b2208e082e29f353d496d54286e2a65bc
312,images/test/CRACK500_20160307_162438_641_721_jpg.rf.2010e1ed50d24e0bf10189129b3ac166.jpg,test,crack500_20160307_162438_641_721_jpg,96,192,128,3e963a8329bf2ebe96ec4179b421558b2208e082e29f353d496d54286e2a65bc
313,images/test/CRACK500_20160307_162438_641_721_jpg.rf.2010e1ed50d24e0bf10189129b3ac166.jpg,test,crack500_20160307_162438_641_721_jpg,192,192,128,3e963a8329bf2ebe96ec4179b421558b2208e082e29f353d496d54286e2a65bc
314,images/test/CRACK500_20160307_162704_641_721_jpg.rf.dc391d4c6858bc29a789a2f4e2d4f1f0.jpg,test,crack500_20160307_162704_641_721_jpg,96,96,128,5f4f0a901193adef124821acbb90dbad8ef8df054c93f825c59ad1d7d994f184
315,images/test/CRACK500_20160307_162704_641_721_jpg.rf.dc391d4c6858bc29a789a2f4e2d4f1f0.jpg,test,crack500_20160307_162704_641_721_jpg,192,96,128,5f4f0a901193adef124821acbb90dbad8ef8df054c93f825c59ad1d7d994f184
316,images/test/CRACK500_20160307_163342_1281_361_jpg.rf.cadf5027ee184e2f023be7bb49389d08.jpg,test,crack500_20160307_163342_1281_361_jpg,96,96,128,cbc029c4ac61e31e1f2cd3e1a57ffac5e2961438dade18141af5ff46600023de
317,images/test/CRACK500_20160307_163342_1281_361_jpg.rf.cadf5027ee184e2f023be7bb49389d08.jpg,test,crack500_20160307_163342_1281_361_jpg,192,96,128,cbc029c4ac61e31e1f2cd3e1a57ffac5e2961438dade18141af5ff46600023de
318,images/test/CRACK500_20160307_163342_1281_361_jpg.rf.cadf5027ee184e2f023be7bb49389d08.jpg,test,crack500_20160307_163342_1281_361_jpg,96,192,128,cbc029c4ac61e31e1f2cd3e1a57ffac5e2961438dade18141af5ff46600023de
319,images/test/CRACK500_20160307_163342_1281_361_jpg.rf.cadf5027ee184e2f023be7bb49389d08.jpg,test,crack500_20160307_163342_1281_361_jpg,192,192,128,cbc029c4ac61e31e1f2cd3e1a57ffac5e2961438dade18141af5ff46600023de
320,images/test/CRACK500_20160307_163342_641_721_jpg.rf.fcb1f6f11269fac37622fa7d16ce814a.jpg,test,crack500_20160307_163342_641_721_jpg,96,96,128,793eeaa5250e12187a7264ac9056fe360ad9f3bba80d74174b60b12abab6534e
321,images/test/CRACK500_20160307_163342_641_721_jpg.rf.fcb1f6f11269fac37622fa7d16ce814a.jpg,test,crack500_20160307_163342_641_721_jpg,192,96,128,793eeaa5250e12187a7264ac9056fe360ad9f3bba80d74174b60b12abab6534e
322,images/test/CRACK500_20160307_163342_641_721_jpg.rf.fcb1f6f11269fac37622fa7d16ce814a.jpg,test,crack500_20160307_163342_641_721_jpg,96,192,128,793eeaa5250e12187a7264ac9056fe360ad9f3bba80d74174b60b12abab6534e
323,images/test/CRACK500_20160307_163342_641_721_jpg.rf.fcb1f6f11269fac37622fa7d16ce814a.jpg,test,crack500_20160307_163342_641_721_jpg,192,192,128,793eeaa5250e12187a7264ac9056fe360ad9f3bba80d74174b60b12abab6534e
324,images/test/CRACK500_20160307_163352_641_1_jpg.rf.dd065f132a920ca9e818b5bef76f6b91.jpg,test,crack500_20160307_163352_641_1_jpg,96,96,128,2017e9bfc7bdd7ca8a85d3f967da34c9a8cf3c50da8ad46fa8e47bc489635c7f
325,images/test/CRACK500_20160307_163352_641_1_jpg.rf.dd065f132a920ca9e818b5bef76f6b91.jpg,test,crack500_20160307_163352_641_1_jpg,192,96,128,2017e9bfc7bdd7ca8a85d3f967da34c9a8cf3c50da8ad46fa8e47bc489635c7f
326,images/test/CRACK500_20160307_163352_641_1_jpg.rf.dd065f132a920ca9e818b5bef76f6b91.jpg,test,crack500_20160307_163352_641_1_jpg,96,192,128,2017e9bfc7bdd7ca8a85d3f967da34c9a8cf3c50da8ad46fa8e47bc489635c7f
327,images/test/CRACK500_20160307_163352_641_1_jpg.rf.dd065f132a920ca9e818b5bef76f6b91.jpg,test,crack500_20160307_163352_641_1_jpg,192,192,128,2017e9bfc7bdd7ca8a85d3f967da34c9a8cf3c50da8ad46fa8e47bc489635c7f
328,images/test/CRACK500_20160307_163537_1281_361_jpg.rf.db9005aea2c8620c75248a4e78f7b217.jpg,test,crack500_20160307_163537_1281_361_jpg,96,96,128,67a5c1f03d3a514a663c12e2f2fef88b2e225c665d16b91f4a53ccdafcbb80c4
329,images/test/CRACK500_20160307_163537_1281_361_jpg.rf.db9005aea2c8620c75248a4e78f7b217.jpg,test,crack500_20160307_163537_1281_361_jpg,192,96,128,67a5c1f03d3a514a663c12e2f2fef88b2e225c665d16b91f4a53ccdafcbb80c4
330,images/test/CRACK500_20160307_163537_1921_361_jpg.rf.27dc5c565f155d9c7571ad40397d19d9.jpg,test,crack500_20160307_163537_1921_361_jpg,96,96,128,fabbbc21f0d3dd0a755236605c908e143e38802d2301ed4b14806c61d174010c
331,images/test/CRACK500_20160307_163537_1921_361_jpg.rf.27dc5c565f155d9c7571ad40397d19d9.jpg,test,crack500_20160307_163537_1921_361_jpg,192,96,128,fabbbc21f0d3dd0a755236605c908e143e38802d2301ed4b14806c61d174010c
332,images/test/CRACK500_20160307_163537_1921_361_jpg.rf.27dc5c565f155d9c7571ad40397d19d9.jpg,test,crack500_20160307_163537_1921_361_jpg,96,192,128,fabbbc21f0d3dd0a755236605c908e143e38802d2301ed4b14806c61d174010c
333,images/test/CRACK500_20160307_163537_1921_361_jpg.rf.27dc5c565f155d9c7571ad40397d19d9.jpg,test,crack500_20160307_163537_1921_361_jpg,192,192,128,fabbbc21f0d3dd0a755236605c908e143e38802d2301ed4b14806c61d174010c
334,images/test/CRACK500_20160307_163552_1281_361_jpg.rf.bf4bdc8b2737b819fb747d4cf934178b.jpg,test,crack500_20160307_163552_1281_361_jpg,192,96,128,84f6ce5423ad75bc9e035d54718c05b380dcb79e35fbe823e9b606620e9afeb7
335,images/test/CRACK500_20160307_163552_1281_361_jpg.rf.bf4bdc8b2737b819fb747d4cf934178b.jpg,test,crack500_20160307_163552_1281_361_jpg,192,192,128,84f6ce5423ad75bc9e035d54718c05b380dcb79e35fbe823e9b606620e9afeb7
336,images/test/CRACK500_20160307_163552_1281_721_jpg.rf.2f0e2e58c26512cfc63bddf4740e535f.jpg,test,crack500_20160307_163552_1281_721_jpg,96,96,128,1104c7f183b25393ee3d51266a0efc6204d31c92d3fc7bb058c86cc1b81df75e
337,images/test/CRACK500_20160307_163552_1281_721_jpg.rf.2f0e2e58c26512cfc63bddf4740e535f.jpg,test,crack500_20160307_163552_1281_721_jpg,192,96,128,1104c7f183b25393ee3d51266a0efc6204d31c92d3fc7bb058c86cc1b81df75e
338,images/test/CRACK500_20160307_163627_1281_361_jpg.rf.22a15a326cc6668dcfaa8acf883f0f4f.jpg,test,crack500_20160307_163627_1281_361_jpg,96,96,128,941ddf47f1877563a2c820567671766915488f6821f323ceeb938f4a53a7dd4f
339,images/test/CRACK500_20160307_163627_1281_361_jpg.rf.22a15a326cc6668dcfaa8acf883f0f4f.jpg,test,crack500_20160307_163627_1281_361_jpg,192,96,128,941ddf47f1877563a2c820567671766915488f6821f323ceeb938f4a53a7dd4f
340,images/test/CRACK500_20160307_163627_1281_361_jpg.rf.22a15a326cc6668dcfaa8acf883f0f4f.jpg,test,crack500_20160307_163627_1281_361_jpg,96,192,128,941ddf47f1877563a2c820567671766915488f6821f323ceeb938f4a53a7dd4f
341,images/test/CRACK500_20160307_163627_1281_361_jpg.rf.22a15a326cc6668dcfaa8acf883f0f4f.jpg,test,crack500_20160307_163627_1281_361_jpg,192,192,128,941ddf47f1877563a2c820567671766915488f6821f323ceeb938f4a53a7dd4f
342,images/test/CRACK500_20160307_163627_1281_721_jpg.rf.6ea935ddfe49434a76c9b2be5c9d91e9.jpg,test,crack500_20160307_163627_1281_721_jpg,96,192,128,9670c9f6970d0734055ee3f25276eef0eae2dc7b62fac49389f24b44adb2d3a0
343,images/test/CRACK500_20160307_163627_1281_721_jpg.rf.6ea935ddfe49434a76c9b2be5c9d91e9.jpg,test,crack500_20160307_163627_1281_721_jpg,192,192,128,9670c9f6970d0734055ee3f25276eef0eae2dc7b62fac49389f24b44adb2d3a0
344,images/test/CRACK500_20160307_163627_1_361_jpg.rf.58616659b7fa1d3ffb5f87f4e37402f5.jpg,test,crack500_20160307_163627_1_361_jpg,96,96,128,d7957bdb0a8cc55f8253d688d84393f631fd353739c8173d423166aa017fb6b1
345,images/test/CRACK500_20160307_163627_1_361_jpg.rf.58616659b7fa1d3ffb5f87f4e37402f5.jpg,test,crack500_20160307_163627_1_361_jpg,192,96,128,d7957bdb0a8cc55f8253d688d84393f631fd353739c8173d423166aa017fb6b1
346,images/test/CRACK500_20160307_164143_1281_361_jpg.rf.5b27036278488bf3f29271d62157eedb.jpg,test,crack500_20160307_164143_1281_361_jpg,192,96,128,85ed61038480858b190ac2c285aaa969fd33655560d19c8d5233cfe2c3b60424
347,images/test/CRACK500_20160307_164214_1281_1_jpg.rf.082d6ec9357457773aa32446ef03ef6d.jpg,test,crack500_20160307_164214_1281_1_jpg,96,96,128,f0a4263bcb0f62e85246039e1be21c1cd9755179cc628fde1df1bf1fd2b246b1
348,images/test/CRACK500_20160307_164214_1281_1_jpg.rf.082d6ec9357457773aa32446ef03ef6d.jpg,test,crack500_20160307_164214_1281_1_jpg,96,192,128,f0a4263bcb0f62e85246039e1be21c1cd9755179cc628fde1df1bf1fd2b246b1
349,images/test/CRACK500_20160307_164214_1921_361_jpg.rf.0cb6ccc3f1b011e1a34997d5b3201535.jpg,test,crack500_20160307_164214_1921_361_jpg,96,96,128,2fec9ff09aed120133a6d0c88f37a2c81a79c8bd0f00d37307946f9f20899eb7
350,images/test/CRACK500_20160307_164214_1921_361_jpg.rf.0cb6ccc3f1b011e1a34997d5b3201535.jpg,test,crack500_20160307_164214_1921_361_jpg,192,96,128,2fec9ff09aed120133a6d0c88f37a2c81a79c8bd0f00d37307946f9f20899eb7
351,images/test/CRACK500_20160307_164214_1921_361_jpg.rf.0cb6ccc3f1b011e1a34997d5b3201535.jpg,test,crack500_20160307_164214_1921_361_jpg,96,192,128,2fec9ff09aed120133a6d0c88f37a2c81a79c8bd0f00d37307946f9f20899eb7
352,images/test/CRACK500_20160307_164214_1921_361_jpg.rf.0cb6ccc3f1b011e1a34997d5b3201535.jpg,test,crack500_20160307_164214_1921_361_jpg,192,192,128,2fec9ff09aed120133a6d0c88f37a2c81a79c8bd0f00d37307946f9f20899eb7
353,images/test/CRACK500_20160307_164214_641_721_jpg.rf.fe78553a17be566577f7ea18dab552a2.jpg,test,crack500_20160307_164214_641_721_jpg,96,96,128,4321daccf745b7068bb804bdc641db344f71eedecc5c79cc44b0e9def368ee15
354,images/test/CRACK500_20160307_164214_641_721_jpg.rf.fe78553a17be566577f7ea18dab552a2.jpg,test,crack500_20160307_164214_641_721_jpg,192,96,128,4321daccf745b7068bb804bdc641db344f71eedecc5c79cc44b0e9def368ee15
355,images/test/CRACK500_20160307_164214_641_721_jpg.rf.fe78553a17be566577f7ea18dab552a2.jpg,test,crack500_20160307_164214_641_721_jpg,96,192,128,4321daccf745b7068bb804bdc641db344f71eedecc5c79cc44b0e9def368ee15
356,images/test/CRACK500_20160307_164214_641_721_jpg.rf.fe78553a17be566577f7ea18dab552a2.jpg,test,crack500_20160307_164214_641_721_jpg,192,192,128,4321daccf745b7068bb804bdc641db344f71eedecc5c79cc44b0e9def368ee15
357,images/test/CRACK500_20160307_164226_1921_1081_jpg.rf.19771becd1ec4143db1e6aafc04e78b8.jpg,test,crack500_20160307_164226_1921_1081_jpg,96,96,128,7a083c5bab073e4878757dcb73f8cc7449fa0f29ed4acbdc469089fe33f0f849
358,images/test/CRACK500_20160307_164226_1921_1081_jpg.rf.19771becd1ec4143db1e6aafc04e78b8.jpg,test,crack500_20160307_164226_1921_1081_jpg,96,192,128,7a083c5bab073e4878757dcb73f8cc7449fa0f29ed4acbdc469089fe33f0f849
359,images/test/CRACK500_20160307_164301_1281_361_jpg.rf.102ab5349124da1312b9531b0e01f3c7.jpg,test,crack500_20160307_164301_1281_361_jpg,96,96,128,8054adf6212bbfe3582d63475ef1131f8e8576ab07c673fd263d010a55af423e
360,images/test/CRACK500_20160307_164301_1281_361_jpg.rf.102ab5349124da1312b9531b0e01f3c7.jpg,test,crack500_20160307_164301_1281_361_jpg,192,96,128,8054adf6212bbfe3582d63475ef1131f8e8576ab07c673fd263d010a55af423e
361,images/test/CRACK500_20160307_164319_1281_361_jpg.rf.b4acfaf275409aa55bd583ca2620827f.jpg,test,crack500_20160307_164319_1281_361_jpg,96,96,128,382eaf02632f41883c57a8361bb04ac0a9f13650769d1a60b02bf4debbdb7ff5
362,images/test/CRACK500_20160307_164319_1281_361_jpg.rf.b4acfaf275409aa55bd583ca2620827f.jpg,test,crack500_20160307_164319_1281_361_jpg,192,96,128,382eaf02632f41883c57a8361bb04ac0a9f13650769d1a60b02bf4debbdb7ff5
363,images/test/CRACK500_20160307_164319_1921_361_jpg.rf.f7f8cf80dda435ab1d52dcfcf6e4ceea.jpg,test,crack500_20160307_164319_1921_361_jpg,96,96,128,5595bffa98eb3bdd7d8884e53fe8b3ff342842ef1b2dcbd44387b20945e5f2cb
364,images/test/CRACK500_20160307_164319_1921_361_jpg.rf.f7f8cf80dda435ab1d52dcfcf6e4ceea.jpg,test,crack500_20160307_164319_1921_361_jpg,192,96,128,5595bffa98eb3bdd7d8884e53fe8b3ff342842ef1b2dcbd44387b20945e5f2cb
365,images/test/CRACK500_20160307_164319_1921_361_jpg.rf.f7f8cf80dda435ab1d52dcfcf6e4ceea.jpg,test,crack500_20160307_164319_1921_361_jpg,96,192,128,5595bffa98eb3bdd7d8884e53fe8b3ff342842ef1b2dcbd44387b20945e5f2cb
366,images/test/CRACK500_20160307_164319_1921_361_jpg.rf.f7f8cf80dda435ab1d52dcfcf6e4ceea.jpg,test,crack500_20160307_164319_1921_361_jpg,192,192,128,5595bffa98eb3bdd7d8884e53fe8b3ff342842ef1b2dcbd44387b20945e5f2cb
367,images/test/CRACK500_20160307_164400_641_1_jpg.rf.ba5b73228f153fb1c2d713289ca171a0.jpg,test,crack500_20160307_164400_641_1_jpg,192,96,128,76fd205f562499f17b501653bf23cd08ec85c7868257667e1eb1476918177965
368,images/test/CRACK500_20160307_164400_641_1_jpg.rf.ba5b73228f153fb1c2d713289ca171a0.jpg,test,crack500_20160307_164400_641_1_jpg,192,192,128,76fd205f562499f17b501653bf23cd08ec85c7868257667e1eb1476918177965
369,images/test/CRACK500_20160308_072824_1281_721_jpg.rf.54a2232036f10592d90d218552113230.jpg,test,crack500_20160308_072824_1281_721_jpg,96,192,128,34540d8e6a1f8e05a67ab34f41d3ace317f046262646b61f709c9fd21d952695
370,images/test/CRACK500_20160308_072824_1281_721_jpg.rf.54a2232036f10592d90d218552113230.jpg,test,crack500_20160308_072824_1281_721_jpg,192,192,128,34540d8e6a1f8e05a67ab34f41d3ace317f046262646b61f709c9fd21d952695
371,images/test/CRACK500_20160308_072935_1281_361_jpg.rf.7ea85c5fb8cc3fec1a11f01fcf6ce077.jpg,test,crack500_20160308_072935_1281_361_jpg,96,96,128,15317473dbe349c4239fed6b2b316483ffe2f1ec91520abb3a3fbaa3129175d0
372,images/test/CRACK500_20160308_072935_1281_361_jpg.rf.7ea85c5fb8cc3fec1a11f01fcf6ce077.jpg,test,crack500_20160308_072935_1281_361_jpg,192,96,128,15317473dbe349c4239fed6b2b316483ffe2f1ec91520abb3a3fbaa3129175d0
373,images/test/CRACK500_20160308_072935_1281_361_jpg.rf.7ea85c5fb8cc3fec1a11f01fcf6ce077.jpg,test,crack500_20160308_072935_1281_361_jpg,96,192,128,15317473dbe349c4239fed6b2b316483ffe2f1ec91520abb3a3fbaa3129175d0
374,images/test/CRACK500_20160308_072935_1281_361_jpg.rf.7ea85c5fb8cc3fec1a11f01fcf6ce077.jpg,test,crack500_20160308_072935_1281_361_jpg,192,192,128,15317473dbe349c4239fed6b2b316483ffe2f1ec91520abb3a3fbaa3129175d0
375,images/test/CRACK500_20160308_072935_1281_721_jpg.rf.a152f5a0b99319d8de7cd8864598ab9d.jpg,test,crack500_20160308_072935_1281_721_jpg,96,192,128,b96999b6da1b42828028ed0cfbea39fa9283d91fba1a2a0a1320221bc3727c18
376,images/test/CRACK500_20160308_072935_1281_721_jpg.rf.a152f5a0b99319d8de7cd8864598ab9d.jpg,test,crack500_20160308_072935_1281_721_jpg,192,192,128,b96999b6da1b42828028ed0cfbea39fa9283d91fba1a2a0a1320221bc3727c18
377,images/test/CRACK500_20160308_072944_641_1081_jpg.rf.503e01ab15c2adab5789a6a0726e6095.jpg,test,crack500_20160308_072944_641_1081_jpg,96,96,128,11cd027b1854ce00ed479229ac65e85ecc9fc295852d68aaf326118ebce39f08
378,images/test/CRACK500_20160308_072944_641_1081_jpg.rf.503e01ab15c2adab5789a6a0726e6095.jpg,test,crack500_20160308_072944_641_1081_jpg,96,192,128,11cd027b1854ce00ed479229ac65e85ecc9fc295852d68aaf326118ebce39f08
379,images/test/CRACK500_20160308_072951_641_361_jpg.rf.13b45f4c7c2eb55f8e4827f054e47c61.jpg,test,crack500_20160308_072951_641_361_jpg,192,192,128,114c5da77c4a85a04e1c1a6bc578ab7d6157a19a0dd66fa378b32542cc731f7b
380,images/test/CRACK500_20160308_073245_1281_1081_jpg.rf.e1ffa885aae0ed8d7141e5fb09153aff.jpg,test,crack500_20160308_073245_1281_1081_jpg,96,96,128,5fa0b4ed765049069312f0782dac7155158a13874eab147e1d46c3b60efdf880
381,images/test/CRACK500_20160308_073245_1281_1081_jpg.rf.e1ffa885aae0ed8d7141e5fb09153aff.jpg,test,crack500_20160308_073245_1281_1081_jpg,192,96,128,5fa0b4ed765049069312f0782dac7155158a13874eab147e1d46c3b60efdf880
382,images/test/CRACK500_20160308_073245_1281_1081_jpg.rf.e1ffa885aae0ed8d7141e5fb09153aff.jpg,test,crack500_20160308_073245_1281_1081_jpg,96,192,128,5fa0b4ed765049069312f0782dac7155158a13874eab147e1d46c3b60efdf880
383,images/test/CRACK500_20160308_073245_1281_1081_jpg.rf.e1ffa885aae0ed8d7141e5fb09153aff.jpg,test,crack500_20160308_073245_1281_1081_jpg,192,192,128,5fa0b4ed765049069312f0782dac7155158a13874eab147e1d46c3b60efdf880
384,images/test/CRACK500_20160308_073245_1281_361_jpg.rf.a73ea50316674c4ff1f486061684c839.jpg,test,crack500_20160308_073245_1281_361_jpg,96,192,128,64647a3685fa8ed368d2c832f431872cce728190ce327da6ab06395974c99445
385,images/test/CRACK500_20160308_073245_1281_361_jpg.rf.a73ea50316674c4ff1f486061684c839.jpg,test,crack500_20160308_073245_1281_361_jpg,192,192,128,64647a3685fa8ed368d2c832f431872cce728190ce327da6ab06395974c99445
386,images/test/CRACK500_20160308_073245_1_721_jpg.rf.ccda2fe10c38b746a0d1ea195931aac8.jpg,test,crack500_20160308_073245_1_721_jpg,96,96,128,18f580e3ccb3bb246a7d0cf7b1d53ac4b8d80d4e1eb60ad995525a2f759d775e
387,images/test/CRACK500_20160308_073245_1_721_jpg.rf.ccda2fe10c38b746a0d1ea195931aac8.jpg,test,crack500_20160308_073245_1_721_jpg,192,96,128,18f580e3ccb3bb246a7d0cf7b1d53ac4b8d80d4e1eb60ad995525a2f759d775e
388,images/test/CRACK500_20160308_073356_641_361_jpg.rf.4f87622463bf81b86d4da2c34f374e6b.jpg,test,crack500_20160308_073356_641_361_jpg,96,96,128,a0525dcf18a1204b9284d3a520e2b6a54e0b3dcb246d5dbe5a632513445735cd
389,images/test/CRACK500_20160308_073356_641_361_jpg.rf.4f87622463bf81b86d4da2c34f374e6b.jpg,test,crack500_20160308_073356_641_361_jpg,192,96,128,a0525dcf18a1204b9284d3a520e2b6a54e0b3dcb246d5dbe5a632513445735cd
390,images/test/CRACK500_20160308_073356_641_361_jpg.rf.4f87622463bf81b86d4da2c34f374e6b.jpg,test,crack500_20160308_073356_641_361_jpg,96,192,128,a0525dcf18a1204b9284d3a520e2b6a54e0b3dcb246d5dbe5a632513445735cd
391,images/test/CRACK500_20160308_073356_641_361_jpg.rf.4f87622463bf81b86d4da2c34f374e6b.jpg,test,crack500_20160308_073356_641_361_jpg,192,192,128,a0525dcf18a1204b9284d3a520e2b6a54e0b3dcb246d5dbe5a632513445735cd
392,images/test/CRACK500_20160308_073356_641_721_jpg.rf.f891198f832e161d537757804df5fa30.jpg,test,crack500_20160308_073356_641_721_jpg,96,96,128,ea6a2552cf55b304a6be8cfc50be3c1e0de0710b7848c1983a3060e08d2403b8
393,images/test/CRACK500_20160308_073356_641_721_jpg.rf.f891198f832e161d537757804df5fa30.jpg,test,crack500_20160308_073356_641_721_jpg,192,96,128,ea6a2552cf55b304a6be8cfc50be3c1e0de0710b7848c1983a3060e08d2403b8
394,images/test/CRACK500_20160308_073356_641_721_jpg.rf.f891198f832e161d537757804df5fa30.jpg,test,crack500_20160308_073356_641_721_jpg,96,192,128,ea6a2552cf55b304a6be8cfc50be3c1e0de0710b7848c1983a3060e08d2403b8
395,images/test/CRACK500_20160308_073356_641_721_jpg.rf.f891198f832e161d537757804df5fa30.jpg,test,crack500_20160308_073356_641_721_jpg,192,192,128,ea6a2552cf55b304a6be8cfc50be3c1e0de0710b7848c1983a3060e08d2403b8
396,images/test/CRACK500_20160308_073532_1921_721_jpg.rf.aaf4192a84a2c1708f4509bf76c5093a.jpg,test,crack500_20160308_073532_1921_721_jpg,192,96,128,deff6b239d9ce79436942cd8798d295faaeb51cf2284108136593fa966e45be7
397,images/test/CRACK500_20160308_073532_1921_721_jpg.rf.aaf4192a84a2c1708f4509bf76c5093a.jpg,test,crack500_20160308_073532_1921_721_jpg,192,192,128,deff6b239d9ce79436942cd8798d295faaeb51cf2284108136593fa966e45be7
398,images/test/CRACK500_20160308_073532_641_361_jpg.rf.2e982d77f12a3012c6fa4f121b5378d6.jpg,test,crack500_20160308_073532_641_361_jpg,96,96,128,58e380b7b15d453580d4b151d750effa2caa9f0317b70982d4d3b56335c877ec
399,images/test/CRACK500_20160308_073532_641_361_jpg.rf.2e982d77f12a3012c6fa4f121b5378d6.jpg,test,crack500_20160308_073532_641_361_jpg,192,96,128,58e380b7b15d453580d4b151d750effa2caa9f0317b70982d4d3b56335c877ec
400,images/test/CRACK500_20160308_073736_1921_721_jpg.rf.b3bf7a06e465e81c19e90f3755cf12dd.jpg,test,crack500_20160308_073736_1921_721_jpg,96,192,128,932cda9c31de7c93ca0da784001b0139ec0d9405ac825b5e803dd7a200b41582
401,images/test/CRACK500_20160308_073736_1921_721_jpg.rf.b3bf7a06e465e81c19e90f3755cf12dd.jpg,test,crack500_20160308_073736_1921_721_jpg,192,192,128,932cda9c31de7c93ca0da784001b0139ec0d9405ac825b5e803dd7a200b41582
402,images/test/CRACK500_20160308_073736_1_361_jpg.rf.edf9940e9569db079ca7b5bf11583f06.jpg,test,crack500_20160308_073736_1_361_jpg,96,96,128,2644bdc0c64c3ecddee481d4b9ec114cf383b32b6f44525b2d50a198fd03605c
403,images/test/CRACK500_20160308_073736_1_361_jpg.rf.edf9940e9569db079ca7b5bf11583f06.jpg,test,crack500_20160308_073736_1_361_jpg,192,96,128,2644bdc0c64c3ecddee481d4b9ec114cf383b32b6f44525b2d50a198fd03605c
404,images/test/CRACK500_20160308_073736_1_361_jpg.rf.edf9940e9569db079ca7b5bf11583f06.jpg,test,crack500_20160308_073736_1_361_jpg,96,192,128,2644bdc0c64c3ecddee481d4b9ec114cf383b32b6f44525b2d50a198fd03605c
405,images/test/CRACK500_20160308_073736_1_361_jpg.rf.edf9940e9569db079ca7b5bf11583f06.jpg,test,crack500_20160308_073736_1_361_jpg,192,192,128,2644bdc0c64c3ecddee481d4b9ec114cf383b32b6f44525b2d50a198fd03605c
406,images/test/CRACK500_20160308_073736_641_361_jpg.rf.2868e7e4db3f06e37bc9fa1c3d742398.jpg,test,crack500_20160308_073736_641_361_jpg,96,192,128,17a0cc33f558c0bec87c6c201a6e3b8598270188e7661bca1376d8d69af69050
407,images/test/CRACK500_20160308_073736_641_361_jpg.rf.2868e7e4db3f06e37bc9fa1c3d742398.jpg,test,crack500_20160308_073736_641_361_jpg,192,192,128,17a0cc33f558c0bec87c6c201a6e3b8598270188e7661bca1376d8d69af69050
408,images/test/CRACK500_20160308_074101_1281_361_jpg.rf.c1f7b39a10d3594081d6244239a503d0.jpg,test,crack500_20160308_074101_1281_361_jpg,96,96,128,b2adbfba69787fab57a810032d49b4ce0e0ca9734942e2f5e272b8e6bc1b6622
409,images/test/CRACK500_20160308_074101_1281_361_jpg.rf.c1f7b39a10d3594081d6244239a503d0.jpg,test,crack500_20160308_074101_1281_361_jpg,192,96,128,b2adbfba69787fab57a810032d49b4ce0e0ca9734942e2f5e272b8e6bc1b6622
410,images/test/CRACK500_20160308_074101_1281_361_jpg.rf.c1f7b39a10d3594081d6244239a503d0.jpg,test,crack500_20160308_074101_1281_361_jpg,96,192,128,b2adbfba69787fab57a810032d49b4ce0e0ca9734942e2f5e272b8e6bc1b6622
411,images/test/CRACK500_20160308_074101_1281_361_jpg.rf.c1f7b39a10d3594081d6244239a503d0.jpg,test,crack500_20160308_074101_1281_361_jpg,192,192,128,b2adbfba69787fab57a810032d49b4ce0e0ca9734942e2f5e272b8e6bc1b6622
412,images/test/CRACK500_20160308_074134_1921_1081_jpg.rf.c95adef5001ba6470b473288661c54d3.jpg,test,crack500_20160308_074134_1921_1081_jpg,96,96,128,57fc9d8c7b53098285f432e5928e553267a01153adb11d3d29046e3cc6d415ab
413,images/test/CRACK500_20160308_074134_1921_1081_jpg.rf.c95adef5001ba6470b473288661c54d3.jpg,test,crack500_20160308_074134_1921_1081_jpg,96,192,128,57fc9d8c7b53098285f432e5928e553267a01153adb11d3d29046e3cc6d415ab
414,images/test/CRACK500_20160308_074321_1281_361_jpg.rf.11ad63a5253e78ef5efe38219d715511.jpg,test,crack500_20160308_074321_1281_361_jpg,96,96,128,8290d699e1d8e3bf4bf473ff4070190aad2d66fdb974c57137a48aed364d36c5
415,images/test/CRACK500_20160308_074321_1281_361_jpg.rf.11ad63a5253e78ef5efe38219d715511.jpg,test,crack500_20160308_074321_1281_361_jpg,192,96,128,8290d699e1d8e3bf4bf473ff4070190aad2d66fdb974c57137a48aed364d36c5
416,images/test/CRACK500_20160308_074321_1921_721_jpg.rf.fef731ba63e05e62148e1c843536f697.jpg,test,crack500_20160308_074321_1921_721_jpg,96,192,128,da0e6a09f3635601b1f440a806df24006b0fdb04a93e7de97e6028cd0f1acc06
417,images/test/CRACK500_20160308_074321_1921_721_jpg.rf.fef731ba63e05e62148e1c843536f697.jpg,test,crack500_20160308_074321_1921_721_jpg,192,192,128,da0e6a09f3635601b1f440a806df24006b0fdb04a93e7de97e6028cd0f1acc06
418,images/test/CRACK500_20160308_074321_641_721_jpg.rf.6972d84aa5e8e653c4fa129c64499b8e.jpg,test,crack500_20160308_074321_641_721_jpg,96,96,128,85d81416b6abb22be68de0528a4cc06474a50889719f5429da53fe3339f5fc1a
419,images/test/CRACK500_20160308_074321_641_721_jpg.rf.6972d84aa5e8e653c4fa129c64499b8e.jpg,test,crack500_20160308_074321_641_721_jpg,96,192,128,85d81416b6abb22be68de0528a4cc06474a50889719f5429da53fe3339f5fc1a
420,images/test/CRACK500_20160308_074330_1_721_jpg.rf.ecf6c74790c7bf39592fe8aafe7ff24c.jpg,test,crack500_20160308_074330_1_721_jpg,96,96,128,acd40ed23dd28f78153dc3cb693ac318d924708be0f3f1dd045ef4ffc28ffac2
421,images/test/CRACK500_20160308_074330_1_721_jpg.rf.ecf6c74790c7bf39592fe8aafe7ff24c.jpg,test,crack500_20160308_074330_1_721_jpg,192,96,128,acd40ed23dd28f78153dc3cb693ac318d924708be0f3f1dd045ef4ffc28ffac2
422,images/test/CRACK500_20160308_074330_1_721_jpg.rf.ecf6c74790c7bf39592fe8aafe7ff24c.jpg,test,crack500_20160308_074330_1_721_jpg,96,192,128,acd40ed23dd28f78153dc3cb693ac318d924708be0f3f1dd045ef4ffc28ffac2
423,images/test/CRACK500_20160308_074330_1_721_jpg.rf.ecf6c74790c7bf39592fe8aafe7ff24c.jpg,test,crack500_20160308_074330_1_721_jpg,192,192,128,acd40ed23dd28f78153dc3cb693ac318d924708be0f3f1dd045ef4ffc28ffac2
424,images/test/CRACK500_20160308_074330_641_361_jpg.rf.4b79fcdd6310694aac699b512034ed8c.jpg,test,crack500_20160308_074330_641_361_jpg,96,96,128,5ab0fbc7ddca91ebcf7671893e0bbc984340dc86f9c98cccfb901e97b1431160
425,images/test/CRACK500_20160308_074330_641_361_jpg.rf.4b79fcdd6310694aac699b512034ed8c.jpg,test,crack500_20160308_074330_641_361_jpg,192,96,128,5ab0fbc7ddca91ebcf7671893e0bbc984340dc86f9c98cccfb901e97b1431160
426,images/test/CRACK500_20160308_074702_1_361_jpg.rf.975c316f2b54a61df25ea10ed7aae52f.jpg,test,crack500_20160308_074702_1_361_jpg,96,96,128,ac58e633a07118291e0ea455c53e7d152a31aebf8a62d969c19cd4a1751584ce
427,images/test/CRACK500_20160308_074702_1_361_jpg.rf.975c316f2b54a61df25ea10ed7aae52f.jpg,test,crack500_20160308_074702_1_361_jpg,192,96,128,ac58e633a07118291e0ea455c53e7d152a31aebf8a62d969c19cd4a1751584ce
428,images/test/CRACK500_20160308_155516_1_1081_jpg.rf.9b1e8e420631bf11d11db8109266013a.jpg,test,crack500_20160308_155516_1_1081_jpg,96,96,128,068b6c337440f744987fb9dfa208421f3cf11a1f731b19270c7fcdaccdd16d1b
429,images/test/CRACK500_20160308_155516_1_1081_jpg.rf.9b1e8e420631bf11d11db8109266013a.jpg,test,crack500_20160308_155516_1_1081_jpg,96,192,128,068b6c337440f744987fb9dfa208421f3cf11a1f731b19270c7fcdaccdd16d1b
430,images/test/CRACK500_20160308_155516_641_1_jpg.rf.fba6bbf7b6580371d365b6ad8f4b14a7.jpg,test,crack500_20160308_155516_641_1_jpg,96,96,128,0355e5d908d7d242759195308c6d95aec68f381d36fbc9710ceb088db798cae0
431,images/test/CRACK500_20160308_155516_641_1_jpg.rf.fba6bbf7b6580371d365b6ad8f4b14a7.jpg,test,crack500_20160308_155516_641_1_jpg,96,192,128,0355e5d908d7d242759195308c6d95aec68f381d36fbc9710ceb088db798cae0
432,images/test/CRACK500_20160308_155537_1281_361_jpg.rf.1870cad2c52b94d9d231453cb36f9ce6.jpg,test,crack500_20160308_155537_1281_361_jpg,96,96,128,da22a93db0c8142b1916f1eee3fea935edc20e4b5e836a3efadb6964f5093cd9
433,images/test/CRACK500_20160308_155537_1281_361_jpg.rf.1870cad2c52b94d9d231453cb36f9ce6.jpg,test,crack500_20160308_155537_1281_361_jpg,192,96,128,da22a93db0c8142b1916f1eee3fea935edc20e4b5e836a3efadb6964f5093cd9
434,images/test/CRACK500_20160308_155537_641_721_jpg.rf.b702296d0d993fda17b485f2be641a40.jpg,test,crack500_20160308_155537_641_721_jpg,96,192,128,d0c0dc7fe71818789fc9c84d23bcf528438eae1e8a30ef527b68948613f17353
435,images/test/CRACK500_20160308_155537_641_721_jpg.rf.b702296d0d993fda17b485f2be641a40.jpg,test,crack500_20160308_155537_641_721_jpg,192,192,128,d0c0dc7fe71818789fc9c84d23bcf528438eae1e8a30ef527b68948613f17353
436,images/test/CRACK500_20160308_155720_1921_361_jpg.rf.6c41747f7c25e9563b6739fed3b01238.jpg,test,crack500_20160308_155720_1921_361_jpg,192,96,128,c3ed71398a247a681a456fa26274124cf1fa8f1ba8778f09a45c76b2f563cf44
437,images/test/CRACK500_20160308_155720_1921_361_jpg.rf.6c41747f7c25e9563b6739fed3b01238.jpg,test,crack500_20160308_155720_1921_361_jpg,96,192,128,c3ed71398a247a681a456fa26274124cf1fa8f1ba8778f09a45c76b2f563cf44
438,images/test/CRACK500_20160308_155720_1921_361_jpg.rf.6c41747f7c25e9563b6739fed3b01238.jpg,test,crack500_20160308_155720_1921_361_jpg,192,192,128,c3ed71398a247a681a456fa26274124cf1fa8f1ba8778f09a45c76b2f563cf44
439,images/test/CRACK500_20160308_155720_1921_721_jpg.rf.6d915b4a11bcc5bcf4ee1833130b381d.jpg,test,crack500_20160308_155720_1921_721_jpg,96,192,128,6da274179506da67311b578f833576b14f7c080775d0552474516669eaf0fafb
440,images/test/CRACK500_20160308_155720_1921_721_jpg.rf.6d915b4a11bcc5bcf4ee1833130b381d.jpg,test,crack500_20160308_155720_1921_721_jpg,192,192,128,6da274179506da67311b578f833576b14f7c080775d0552474516669eaf0fafb
441,images/test/CRACK500_20160308_155720_1_361_jpg.rf.b4b15bc68093edd537f23a6d0cc87f7e.jpg,test,crack500_20160308_155720_1_361_jpg,96,96,128,aa09ea9df518eb2051e2e6c384de1f7131f19435edaf2be966d2f5ff52d4e3b7
442,images/test/CRACK500_20160308_155720_1_361_jpg.rf.b4b15bc68093edd537f23a6d0cc87f7e.jpg,test,crack500_20160308_155720_1_361_jpg,192,96,128,aa09ea9df518eb2051e2e6c384de1f7131f19435edaf2be966d2f5ff52d4e3b7
443,images/test/CRACK500_20160308_155720_1_361_jpg.rf.b4b15bc68093edd537f23a6d0cc87f7e.jpg,test,crack500_20160308_155720_1_361_jpg,96,192,128,aa09ea9df518eb2051e2e6c384de1f7131f19435edaf2be966d2f5ff52d4e3b7
444,images/test/CRACK500_20160308_155720_1_361_jpg.rf.b4b15bc68093edd537f23a6d0cc87f7e.jpg,test,crack500_20160308_155720_1_361_jpg,192,192,128,aa09ea9df518eb2051e2e6c384de1f7131f19435edaf2be966d2f5ff52d4e3b7
445,images/test/CRACK500_20160308_155731_1281_361_jpg.rf.480fb6fcf02c50603c3ac5325d594fe9.jpg,test,crack500_20160308_155731_1281_361_jpg,192,96,128,bf7cf3e765ca60d0df4429663b2247ec9c6281237fa6ae00a2814363e67fe705
446,images/test/CRACK500_20160308_155731_1281_361_jpg.rf.480fb6fcf02c50603c3ac5325d594fe9.jpg,test,crack500_20160308_155731_1281_361_jpg,192,192,128,bf7cf3e765ca60d0df4429663b2247ec9c6281237fa6ae00a2814363e67fe705
447,images/test/CRACK500_20160308_155731_1281_721_jpg.rf.7b1a2ccba6d4ea7cef0a70728d356f0c.jpg,test,crack500_20160308_155731_1281_721_jpg,192,96,128,219c2eec2db9bbcfcd840a2e588c7bcf5881049c6eca0ec6dbfbb79ab6824935
448,images/test/CRACK500_20160308_155731_1281_721_jpg.rf.7b1a2ccba6d4ea7cef0a70728d356f0c.jpg,test,crack500_20160308_155731_1281_721_jpg,96,192,128,219c2eec2db9bbcfcd840a2e588c7bcf5881049c6eca0ec6dbfbb79ab6824935
449,images/test/CRACK500_20160308_155731_1281_721_jpg.rf.7b1a2ccba6d4ea7cef0a70728d356f0c.jpg,test,crack500_20160308_155731_1281_721_jpg,192,192,128,219c2eec2db9bbcfcd840a2e588c7bcf5881049c6eca0ec6dbfbb79ab6824935
450,images/test/CRACK500_20160308_155737_641_1081_jpg.rf.afb71ba44bcf7cd8f3c36f23f928c8b1.jpg,test,crack500_20160308_155737_641_1081_jpg,96,192,128,5708eaebae02db331203d7ce02c1199e859df896c4755a28b7f8e85515609021
451,images/test/CRACK500_20160308_155737_641_1081_jpg.rf.afb71ba44bcf7cd8f3c36f23f928c8b1.jpg,test,crack500_20160308_155737_641_1081_jpg,192,192,128,5708eaebae02db331203d7ce02c1199e859df896c4755a28b7f8e85515609021
452,images/test/CRACK500_20160308_155828_1921_361_jpg.rf.2eefc781746425f7f4362a1166639b7e.jpg,test,crack500_20160308_155828_1921_361_jpg,96,96,128,a02a45bfbdfafdaf8867fe6d5064ab94b0c93adc7d7c7090f78b3b66939b205c
453,images/test/CRACK500_20160308_155828_1921_361_jpg.rf.2eefc781746425f7f4362a1166639b7e.jpg,test,crack500_20160308_155828_1921_361_jpg,192,96,128,a02a45bfbdfafdaf8867fe6d5064ab94b0c93adc7d7c7090f78b3b66939b205c
454,images/test/CRACK500_20160308_155828_1921_361_jpg.rf.2eefc781746425f7f4362a1166639b7e.jpg,test,crack500_20160308_155828_1921_361_jpg,96,192,128,a02a45bfbdfafdaf8867fe6d5064ab94b0c93adc7d7c7090f78b3b66939b205c
455,images/test/CRACK500_20160308_155828_1921_361_jpg.rf.2eefc781746425f7f4362a1166639b7e.jpg,test,crack500_20160308_155828_1921_361_jpg,192,192,128,a02a45bfbdfafdaf8867fe6d5064ab94b0c93adc7d7c7090f78b3b66939b205c
456,images/test/CRACK500_20160308_155828_1921_721_jpg.rf.1945127a3db56fd461502e880ecea71c.jpg,test,crack500_20160308_155828_1921_721_jpg,96,96,128,3143ef86cc85b46e39aae9eafac5dc4e1d097d2f633502bed04c7b94f807e8d8
457,images/test/CRACK500_20160308_155828_1921_721_jpg.rf.1945127a3db56fd461502e880ecea71c.jpg,test,crack500_20160308_155828_1921_721_jpg,192,96,128,3143ef86cc85b46e39aae9eafac5dc4e1d097d2f633502bed04c7b94f807e8d8
458,images/test/CRACK500_20160308_155828_1921_721_jpg.rf.1945127a3db56fd461502e880ecea71c.jpg,test,crack500_20160308_155828_1921_721_jpg,96,192,128,3143ef86cc85b46e39aae9eafac5dc4e1d097d2f633502bed04c7b94f807e8d8
459,images/test/CRACK500_20160308_155828_1921_721_jpg.rf.1945127a3db56fd461502e880ecea71c.jpg,test,crack500_20160308_155828_1921_721_jpg,192,192,128,3143ef86cc85b46e39aae9eafac5dc4e1d097d2f633502bed04c7b94f807e8d8
460,images/test/CRACK500_20160308_155828_1_721_jpg.rf.19dec43b1ad43b1c6ff6d6fc8defee3b.jpg,test,crack500_20160308_155828_1_721_jpg,96,96,128,1b0bc3e388e82c207a7b25525ea02e9471fabca0eafad0be4ed41ebb26f3b573
461,images/test/CRACK500_20160308_155828_1_721_jpg.rf.19dec43b1ad43b1c6ff6d6fc8defee3b.jpg,test,crack500_20160308_155828_1_721_jpg,192,96,128,1b0bc3e388e82c207a7b25525ea02e9471fabca0eafad0be4ed41ebb26f3b573
462,images/test/CRACK500_20160308_155828_1_721_jpg.rf.19dec43b1ad43b1c6ff6d6fc8defee3b.jpg,test,crack500_20160308_155828_1_721_jpg,96,192,128,1b0bc3e388e82c207a7b25525ea02e9471fabca0eafad0be4ed41ebb26f3b573
463,images/test/CRACK500_20160308_155828_1_721_jpg.rf.19dec43b1ad43b1c6ff6d6fc8defee3b.jpg,test,crack500_20160308_155828_1_721_jpg,192,192,128,1b0bc3e388e82c207a7b25525ea02e9471fabca0eafad0be4ed41ebb26f3b573
464,images/test/CRACK500_20160308_155836_1281_361_jpg.rf.811d60e5d7294034c3071f250fd75aa1.jpg,test,crack500_20160308_155836_1281_361_jpg,96,96,128,e25857ff0591b1aec2dc364e848094c4cc42e9e561edb7a3a26166f06a12ab4a
465,images/test/CRACK500_20160308_155836_1281_361_jpg.rf.811d60e5d7294034c3071f250fd75aa1.jpg,test,crack500_20160308_155836_1281_361_jpg,192,96,128,e25857ff0591b1aec2dc364e848094c4cc42e9e561edb7a3a26166f06a12ab4a
466,images/test/CRACK500_20160308_155836_1281_361_jpg.rf.811d60e5d7294034c3071f250fd75aa1.jpg,test,crack500_20160308_155836_1281_361_jpg,96,192,128,e25857ff0591b1aec2dc364e848094c4cc42e9e561edb7a3a26166f06a12ab4a
467,images/test/CRACK500_20160308_155836_1281_361_jpg.rf.811d60e5d7294034c3071f250fd75aa1.jpg,test,crack500_20160308_155836_1281_361_jpg,192,192,128,e25857ff0591b1aec2dc364e848094c4cc42e9e561edb7a3a26166f06a12ab4a
468,images/test/CRACK500_20160308_155836_641_721_jpg.rf.e66778e13a339a77bbb4583bbf542a36.jpg,test,crack500_20160308_155836_641_721_jpg,96,192,128,fe382e41f7536477fac3b3092572090ad1b5f7e16a4c4d4429b2787f4f93b99a
469,images/test/CRACK500_20160308_155836_641_721_jpg.rf.e66778e13a339a77bbb4583bbf542a36.jpg,test,crack500_20160308_155836_641_721_jpg,192,192,128,fe382e41f7536477fac3b3092572090ad1b5f7e16a4c4d4429b2787f4f93b99a
470,images/test/CRACK500_20160308_155847_1921_1_jpg.rf.f52dd0f87e6833ae5559cf013911283d.jpg,test,crack500_20160308_155847_1921_1_jpg,96,96,128,2d1d87892d42a11684f9e1ece61e361d40ee9810740aaa9d20772937edb81f48
471,images/test/CRACK500_20160308_155847_1921_1_jpg.rf.f52dd0f87e6833ae5559cf013911283d.jpg,test,crack500_20160308_155847_1921_1_jpg,192,96,128,2d1d87892d42a11684f9e1ece61e361d40ee9810740aaa9d20772937edb81f48
472,images/test/CRACK500_20160308_155847_1921_1_jpg.rf.f52dd0f87e6833ae5559cf013911283d.jpg,test,crack500_20160308_155847_1921_1_jpg,96,192,128,2d1d87892d42a11684f9e1ece61e361d40ee9810740aaa9d20772937edb81f48
473,images/test/CRACK500_20160308_155847_1921_361_jpg.rf.52441d090fef299e2a401c6c0575c163.jpg,test,crack500_20160308_155847_1921_361_jpg,96,192,128,efd2a17477a3fe5c85c0b87502db80dda860c51e439105b02028e114744047b4
474,images/test/CRACK500_20160308_155847_1921_361_jpg.rf.52441d090fef299e2a401c6c0575c163.jpg,test,crack500_20160308_155847_1921_361_jpg,192,192,128,efd2a17477a3fe5c85c0b87502db80dda860c51e439105b02028e114744047b4
475,images/test/CRACK500_20160308_160053_641_721_jpg.rf.b5f0766adcffc146eff8f9c1e0b504f3.jpg,test,crack500_20160308_160053_641_721_jpg,96,96,128,853c1e54a5bed48cd2ad5218991404173520025994eb668299ed4d83ef3fa173
476,images/test/CRACK500_20160308_160053_641_721_jpg.rf.b5f0766adcffc146eff8f9c1e0b504f3.jpg,test,crack500_20160308_160053_641_721_jpg,192,96,128,853c1e54a5bed48cd2ad5218991404173520025994eb668299ed4d83ef3fa173
477,images/test/CRACK500_20160308_160053_641_721_jpg.rf.b5f0766adcffc146eff8f9c1e0b504f3.jpg,test,crack500_20160308_160053_641_721_jpg,96,192,128,853c1e54a5bed48cd2ad5218991404173520025994eb668299ed4d83ef3fa173
478,images/test/CRACK500_20160308_160053_641_721_jpg.rf.b5f0766adcffc146eff8f9c1e0b504f3.jpg,test,crack500_20160308_160053_641_721_jpg,192,192,128,853c1e54a5bed48cd2ad5218991404173520025994eb668299ed4d83ef3fa173
479,images/test/CRACK500_20160308_160128_1281_1_jpg.rf.5aaa1071241e2b65fa4fb2ded8090859.jpg,test,crack500_20160308_160128_1281_1_jpg,96,96,128,c7debb4002e0ff18be507ce2f4ce743c7c17809df6ef0233bed00a806bc9443b
480,images/test/CRACK500_20160308_160128_1281_1_jpg.rf.5aaa1071241e2b65fa4fb2ded8090859.jpg,test,crack500_20160308_160128_1281_1_jpg,192,96,128,c7debb4002e0ff18be507ce2f4ce743c7c17809df6ef0233bed00a806bc9443b
481,images/test/CRACK500_20160308_160128_1281_361_jpg.rf.513f817ea0bc2e17dbb422679f48a23b.jpg,test,crack500_20160308_160128_1281_361_jpg,96,96,128,ac346aad1e6db042e91c02943fad145267865f85f0e7e72d3a0cd579f316c83a
482,images/test/CRACK500_20160308_160128_1281_361_jpg.rf.513f817ea0bc2e17dbb422679f48a23b.jpg,test,crack500_20160308_160128_1281_361_jpg,192,96,128,ac346aad1e6db042e91c02943fad145267865f85f0e7e72d3a0cd579f316c83a
483,images/test/CRACK500_20160308_160128_1281_361_jpg.rf.513f817ea0bc2e17dbb422679f48a23b.jpg,test,crack500_20160308_160128_1281_361_jpg,96,192,128,ac346aad1e6db042e91c02943fad145267865f85f0e7e72d3a0cd579f316c83a
484,images/test/CRACK500_20160308_160128_1281_361_jpg.rf.513f817ea0bc2e17dbb422679f48a23b.jpg,test,crack500_20160308_160128_1281_361_jpg,192,192,128,ac346aad1e6db042e91c02943fad145267865f85f0e7e72d3a0cd579f316c83a
485,images/test/CRACK500_20160308_160128_1921_721_jpg.rf.8469bf5d59f8da42065c3cccf8780f33.jpg,test,crack500_20160308_160128_1921_721_jpg,96,96,128,045f0e650adc38879f16eda8c1d815198bc1670e2d0484fc9df19206dce8019d
486,images/test/CRACK500_20160308_160128_1921_721_jpg.rf.8469bf5d59f8da42065c3cccf8780f33.jpg,test,crack500_20160308_160128_1921_721_jpg,192,96,128,045f0e650adc38879f16eda8c1d815198bc1670e2d0484fc9df19206dce8019d
487,images/test/CRACK500_20160310_114418_1281_1081_jpg.rf.bd8b89461f7fe031819a0da4ec26d9ce.jpg,test,crack500_20160310_114418_1281_1081_jpg,96,96,128,4cff4c7b1f1ac3f909274af800beb124fea3a03acdbc41bc6ee0892a27c51ae9
488,images/test/CRACK500_20160310_114418_1281_1081_jpg.rf.bd8b89461f7fe031819a0da4ec26d9ce.jpg,test,crack500_20160310_114418_1281_1081_jpg,192,96,128,4cff4c7b1f1ac3f909274af800beb124fea3a03acdbc41bc6ee0892a27c51ae9
489,images/test/CRACK500_20160310_114418_1281_1081_jpg.rf.bd8b89461f7fe031819a0da4ec26d9ce.jpg,test,crack500_20160310_114418_1281_1081_jpg,96,192,128,4cff4c7b1f1ac3f909274af800beb124fea3a03acdbc41bc6ee0892a27c51ae9
490,images/test/CRACK500_20160310_114418_1281_1081_jpg.rf.bd8b89461f7fe031819a0da4ec26d9ce.jpg,test,crack500_20160310_114418_1281_1081_jpg,192,192,128,4cff4c7b1f1ac3f909274af800beb124fea3a03acdbc41bc6ee0892a27c51ae9
491,images/test/CRACK500_20160310_114418_1281_1_jpg.rf.125bfb2ad21bbf5a999af251cff6dd06.jpg,test,crack500_20160310_114418_1281_1_jpg,96,96,128,85f35f581d687e813989cabb1356a23960d17e29370a543f9c3cea392498ec99
492,images/test/CRACK500_20160310_114418_1281_1_jpg.rf.125bfb2ad21bbf5a999af251cff6dd06.jpg,test,crack500_20160310_114418_1281_1_jpg,192,96,128,85f35f581d687e813989cabb1356a23960d17e29370a543f9c3cea392498ec99
493,images/test/CRACK500_20160310_114418_1281_1_jpg.rf.125bfb2ad21bbf5a999af251cff6dd06.jpg,test,crack500_20160310_114418_1281_1_jpg,96,192,128,85f35f581d687e813989cabb1356a23960d17e29370a543f9c3cea392498ec99
494,images/test/CRACK500_20160310_114418_1281_1_jpg.rf.125bfb2ad21bbf5a999af251cff6dd06.jpg,test,crack500_20160310_114418_1281_1_jpg,192,192,128,85f35f581d687e813989cabb1356a23960d17e29370a543f9c3cea392498ec99
495,images/test/CRACK500_20160310_114425_1281_721_jpg.rf.e9846977205285de5f71e1bccd335c35.jpg,test,crack500_20160310_114425_1281_721_jpg,96,96,128,3aa8ef46ab8bf9c44dceb50a3c1f29124a60b4f7ff82e6eb677fd986548df932
496,images/test/CRACK500_20160310_114425_1281_721_jpg.rf.e9846977205285de5f71e1bccd335c35.jpg,test,crack500_20160310_114425_1281_721_jpg,192,96,128,3aa8ef46ab8bf9c44dceb50a3c1f29124a60b4f7ff82e6eb677fd986548df932
497,images/test/CRACK500_20160310_114425_1281_721_jpg.rf.e9846977205285de5f71e1bccd335c35.jpg,test,crack500_20160310_114425_1281_721_jpg,96,192,128,3aa8ef46ab8bf9c44dceb50a3c1f29124a60b4f7ff82e6eb677fd986548df932
498,images/test/CRACK500_20160310_114425_1281_721_jpg.rf.e9846977205285de5f71e1bccd335c35.jpg,test,crack500_20160310_114425_1281_721_jpg,192,192,128,3aa8ef46ab8bf9c44dceb50a3c1f29124a60b4f7ff82e6eb677fd986548df932
499,images/test/CRACK500_20160310_114425_641_1_jpg.rf.de18fd59e8ff6350628f6c10070fc0e1.jpg,test,crack500_20160310_114425_641_1_jpg,96,96,128,b1087c461642814d3886d5aafc66e74e00fa65b11b1f634268a29113a99113cb
500,images/test/CRACK500_20160310_114425_641_1_jpg.rf.de18fd59e8ff6350628f6c10070fc0e1.jpg,test,crack500_20160310_114425_641_1_jpg,96,192,128,b1087c461642814d3886d5aafc66e74e00fa65b11b1f634268a29113a99113cb
501,images/test/CRACK500_20160310_114425_641_361_jpg.rf.e66b50ad90306f250ee3ca9b0c3beceb.jpg,test,crack500_20160310_114425_641_361_jpg,96,96,128,ce4eab7c5d766f9563b2987dc21b697e2fa42c79c934c7ab5de466d4fad4909b
502,images/test/CRACK500_20160310_114425_641_361_jpg.rf.e66b50ad90306f250ee3ca9b0c3beceb.jpg,test,crack500_20160310_114425_641_361_jpg,96,192,128,ce4eab7c5d766f9563b2987dc21b697e2fa42c79c934c7ab5de466d4fad4909b
503,images/test/CRACK500_20160310_114429_641_1_jpg.rf.76a088fa4fbdfae39427b646aa5666a8.jpg,test,crack500_20160310_114429_641_1_jpg,96,96,128,4d4f193f2e7f4c2a7d57911043c7592736e263014bea283a98bd6e946b378dcc
504,images/test/CRACK500_20160310_114429_641_1_jpg.rf.76a088fa4fbdfae39427b646aa5666a8.jpg,test,crack500_20160310_114429_641_1_jpg,192,96,128,4d4f193f2e7f4c2a7d57911043c7592736e263014bea283a98bd6e946b378dcc
505,images/test/CRACK500_20160310_114429_641_1_jpg.rf.76a088fa4fbdfae39427b646aa5666a8.jpg,test,crack500_20160310_114429_641_1_jpg,96,192,128,4d4f193f2e7f4c2a7d57911043c7592736e263014bea283a98bd6e946b378dcc
506,images/test/CRACK500_20160310_114429_641_1_jpg.rf.76a088fa4fbdfae39427b646aa5666a8.jpg,test,crack500_20160310_114429_641_1_jpg,192,192,128,4d4f193f2e7f4c2a7d57911043c7592736e263014bea283a98bd6e946b378dcc
507,images/test/CRACK500_20160310_114446_641_1_jpg.rf.fdf1db987bafeafa87c848e8c669778c.jpg,test,crack500_20160310_114446_641_1_jpg,96,96,128,23968eeaf8a2fff955f5674370c1c4d2a7ca4cbb5ec1d286934360df3c9fcd85
508,images/test/CRACK500_20160310_114446_641_1_jpg.rf.fdf1db987bafeafa87c848e8c669778c.jpg,test,crack500_20160310_114446_641_1_jpg,96,192,128,23968eeaf8a2fff955f5674370c1c4d2a7ca4cbb5ec1d286934360df3c9fcd85
509,images/test/CRACK500_20160310_114459_641_1081_jpg.rf.117e282bf3b91df2375abbf0c866082d.jpg,test,crack500_20160310_114459_641_1081_jpg,96,96,128,567495b449f92dd39245d38643ab6db344a3447170875ae651f70c70e4595595
510,images/test/CRACK500_20160310_114459_641_361_jpg.rf.b636e59d9683ed11115ce63c42f63cb4.jpg,test,crack500_20160310_114459_641_361_jpg,96,96,128,8a6a84912bfa725e8cc9fd8a9577aebf75c5dcd2122bc3207cf7ad661d424519
511,images/test/CRACK500_20160310_114459_641_361_jpg.rf.b636e59d9683ed11115ce63c42f63cb4.jpg,test,crack500_20160310_114459_641_361_jpg,96,192,128,8a6a84912bfa725e8cc9fd8a9577aebf75c5dcd2122bc3207cf7ad661d424519
512,images/test/CRACK500_20160310_114505_641_721_jpg.rf.09c0b9312b4f903c524d382548e6b5eb.jpg,test,crack500_20160310_114505_641_721_jpg,96,96,128,53d84744cef50e62e8577654e1e58794ca5c5c989040e615949311e7c34f1ea5
513,images/test/CRACK500_20160310_114505_641_721_jpg.rf.09c0b9312b4f903c524d382548e6b5eb.jpg,test,crack500_20160310_114505_641_721_jpg,96,192,128,53d84744cef50e62e8577654e1e58794ca5c5c989040e615949311e7c34f1ea5
514,images/test/CRACK500_20160310_114658_1281_1081_jpg.rf.31a4686748822792575ce741edc8c176.jpg,test,crack500_20160310_114658_1281_1081_jpg,96,96,128,5ada1c86a4ac2fdb33e73c6a8ca8bc5be7b30b3037c156fe691a318f5ce4af33
515,images/test/CRACK500_20160310_114658_1281_1081_jpg.rf.31a4686748822792575ce741edc8c176.jpg,test,crack500_20160310_114658_1281_1081_jpg,192,96,128,5ada1c86a4ac2fdb33e73c6a8ca8bc5be7b30b3037c156fe691a318f5ce4af33
516,images/test/CRACK500_20160310_114658_1281_1081_jpg.rf.31a4686748822792575ce741edc8c176.jpg,test,crack500_20160310_114658_1281_1081_jpg,96,192,128,5ada1c86a4ac2fdb33e73c6a8ca8bc5be7b30b3037c156fe691a318f5ce4af33
517,images/test/CRACK500_20160310_114658_1281_1081_jpg.rf.31a4686748822792575ce741edc8c176.jpg,test,crack500_20160310_114658_1281_1081_jpg,192,192,128,5ada1c86a4ac2fdb33e73c6a8ca8bc5be7b30b3037c156fe691a318f5ce4af33
518,images/test/CRACK500_20160316_141721_1281_721_jpg.rf.499a252cc41fff9b5ab80a08134c8b72.jpg,test,crack500_20160316_141721_1281_721_jpg,96,192,128,ae496edab902e2fb2b342b70881f667376150c2fcd0b8cc64b8450ba557bff8f
519,images/test/CRACK500_20160316_141721_1281_721_jpg.rf.499a252cc41fff9b5ab80a08134c8b72.jpg,test,crack500_20160316_141721_1281_721_jpg,192,192,128,ae496edab902e2fb2b342b70881f667376150c2fcd0b8cc64b8450ba557bff8f
520,images/test/CRACK500_20160316_141736_1_1081_jpg.rf.9b80552cadac6602a7fb6bcd87a42e68.jpg,test,crack500_20160316_141736_1_1081_jpg,192,96,128,9dc555b3a29b59922b5f2955482adf30c69d7d75c3950b298a34cc949e631f5b
521,images/test/CRACK500_20160316_141736_1_1081_jpg.rf.9b80552cadac6602a7fb6bcd87a42e68.jpg,test,crack500_20160316_141736_1_1081_jpg,192,192,128,9dc555b3a29b59922b5f2955482adf30c69d7d75c3950b298a34cc949e631f5b
522,images/test/CRACK500_20160316_142014_1_1081_jpg.rf.c07bcb04342faf3f298b2134e3722287.jpg,test,crack500_20160316_142014_1_1081_jpg,96,96,128,c21d00b340677ab065b39a863ee686305284acfd5f9c6316a31e4a7f73deb19f
523,images/test/CRACK500_20160316_142014_1_1081_jpg.rf.c07bcb04342faf3f298b2134e3722287.jpg,test,crack500_20160316_142014_1_1081_jpg,192,96,128,c21d00b340677ab065b39a863ee686305284acfd5f9c6316a31e4a7f73deb19f
524,images/test/CRACK500_20160316_142014_641_1081_jpg.rf.c2998cff7ceb27c9c542a3a4af30a53d.jpg,test,crack500_20160316_142014_641_1081_jpg,192,96,128,4d807e6d09f74687c4e348fd17b2e33700db45297011a4a22738a4cf5f8d3d84
525,images/test/CRACK500_20160316_142014_641_1081_jpg.rf.c2998cff7ceb27c9c542a3a4af30a53d.jpg,test,crack500_20160316_142014_641_1081_jpg,192,192,128,4d807e6d09f74687c4e348fd17b2e33700db45297011a4a22738a4cf5f8d3d84
526,images/test/CRACK500_20160316_142027_1921_361_jpg.rf.133c847f9c92bf4e44843766ec8ec90f.jpg,test,crack500_20160316_142027_1921_361_jpg,96,192,128,a0096698b18e3ae48ddd9c1890bd78041352d93f079e500d21ad1e1540f664da
527,images/test/CRACK500_20160316_142027_1921_361_jpg.rf.133c847f9c92bf4e44843766ec8ec90f.jpg,test,crack500_20160316_142027_1921_361_jpg,192,192,128,a0096698b18e3ae48ddd9c1890bd78041352d93f079e500d21ad1e1540f664da
528,images/test/CRACK500_20160316_142031_1281_361_jpg.rf.b63127ae8c9ad849b36347a5846a5808.jpg,test,crack500_20160316_142031_1281_361_jpg,96,96,128,578dfb7f84e0bda64ae0c15dd566f34a5f672e53c806c60cbfeee9f701d82c3a
529,images/test/CRACK500_20160316_142031_1281_361_jpg.rf.b63127ae8c9ad849b36347a5846a5808.jpg,test,crack500_20160316_142031_1281_361_jpg,192,96,128,578dfb7f84e0bda64ae0c15dd566f34a5f672e53c806c60cbfeee9f701d82c3a
530,images/test/CRACK500_20160316_142031_1281_361_jpg.rf.b63127ae8c9ad849b36347a5846a5808.jpg,test,crack500_20160316_142031_1281_361_jpg,96,192,128,578dfb7f84e0bda64ae0c15dd566f34a5f672e53c806c60cbfeee9f701d82c3a
531,images/test/CRACK500_20160316_142031_1281_361_jpg.rf.b63127ae8c9ad849b36347a5846a5808.jpg,test,crack500_20160316_142031_1281_361_jpg,192,192,128,578dfb7f84e0bda64ae0c15dd566f34a5f672e53c806c60cbfeee9f701d82c3a
532,images/test/CRACK500_20160316_142031_1921_721_jpg.rf.d7b41a1758c00347c8ac667a9aa11dfa.jpg,test,crack500_20160316_142031_1921_721_jpg,96,96,128,a0ae8f883bd29572c08a4a2994e6e44ad8de9bd861b8816bc687ad4dc43ba51b
533,images/test/CRACK500_20160316_142031_1921_721_jpg.rf.d7b41a1758c00347c8ac667a9aa11dfa.jpg,test,crack500_20160316_142031_1921_721_jpg,192,96,128,a0ae8f883bd29572c08a4a2994e6e44ad8de9bd861b8816bc687ad4dc43ba51b
534,images/test/CRACK500_20160316_142031_1921_721_jpg.rf.d7b41a1758c00347c8ac667a9aa11dfa.jpg,test,crack500_20160316_142031_1921_721_jpg,96,192,128,a0ae8f883bd29572c08a4a2994e6e44ad8de9bd861b8816bc687ad4dc43ba51b
535,images/test/CRACK500_20160316_142031_1921_721_jpg.rf.d7b41a1758c00347c8ac667a9aa11dfa.jpg,test,crack500_20160316_142031_1921_721_jpg,192,192,128,a0ae8f883bd29572c08a4a2994e6e44ad8de9bd861b8816bc687ad4dc43ba51b
536,images/test/CRACK500_20160316_142031_1_361_jpg.rf.b020ecc179d3e20e25669b330cc88bb4.jpg,test,crack500_20160316_142031_1_361_jpg,96,96,128,d3d5e578a07fafdd6c39c6d7d1e2ca8c21aca135a76614224a519c702e482acb
537,images/test/CRACK500_20160316_142031_1_361_jpg.rf.b020ecc179d3e20e25669b330cc88bb4.jpg,test,crack500_20160316_142031_1_361_jpg,192,96,128,d3d5e578a07fafdd6c39c6d7d1e2ca8c21aca135a76614224a519c702e482acb
538,images/test/CRACK500_20160316_142031_1_361_jpg.rf.b020ecc179d3e20e25669b330cc88bb4.jpg,test,crack500_20160316_142031_1_361_jpg,96,192,128,d3d5e578a07fafdd6c39c6d7d1e2ca8c21aca135a76614224a519c702e482acb
539,images/test/CRACK500_20160316_142031_641_721_jpg.rf.044264625225f374cabfa496b1ec9bc4.jpg,test,crack500_20160316_142031_641_721_jpg,96,96,128,33a81993a3c34c9ba75b81a6a5820ab5d075e5ac184a0bdc57b74be595fc1781
540,images/test/CRACK500_20160316_142031_641_721_jpg.rf.044264625225f374cabfa496b1ec9bc4.jpg,test,crack500_20160316_142031_641_721_jpg,192,96,128,33a81993a3c34c9ba75b81a6a5820ab5d075e5ac184a0bdc57b74be595fc1781
541,images/test/CRACK500_20160316_142031_641_721_jpg.rf.044264625225f374cabfa496b1ec9bc4.jpg,test,crack500_20160316_142031_641_721_jpg,96,192,128,33a81993a3c34c9ba75b81a6a5820ab5d075e5ac184a0bdc57b74be595fc1781
542,images/test/CRACK500_20160316_142031_641_721_jpg.rf.044264625225f374cabfa496b1ec9bc4.jpg,test,crack500_20160316_142031_641_721_jpg,192,192,128,33a81993a3c34c9ba75b81a6a5820ab5d075e5ac184a0bdc57b74be595fc1781
543,images/test/CRACK500_20160316_142223_361_1_jpg.rf.38c182a1bf6e09dddace5f67f9943d4a.jpg,test,crack500_20160316_142223_361_1_jpg,96,96,128,a2e2b2f4d3bccb7d3e7a07ea9a898878a08a89d44aa7c63cf7f879d3aa1a3e71
544,images/test/CRACK500_20160316_142223_361_1_jpg.rf.38c182a1bf6e09dddace5f67f9943d4a.jpg,test,crack500_20160316_142223_361_1_jpg,96,192,128,a2e2b2f4d3bccb7d3e7a07ea9a898878a08a89d44aa7c63cf7f879d3aa1a3e71
545,images/test/CRACK500_20160316_142223_361_641_jpg.rf.8d14d8946cb93a8a9b339bbb60593639.jpg,test,crack500_20160316_142223_361_641_jpg,96,96,128,e0267c6aca556d7eba61fd8a4a4c581a9724f0901e607d5e37cb3b5bee56536f
546,images/test/CRACK500_20160316_142223_361_641_jpg.rf.8d14d8946cb93a8a9b339bbb60593639.jpg,test,crack500_20160316_142223_361_641_jpg,192,96,128,e0267c6aca556d7eba61fd8a4a4c581a9724f0901e607d5e37cb3b5bee56536f
547,images/test/CRACK500_20160316_142223_361_641_jpg.rf.8d14d8946cb93a8a9b339bbb60593639.jpg,test,crack500_20160316_142223_361_641_jpg,96,192,128,e0267c6aca556d7eba61fd8a4a4c581a9724f0901e607d5e37cb3b5bee56536f
548,images/test/CRACK500_20160316_142223_721_641_jpg.rf.bdc817638ddb53c134c5f2de49cbde5d.jpg,test,crack500_20160316_142223_721_641_jpg,96,96,128,efb00b318f083f42754b07f72766ba2b422212161d7fd140807b8ddc9bdf96b2
549,images/test/CRACK500_20160316_142223_721_641_jpg.rf.bdc817638ddb53c134c5f2de49cbde5d.jpg,test,crack500_20160316_142223_721_641_jpg,192,96,128,efb00b318f083f42754b07f72766ba2b422212161d7fd140807b8ddc9bdf96b2
550,images/test/CRACK500_20160316_142223_721_641_jpg.rf.bdc817638ddb53c134c5f2de49cbde5d.jpg,test,crack500_20160316_142223_721_641_jpg,96,192,128,efb00b318f083f42754b07f72766ba2b422212161d7fd140807b8ddc9bdf96b2
551,images/test/CRACK500_20160316_142223_721_641_jpg.rf.bdc817638ddb53c134c5f2de49cbde5d.jpg,test,crack500_20160316_142223_721_641_jpg,192,192,128,efb00b318f083f42754b07f72766ba2b422212161d7fd140807b8ddc9bdf96b2
552,images/test/CRACK500_20160316_142226_641_361_jpg.rf.10d14e18b4e21d8b935d1b5b13323233.jpg,test,crack500_20160316_142226_641_361_jpg,96,96,128,38341b7de71411b4632a63eab7ba2fa6fd8392589b11e13db68a10ff7d79da94
553,images/test/CRACK500_20160316_142226_641_361_jpg.rf.10d14e18b4e21d8b935d1b5b13323233.jpg,test,crack500_20160316_142226_641_361_jpg,192,96,128,38341b7de71411b4632a63eab7ba2fa6fd8392589b11e13db68a10ff7d79da94
554,images/test/CRACK500_20160316_142449_641_361_jpg.rf.88f017aea37f76a00c9267ae150f0135.jpg,test,crack500_20160316_142449_641_361_jpg,96,96,128,596a675ded26e07cda1cb34de208a589e7456cd62f5980c30a570d1c0e67e789
555,images/test/CRACK500_20160316_142449_641_361_jpg.rf.88f017aea37f76a00c9267ae150f0135.jpg,test,crack500_20160316_142449_641_361_jpg,192,96,128,596a675ded26e07cda1cb34de208a589e7456cd62f5980c30a570d1c0e67e789
556,images/test/CRACK500_20160316_142539_1281_721_jpg.rf.2a85e59c3000b0e00ccd2186b419afc7.jpg,test,crack500_20160316_142539_1281_721_jpg,96,192,128,264313428022f1fe0f6637a4fe4791b941b376df6a99232113fa4911b616978b
557,images/test/CRACK500_20160316_142539_1281_721_jpg.rf.2a85e59c3000b0e00ccd2186b419afc7.jpg,test,crack500_20160316_142539_1281_721_jpg,192,192,128,264313428022f1fe0f6637a4fe4791b941b376df6a99232113fa4911b616978b
558,images/test/CRACK500_20160316_142539_1921_361_jpg.rf.3ba4664bb23d7e73ed38431e2ab0bf5d.jpg,test,crack500_20160316_142539_1921_361_jpg,96,96,128,67484928db8481a332c4e71813dd1e09a423e1ef5db7abfc2a7d92e66b64a3d6
559,images/test/CRACK500_20160316_142539_1921_361_jpg.rf.3ba4664bb23d7e73ed38431e2ab0bf5d.jpg,test,crack500_20160316_142539_1921_361_jpg,192,96,128,67484928db8481a332c4e71813dd1e09a423e1ef5db7abfc2a7d92e66b64a3d6
560,images/test/CRACK500_20160316_142539_641_721_jpg.rf.54956bac0c47bbc83f8cd37136c31e65.jpg,test,crack500_20160316_142539_641_721_jpg,96,192,128,465ddc5ed47c0f8b2e67471b6552561bba87a6f4027f95b52df07698d0a8cb7b
561,images/test/CRACK500_20160316_142539_641_721_jpg.rf.54956bac0c47bbc83f8cd37136c31e65.jpg,test,crack500_20160316_142539_641_721_jpg,192,192,128,465ddc5ed47c0f8b2e67471b6552561bba87a6f4027f95b52df07698d0a8cb7b
562,images/test/CRACK500_20160316_143433_1921_1081_jpg.rf.16e02fccb5b8144a7a1ce5a4474a25ec.jpg,test,crack500_20160316_143433_1921_1081_jpg,96,192,128,6527081b8cbd5599055a0b49f6962caad9ffbfae5d67b8ff22f3b6986129722e
563,images/test/CRACK500_20160316_143433_1921_1081_jpg.rf.16e02fccb5b8144a7a1ce5a4474a25ec.jpg,test,crack500_20160316_143433_1921_1081_jpg,192,192,128,6527081b8cbd5599055a0b49f6962caad9ffbfae5d67b8ff22f3b6986129722e
564,images/test/CRACK500_20160316_143445_1281_1_jpg.rf.af5e7317901fada16665a58846c4b990.jpg,test,crack500_20160316_143445_1281_1_jpg,192,96,128,d5239f100440299644b25be14a89e8d53499d0337f8f646f222b80504e508971
565,images/test/CRACK500_20160316_143445_1281_1_jpg.rf.af5e7317901fada16665a58846c4b990.jpg,test,crack500_20160316_143445_1281_1_jpg,192,192,128,d5239f100440299644b25be14a89e8d53499d0337f8f646f222b80504e508971
566,images/test/CRACK500_20160316_143527_1_361_jpg.rf.6a3b77d82bc9ecac4244835ab703d376.jpg,test,crack500_20160316_143527_1_361_jpg,96,96,128,1912fa28917186ec911fb9dc27ea43764bb5b1108be854a1587b56a8431762d7
567,images/test/CRACK500_20160316_143527_1_361_jpg.rf.6a3b77d82bc9ecac4244835ab703d376.jpg,test,crack500_20160316_143527_1_361_jpg,96,192,128,1912fa28917186ec911fb9dc27ea43764bb5b1108be854a1587b56a8431762d7
568,images/test/CRACK500_20160316_143603_1_1_jpg.rf.740301ee90aa5b7969a5af087bcab3fb.jpg,test,crack500_20160316_143603_1_1_jpg,192,96,128,317985dfaa37d381a385f695100d10d96f75ac5445b270f7acd0ab99bdd97760
569,images/test/CRACK500_20160316_143603_1_1_jpg.rf.740301ee90aa5b7969a5af087bcab3fb.jpg,test,crack500_20160316_143603_1_1_jpg,192,192,128,317985dfaa37d381a385f695100d10d96f75ac5445b270f7acd0ab99bdd97760
570,images/test/CRACK500_20160316_143603_1_721_jpg.rf.1902ffbff2d5d3bca1277fe22c2b458d.jpg,test,crack500_20160316_143603_1_721_jpg,96,96,128,404459d59df713dbc2f36f58ef453991ced283aa2ad78e83e0ce5e9ff748cfbe
571,images/test/CRACK500_20160316_143603_1_721_jpg.rf.1902ffbff2d5d3bca1277fe22c2b458d.jpg,test,crack500_20160316_143603_1_721_jpg,96,192,128,404459d59df713dbc2f36f58ef453991ced283aa2ad78e83e0ce5e9ff748cfbe
572,images/test/CRACK500_20160316_143624_1081_1281_jpg.rf.0b9350f91e063e34b450bb0512f61a05.jpg,test,crack500_20160316_143624_1081_1281_jpg,96,96,128,28594b32bd566d2d7d95ac592627b03287e296fd83a7ff370e0a95bd2456d2a0
573,images/test/CRACK500_20160316_143624_1081_1281_jpg.rf.0b9350f91e063e34b450bb0512f61a05.jpg,test,crack500_20160316_143624_1081_1281_jpg,192,96,128,28594b32bd566d2d7d95ac592627b03287e296fd83a7ff370e0a95bd2456d2a0
574,images/test/CRACK500_20160316_143624_1081_1281_jpg.rf.0b9350f91e063e34b450bb0512f61a05.jpg,test,crack500_20160316_143624_1081_1281_jpg,96,192,128,28594b32bd566d2d7d95ac592627b03287e296fd83a7ff370e0a95bd2456d2a0
575,images/test/CRACK500_20160316_143624_1081_1281_jpg.rf.0b9350f91e063e34b450bb0512f61a05.jpg,test,crack500_20160316_143624_1081_1281_jpg,192,192,128,28594b32bd566d2d7d95ac592627b03287e296fd83a7ff370e0a95bd2456d2a0
576,images/test/CRACK500_20160316_143624_361_1281_jpg.rf.f6ceb7b43fab427f5e531afee71e227b.jpg,test,crack500_20160316_143624_361_1281_jpg,96,96,128,43d794b6780045e845bc45a2c44b4b904960db4107ad89310a12df1db8ca9c2e
577,images/test/CRACK500_20160316_143624_361_1281_jpg.rf.f6ceb7b43fab427f5e531afee71e227b.jpg,test,crack500_20160316_143624_361_1281_jpg,96,192,128,43d794b6780045e845bc45a2c44b4b904960db4107ad89310a12df1db8ca9c2e
578,images/test/CRACK500_20160316_143629_641_721_jpg.rf.c7709f98820c7bbff2f8ca59675703b5.jpg,test,crack500_20160316_143629_641_721_jpg,96,96,128,af5c26dad5906dce1546248f7e024bba79a2d94d2522a9f856c75339ecf0de71
579,images/test/CRACK500_20160316_143629_641_721_jpg.rf.c7709f98820c7bbff2f8ca59675703b5.jpg,test,crack500_20160316_143629_641_721_jpg,192,96,128,af5c26dad5906dce1546248f7e024bba79a2d94d2522a9f856c75339ecf0de71
580,images/test/CRACK500_20160316_143629_641_721_jpg.rf.c7709f98820c7bbff2f8ca59675703b5.jpg,test,crack500_20160316_143629_641_721_jpg,96,192,128,af5c26dad5906dce1546248f7e024bba79a2d94d2522a9f856c75339ecf0de71
581,images/test/CRACK500_20160316_143629_641_721_jpg.rf.c7709f98820c7bbff2f8ca59675703b5.jpg,test,crack500_20160316_143629_641_721_jpg,192,192,128,af5c26dad5906dce1546248f7e024bba79a2d94d2522a9f856c75339ecf0de71
582,images/test/CRACK500_20160316_144105_1_361_jpg.rf.1b751a3e7b9ea11968e61f0d76860f70.jpg,test,crack500_20160316_144105_1_361_jpg,96,96,128,1d71ef4663b5aaee3741bf4bd95422b3cc87e0959edc9b8edec9ea708f4802ab
583,images/test/CRACK500_20160316_144105_1_361_jpg.rf.1b751a3e7b9ea11968e61f0d76860f70.jpg,test,crack500_20160316_144105_1_361_jpg,192,96,128,1d71ef4663b5aaee3741bf4bd95422b3cc87e0959edc9b8edec9ea708f4802ab
584,images/test/CRACK500_20160316_144212_1_721_jpg.rf.3977b9f78a053c1c506727254d758cb7.jpg,test,crack500_20160316_144212_1_721_jpg,96,192,128,cd4e1007bbe5bf8a3acd90b39cdd7d84a333f5e2aa5ee1ef6dda4fc656ef81c9
585,images/test/CRACK500_20160316_144212_1_721_jpg.rf.3977b9f78a053c1c506727254d758cb7.jpg,test,crack500_20160316_144212_1_721_jpg,192,192,128,cd4e1007bbe5bf8a3acd90b39cdd7d84a333f5e2aa5ee1ef6dda4fc656ef81c9
586,images/test/CRACK500_20160316_144241_1281_1_jpg.rf.57e7e81a6bb86b5bb50b087b790041d0.jpg,test,crack500_20160316_144241_1281_1_jpg,192,96,128,be3d470b1d8650d518bb45fd49f6b62a579202f6119a90ca67eba9b3eb7fc2a1
587,images/test/CRACK500_20160316_144241_1281_1_jpg.rf.57e7e81a6bb86b5bb50b087b790041d0.jpg,test,crack500_20160316_144241_1281_1_jpg,192,192,128,be3d470b1d8650d518bb45fd49f6b62a579202f6119a90ca67eba9b3eb7fc2a1
588,images/test/CRACK500_20160316_144241_1921_1081_jpg.rf.eb236e2d49cf870cfda00174e1c3bff0.jpg,test,crack500_20160316_144241_1921_1081_jpg,96,96,128,b3993f6c4d6d81694d49ba3abb1c3be94ff9cf6dab1fd2b02f2ac5313a55cae3
589,images/test/CRACK500_20160316_144241_1921_1081_jpg.rf.eb236e2d49cf870cfda00174e1c3bff0.jpg,test,crack500_20160316_144241_1921_1081_jpg,96,192,128,b3993f6c4d6d81694d49ba3abb1c3be94ff9cf6dab1fd2b02f2ac5313a55cae3
590,images/test/CRACK500_20160316_144241_1921_1081_jpg.rf.eb236e2d49cf870cfda00174e1c3bff0.jpg,test,crack500_20160316_144241_1921_1081_jpg,192,192,128,b3993f6c4d6d81694d49ba3abb1c3be94ff9cf6dab1fd2b02f2ac5313a55cae3
591,images/test/CRACK500_20160316_144241_1_721_jpg.rf.2bff8e0bf91d2d38f923d3586e3b53f0.jpg,test,crack500_20160316_144241_1_721_jpg,96,96,128,0d35f37705bbf9c89cfedbae638f0507d013c64e9eecd119d05bc3ae0cf77a2e
592,images/test/CRACK500_20160316_144241_1_721_jpg.rf.2bff8e0bf91d2d38f923d3586e3b53f0.jpg,test,crack500_20160316_144241_1_721_jpg,192,96,128,0d35f37705bbf9c89cfedbae638f0507d013c64e9eecd119d05bc3ae0cf77a2e
593,images/test/CRACK500_20160316_144241_1_721_jpg.rf.2bff8e0bf91d2d38f923d3586e3b53f0.jpg,test,crack500_20160316_144241_1_721_jpg,96,192,128,0d35f37705bbf9c89cfedbae638f0507d013c64e9eecd119d05bc3ae0cf77a2e
594,images/test/CRACK500_20160316_144241_641_1_jpg.rf.f4ebca4f8f2fa854189ab0eae599a7b8.jpg,test,crack500_20160316_144241_641_1_jpg,96,96,128,23ad986bcaf9a12134bfb095839d86ab54cba3c3bfaa36f66b93e63ae9fed9c0
595,images/test/CRACK500_20160316_144241_641_1_jpg.rf.f4ebca4f8f2fa854189ab0eae599a7b8.jpg,test,crack500_20160316_144241_641_1_jpg,192,96,128,23ad986bcaf9a12134bfb095839d86ab54cba3c3bfaa36f66b93e63ae9fed9c0
596,images/test/CRACK500_20160316_144241_641_1_jpg.rf.f4ebca4f8f2fa854189ab0eae599a7b8.jpg,test,crack500_20160316_144241_641_1_jpg,96,192,128,23ad986bcaf9a12134bfb095839d86ab54cba3c3bfaa36f66b93e63ae9fed9c0
597,images/test/CRACK500_20160316_144241_641_1_jpg.rf.f4ebca4f8f2fa854189ab0eae599a7b8.jpg,test,crack500_20160316_144241_641_1_jpg,192,192,128,23ad986bcaf9a12134bfb095839d86ab54cba3c3bfaa36f66b93e63ae9fed9c0
598,images/test/CRACK500_20160316_144431_1281_1081_jpg.rf.3056958ac34e2683e2394cb11dc8df3f.jpg,test,crack500_20160316_144431_1281_1081_jpg,96,96,128,9f10fe6b124066e33e5d479d5fe8d67afe17440df55dbdd0394578777eae2431
599,images/test/CRACK500_20160316_144431_1281_1081_jpg.rf.3056958ac34e2683e2394cb11dc8df3f.jpg,test,crack500_20160316_144431_1281_1081_jpg,192,96,128,9f10fe6b124066e33e5d479d5fe8d67afe17440df55dbdd0394578777eae2431
600,images/test/CRACK500_20160316_144431_1281_1081_jpg.rf.3056958ac34e2683e2394cb11dc8df3f.jpg,test,crack500_20160316_144431_1281_1081_jpg,96,192,128,9f10fe6b124066e33e5d479d5fe8d67afe17440df55dbdd0394578777eae2431
601,images/test/CRACK500_20160316_144431_1281_1081_jpg.rf.3056958ac34e2683e2394cb11dc8df3f.jpg,test,crack500_20160316_144431_1281_1081_jpg,192,192,128,9f10fe6b124066e33e5d479d5fe8d67afe17440df55dbdd0394578777eae2431
602,images/test/CRACK500_20160318_084343_1921_721_jpg.rf.28e80080ff2cb69a0dccd45b9ea835ca.jpg,test,crack500_20160318_084343_1921_721_jpg,96,192,128,a3d1a95d83cf10314c5aca9542aab89c204caacda51919114e8263c4e2881b04
603,images/test/CRACK500_20160318_084343_1921_721_jpg.rf.28e80080ff2cb69a0dccd45b9ea835ca.jpg,test,crack500_20160318_084343_1921_721_jpg,192,192,128,a3d1a95d83cf10314c5aca9542aab89c204caacda51919114e8263c4e2881b04
604,images/test/CRACK500_20160318_181602_1_1081_jpg.rf.bb872153122cb62c471a5d26b4d89c67.jpg,test,crack500_20160318_181602_1_1081_jpg,96,96,128,e96c15e6de82953e248eca0e8912ca806e1c510fbd0cc8a0227a75fff7fc3de9
605,images/test/CRACK500_20160318_181602_1_1081_jpg.rf.bb872153122cb62c471a5d26b4d89c67.jpg,test,crack500_20160318_181602_1_1081_jpg,192,96,128,e96c15e6de82953e248eca0e8912ca806e1c510fbd0cc8a0227a75fff7fc3de9
606,images/test/CRACK500_20160318_181602_1_1081_jpg.rf.bb872153122cb62c471a5d26b4d89c67.jpg,test,crack500_20160318_181602_1_1081_jpg,96,192,128,e96c15e6de82953e248eca0e8912ca806e1c510fbd0cc8a0227a75fff7fc3de9
607,images/test/CRACK500_20160318_181602_1_1081_jpg.rf.bb872153122cb62c471a5d26b4d89c67.jpg,test,crack500_20160318_181602_1_1081_jpg,192,192,128,e96c15e6de82953e248eca0e8912ca806e1c510fbd0cc8a0227a75fff7fc3de9
608,images/test/CRACK500_20160318_181602_641_721_jpg.rf.beb63c062e273bf9aafcef4fabb59ffe.jpg,test,crack500_20160318_181602_641_721_jpg,96,96,128,2a25a3c024b6afeb61a8375d87a61ebab0a8a39971f960b3edf8aa65ef375e63
609,images/test/CRACK500_20160318_181602_641_721_jpg.rf.beb63c062e273bf9aafcef4fabb59ffe.jpg,test,crack500_20160318_181602_641_721_jpg,192,96,128,2a25a3c024b6afeb61a8375d87a61ebab0a8a39971f960b3edf8aa65ef375e63
610,images/test/CRACK500_20160318_181602_641_721_jpg.rf.beb63c062e273bf9aafcef4fabb59ffe.jpg,test,crack500_20160318_181602_641_721_jpg,96,192,128,2a25a3c024b6afeb61a8375d87a61ebab0a8a39971f960b3edf8aa65ef375e63
611,images/test/CRACK500_20160318_181602_641_721_jpg.rf.beb63c062e273bf9aafcef4fabb59ffe.jpg,test,crack500_20160318_181602_641_721_jpg,192,192,128,2a25a3c024b6afeb61a8375d87a61ebab0a8a39971f960b3edf8aa65ef375e63
612,images/test/CRACK500_20160321_183909_1_361_jpg.rf.4ba5bb877ef0e595b600c6532c11cc9c.jpg,test,crack500_20160321_183909_1_361_jpg,96,96,128,3f1d0dba088be66c7efd07993440024f4d6dde09af61de09733d8e2725642214
613,images/test/CRACK500_20160321_183909_1_361_jpg.rf.4ba5bb877ef0e595b600c6532c11cc9c.jpg,test,crack500_20160321_183909_1_361_jpg,192,96,128,3f1d0dba088be66c7efd07993440024f4d6dde09af61de09733d8e2725642214
614,images/test/CRACK500_20160321_183909_1_721_jpg.rf.ff7c085acf5f313c3d2b7fc833572b12.jpg,test,crack500_20160321_183909_1_721_jpg,96,96,128,b8b848c3bf5996cf7670e7351435aadf63d239c0a7c94549fb23a1dca2a83829
615,images/test/CRACK500_20160321_183909_1_721_jpg.rf.ff7c085acf5f313c3d2b7fc833572b12.jpg,test,crack500_20160321_183909_1_721_jpg,192,96,128,b8b848c3bf5996cf7670e7351435aadf63d239c0a7c94549fb23a1dca2a83829
616,images/test/CRACK500_20160321_183909_1_721_jpg.rf.ff7c085acf5f313c3d2b7fc833572b12.jpg,test,crack500_20160321_183909_1_721_jpg,96,192,128,b8b848c3bf5996cf7670e7351435aadf63d239c0a7c94549fb23a1dca2a83829
617,images/test/CRACK500_20160321_183909_1_721_jpg.rf.ff7c085acf5f313c3d2b7fc833572b12.jpg,test,crack500_20160321_183909_1_721_jpg,192,192,128,b8b848c3bf5996cf7670e7351435aadf63d239c0a7c94549fb23a1dca2a83829
618,images/test/CRACK500_20160321_183909_641_721_jpg.rf.80f8350d3b59864f3bb9c9927d12a4c5.jpg,test,crack500_20160321_183909_641_721_jpg,96,192,128,2999ffa5b12cd0f8718fda493b0f049f55e2746839e5a17da9c9b9ffbda51286
619,images/test/CRACK500_20160321_183909_641_721_jpg.rf.80f8350d3b59864f3bb9c9927d12a4c5.jpg,test,crack500_20160321_183909_641_721_jpg,192,192,128,2999ffa5b12cd0f8718fda493b0f049f55e2746839e5a17da9c9b9ffbda51286
620,images/test/CRACK500_20160321_183947_1921_721_jpg.rf.d0b6675fdfb6b0403d38a9353e5c4043.jpg,test,crack500_20160321_183947_1921_721_jpg,96,192,128,a160fbdb92ee085b626085e59957325dce47edc523033565d2c042f140f05922
621,images/test/CRACK500_20160321_183947_1921_721_jpg.rf.d0b6675fdfb6b0403d38a9353e5c4043.jpg,test,crack500_20160321_183947_1921_721_jpg,192,192,128,a160fbdb92ee085b626085e59957325dce47edc523033565d2c042f140f05922
622,images/test/CRACK500_20160321_183951_1281_361_jpg.rf.9da398a32bcbbcf729a544cdefc7d716.jpg,test,crack500_20160321_183951_1281_361_jpg,192,96,128,7840622f0b037d7fbdadfe106890213dcfbf8d3dbe313269a7e83fad89ab3311
623,images/test/CRACK500_20160321_183951_1281_361_jpg.rf.9da398a32bcbbcf729a544cdefc7d716.jpg,test,crack500_20160321_183951_1281_361_jpg,192,192,128,7840622f0b037d7fbdadfe106890213dcfbf8d3dbe313269a7e83fad89ab3311
624,images/test/CRACK500_20160321_183951_1921_721_jpg.rf.2ccfae67af7a039b8911880f5818a8d0.jpg,test,crack500_20160321_183951_1921_721_jpg,96,192,128,1afd9b10831dfe104bc1ad722669f122757cfc08ed6a9ddf119e4193e838d065
625,images/test/CRACK500_20160321_183951_1921_721_jpg.rf.2ccfae67af7a039b8911880f5818a8d0.jpg,test,crack500_20160321_183951_1921_721_jpg,192,192,128,1afd9b10831dfe104bc1ad722669f122757cfc08ed6a9ddf119e4193e838d065
626,images/test/CRACK500_20160321_185457_1921_1081_jpg.rf.96353eb0a2dd1a2c8e649f7615dfac82.jpg,test,crack500_20160321_185457_1921_1081_jpg,192,96,128,17d91f08cabf822d3bb1b3dc9feff283fa2c1a7e77ce284f3ae76def597a690f
627,images/test/CRACK500_20160321_185457_1921_1081_jpg.rf.96353eb0a2dd1a2c8e649f7615dfac82.jpg,test,crack500_20160321_185457_1921_1081_jpg,192,192,128,17d91f08cabf822d3bb1b3dc9feff283fa2c1a7e77ce284f3ae76def597a690f
628,images/test/CRACK500_20160321_185457_1921_721_jpg.rf.4d5b5527453a8dfd644b8709bfb20666.jpg,test,crack500_20160321_185457_1921_721_jpg,96,96,128,e56493c8ecb6a1b979acefb4e5679b937f4de632be7eb05970624f7eeffdabb4
629,images/test/CRACK500_20160321_185457_1921_721_jpg.rf.4d5b5527453a8dfd644b8709bfb20666.jpg,test,crack500_20160321_185457_1921_721_jpg,192,96,128,e56493c8ecb6a1b979acefb4e5679b937f4de632be7eb05970624f7eeffdabb4
630,images/test/CRACK500_20160321_185457_1921_721_jpg.rf.4d5b5527453a8dfd644b8709bfb20666.jpg,test,crack500_20160321_185457_1921_721_jpg,96,192,128,e56493c8ecb6a1b979acefb4e5679b937f4de632be7eb05970624f7eeffdabb4
631,images/test/CRACK500_20160321_185457_1921_721_jpg.rf.4d5b5527453a8dfd644b8709bfb20666.jpg,test,crack500_20160321_185457_1921_721_jpg,192,192,128,e56493c8ecb6a1b979acefb4e5679b937f4de632be7eb05970624f7eeffdabb4
632,images/test/CRACK500_20160321_185457_1_361_jpg.rf.9f24f366abd0414366fe5d34fa28f93e.jpg,test,crack500_20160321_185457_1_361_jpg,96,96,128,f085ec7ccc0b9f90a2023d8f2fa0d90fb435fe8c4c87bc25070ac4b5c9458055
633,images/test/CRACK500_20160321_185457_1_361_jpg.rf.9f24f366abd0414366fe5d34fa28f93e.jpg,test,crack500_20160321_185457_1_361_jpg,192,96,128,f085ec7ccc0b9f90a2023d8f2fa0d90fb435fe8c4c87bc25070ac4b5c9458055
634,images/test/CRACK500_20160321_185457_1_361_jpg.rf.9f24f366abd0414366fe5d34fa28f93e.jpg,test,crack500_20160321_185457_1_361_jpg,192,192,128,f085ec7ccc0b9f90a2023d8f2fa0d90fb435fe8c4c87bc25070ac4b5c9458055
635,images/test/CRACK500_20160321_185457_1_721_jpg.rf.545d086e842674f8788758c909be718a.jpg,test,crack500_20160321_185457_1_721_jpg,96,192,128,85b4789cce31702394797b39efe8b90a6e5312fea1d60b21f42e6765b935acad
636,images/test/CRACK500_20160321_185457_1_721_jpg.rf.545d086e842674f8788758c909be718a.jpg,test,crack500_20160321_185457_1_721_jpg,192,192,128,85b4789cce31702394797b39efe8b90a6e5312fea1d60b21f42e6765b935acad
637,images/test/CRACK500_20160321_185518_1_1081_jpg.rf.2bce3a73f5bd1e81ee779f6c618498ef.jpg,test,crack500_20160321_185518_1_1081_jpg,96,96,128,12cb78652260aae781f2d5abd1db2048cc0e32193392c4659b300eb9576b5d46
638,images/test/CRACK500_20160321_185518_1_1081_jpg.rf.2bce3a73f5bd1e81ee779f6c618498ef.jpg,test,crack500_20160321_185518_1_1081_jpg,192,96,128,12cb78652260aae781f2d5abd1db2048cc0e32193392c4659b300eb9576b5d46
639,images/test/CRACK500_20160321_185518_1_1081_jpg.rf.2bce3a73f5bd1e81ee779f6c618498ef.jpg,test,crack500_20160321_185518_1_1081_jpg,96,192,128,12cb78652260aae781f2d5abd1db2048cc0e32193392c4659b300eb9576b5d46
640,images/test/CRACK500_20160321_185518_1_1081_jpg.rf.2bce3a73f5bd1e81ee779f6c618498ef.jpg,test,crack500_20160321_185518_1_1081_jpg,192,192,128,12cb78652260aae781f2d5abd1db2048cc0e32193392c4659b300eb9576b5d46
641,images/test/CRACK500_20160321_185534_1921_361_jpg.rf.a756db19d1e5ac245cc5c463334c538a.jpg,test,crack500_20160321_185534_1921_361_jpg,96,96,128,d282b8766014aef70c48714df98c182af9c2aafbe107f05b783e711ec985df2a
642,images/test/CRACK500_20160321_185534_1921_361_jpg.rf.a756db19d1e5ac245cc5c463334c538a.jpg,test,crack500_20160321_185534_1921_361_jpg,192,96,128,d282b8766014aef70c48714df98c182af9c2aafbe107f05b783e711ec985df2a
643,images/test/CRACK500_20160321_185534_1921_361_jpg.rf.a756db19d1e5ac245cc5c463334c538a.jpg,test,crack500_20160321_185534_1921_361_jpg,96,192,128,d282b8766014aef70c48714df98c182af9c2aafbe107f05b783e711ec985df2a
644,images/test/CRACK500_20160321_185534_1921_361_jpg.rf.a756db19d1e5ac245cc5c463334c538a.jpg,test,crack500_20160321_185534_1921_361_jpg,192,192,128,d282b8766014aef70c48714df98c182af9c2aafbe107f05b783e711ec985df2a
645,images/test/CRACK500_20160321_185534_1921_721_jpg.rf.d04bf49f121fe2aea68db0d59fabcd48.jpg,test,crack500_20160321_185534_1921_721_jpg,96,96,128,bfd0c39762b885918d42d0cff92343f87392ea66d223753655aac0edeb5959a1
646,images/test/CRACK500_20160321_185534_1921_721_jpg.rf.d04bf49f121fe2aea68db0d59fabcd48.jpg,test,crack500_20160321_185534_1921_721_jpg,192,96,128,bfd0c39762b885918d42d0cff92343f87392ea66d223753655aac0edeb5959a1
647,images/test/CRACK500_20160321_185534_1921_721_jpg.rf.d04bf49f121fe2aea68db0d59fabcd48.jpg,test,crack500_20160321_185534_1921_721_jpg,96,192,128,bfd0c39762b885918d42d0cff92343f87392ea66d223753655aac0edeb5959a1
648,images/test/CRACK500_20160321_185534_1921_721_jpg.rf.d04bf49f121fe2aea68db0d59fabcd48.jpg,test,crack500_20160321_185534_1921_721_jpg,192,192,128,bfd0c39762b885918d42d0cff92343f87392ea66d223753655aac0edeb5959a1
649,images/test/CRACK500_20160321_185557_1921_1081_jpg.rf.f73da84219275f85e3af642dc856e386.jpg,test,crack500_20160321_185557_1921_1081_jpg,96,192,128,d5faf044e8374a8dc9f9c288eda65837fc9b344ce334cba5a4c4c350e1da477e
650,images/test/CRACK500_20160321_185557_1921_1081_jpg.rf.f73da84219275f85e3af642dc856e386.jpg,test,crack500_20160321_185557_1921_1081_jpg,192,192,128,d5faf044e8374a8dc9f9c288eda65837fc9b344ce334cba5a4c4c350e1da477e
651,images/test/CRACK500_20160321_185637_1281_1_jpg.rf.53eb82c8e0e8d0e720ce33b670eb7e0c.jpg,test,crack500_20160321_185637_1281_1_jpg,96,96,128,63d573707c87fe926bfc9893fc882a6a5924bc1c08f8a5fffd0b5621f9ccdc9e
652,images/test/CRACK500_20160321_185637_1281_1_jpg.rf.53eb82c8e0e8d0e720ce33b670eb7e0c.jpg,test,crack500_20160321_185637_1281_1_jpg,192,96,128,63d573707c87fe926bfc9893fc882a6a5924bc1c08f8a5fffd0b5621f9ccdc9e
653,images/test/CRACK500_20160321_185637_1281_1_jpg.rf.53eb82c8e0e8d0e720ce33b670eb7e0c.jpg,test,crack500_20160321_185637_1281_1_jpg,96,192,128,63d573707c87fe926bfc9893fc882a6a5924bc1c08f8a5fffd0b5621f9ccdc9e
654,images/test/CRACK500_20160321_185637_1281_721_jpg.rf.29cc1cc0b843097fa42ca7428adc1b1c.jpg,test,crack500_20160321_185637_1281_721_jpg,192,96,128,203b2c3a4fced7a43e61878071deb0de271bf0e71818d47a86c578895a148d21
655,images/test/CRACK500_20160321_185637_1281_721_jpg.rf.29cc1cc0b843097fa42ca7428adc1b1c.jpg,test,crack500_20160321_185637_1281_721_jpg,96,192,128,203b2c3a4fced7a43e61878071deb0de271bf0e71818d47a86c578895a148d21
656,images/test/CRACK500_20160321_185637_1281_721_jpg.rf.29cc1cc0b843097fa42ca7428adc1b1c.jpg,test,crack500_20160321_185637_1281_721_jpg,192,192,128,203b2c3a4fced7a43e61878071deb0de271bf0e71818d47a86c578895a148d21
657,images/test/CRACK500_20160321_185637_1_1_jpg.rf.1cd47d3dd77df037e23411b1e07a533e.jpg,test,crack500_20160321_185637_1_1_jpg,192,96,128,c368e18002c8850b5e793c72b6f413d3f21a0235e68a10fbc6a3367fa8f2f2bd
658,images/test/CRACK500_20160321_185637_1_1_jpg.rf.1cd47d3dd77df037e23411b1e07a533e.jpg,test,crack500_20160321_185637_1_1_jpg,192,192,128,c368e18002c8850b5e793c72b6f413d3f21a0235e68a10fbc6a3367fa8f2f2bd
659,images/test/CRACK500_20160324_170323_641_361_jpg.rf.d9b21152f23c0bbc2fa2aa73acbd3f5a.jpg,test,crack500_20160324_170323_641_361_jpg,96,96,128,06f3259492540612b20cc0863316543e10f1b474c66fee9c0108ed3e87d07f1e
660,images/test/CRACK500_20160324_170323_641_361_jpg.rf.d9b21152f23c0bbc2fa2aa73acbd3f5a.jpg,test,crack500_20160324_170323_641_361_jpg,192,96,128,06f3259492540612b20cc0863316543e10f1b474c66fee9c0108ed3e87d07f1e
661,images/test/CRACK500_20160324_170323_641_361_jpg.rf.d9b21152f23c0bbc2fa2aa73acbd3f5a.jpg,test,crack500_20160324_170323_641_361_jpg,96,192,128,06f3259492540612b20cc0863316543e10f1b474c66fee9c0108ed3e87d07f1e
662,images/test/CRACK500_20160324_170323_641_361_jpg.rf.d9b21152f23c0bbc2fa2aa73acbd3f5a.jpg,test,crack500_20160324_170323_641_361_jpg,192,192,128,06f3259492540612b20cc0863316543e10f1b474c66fee9c0108ed3e87d07f1e
663,images/test/CRACK500_20160324_170347_1281_1081_jpg.rf.22b6809da13ad28b8d3ac4e6ac1300ec.jpg,test,crack500_20160324_170347_1281_1081_jpg,96,96,128,03e08def2ec86746b06a1fa4a452d85c865fd6a0ccdeec13030904b38867983e
664,images/test/CRACK500_20160324_170347_1281_1081_jpg.rf.22b6809da13ad28b8d3ac4e6ac1300ec.jpg,test,crack500_20160324_170347_1281_1081_jpg,192,96,128,03e08def2ec86746b06a1fa4a452d85c865fd6a0ccdeec13030904b38867983e
665,images/test/CRACK500_20160324_170347_1281_1081_jpg.rf.22b6809da13ad28b8d3ac4e6ac1300ec.jpg,test,crack500_20160324_170347_1281_1081_jpg,96,192,128,03e08def2ec86746b06a1fa4a452d85c865fd6a0ccdeec13030904b38867983e
666,images/test/CRACK500_20160324_170347_1281_1081_jpg.rf.22b6809da13ad28b8d3ac4e6ac1300ec.jpg,test,crack500_20160324_170347_1281_1081_jpg,192,192,128,03e08def2ec86746b06a1fa4a452d85c865fd6a0ccdeec13030904b38867983e
667,images/test/CRACK500_20160324_170347_641_1_jpg.rf.22f3f091542fb91cc7b66c17a5cac760.jpg,test,crack500_20160324_170347_641_1_jpg,192,96,128,4c63569be10a4c3955fa763c20b79edc037a29618bcde1d97fa5ab30a78932ed
668,images/test/CRACK500_20160324_170347_641_1_jpg.rf.22f3f091542fb91cc7b66c17a5cac760.jpg,test,crack500_20160324_170347_641_1_jpg,192,192,128,4c63569be10a4c3955fa763c20b79edc037a29618bcde1d97fa5ab30a78932ed
669,images/test/CRACK500_20160324_170408_1_721_jpg.rf.14411163789d9572240688e42c4d5c3f.jpg,test,crack500_20160324_170408_1_721_jpg,96,96,128,715523ea55ee9b58e94f75dca38fa650099ad3242e942f5101aee6f2fc5747a4
670,images/test/CRACK500_20160324_170408_1_721_jpg.rf.14411163789d9572240688e42c4d5c3f.jpg,test,crack500_20160324_170408_1_721_jpg,192,96,128,715523ea55ee9b58e94f75dca38fa650099ad3242e942f5101aee6f2fc5747a4
671,images/test/CRACK500_20160324_170408_1_721_jpg.rf.14411163789d9572240688e42c4d5c3f.jpg,test,crack500_20160324_170408_1_721_jpg,96,192,128,715523ea55ee9b58e94f75dca38fa650099ad3242e942f5101aee6f2fc5747a4
672,images/test/CRACK500_20160324_170408_1_721_jpg.rf.14411163789d9572240688e42c4d5c3f.jpg,test,crack500_20160324_170408_1_721_jpg,192,192,128,715523ea55ee9b58e94f75dca38fa650099ad3242e942f5101aee6f2fc5747a4
673,images/test/CRACK500_20160324_170542_641_361_jpg.rf.69c5979da41084fd7f538e872585c983.jpg,test,crack500_20160324_170542_641_361_jpg,96,96,128,8aac2e4b4c446fbbc9ba16d62359dd81b20d35c4ddb1f09327d90f0ad77a4c7b
674,images/test/CRACK500_20160324_170542_641_361_jpg.rf.69c5979da41084fd7f538e872585c983.jpg,test,crack500_20160324_170542_641_361_jpg,192,96,128,8aac2e4b4c446fbbc9ba16d62359dd81b20d35c4ddb1f09327d90f0ad77a4c7b
675,images/test/CRACK500_20160324_173501_641_721_jpg.rf.06d41c8f67741167f13d67ac4cf84867.jpg,test,crack500_20160324_173501_641_721_jpg,96,192,128,f668a0b0242449398ab2f99c6fbaf96e5f408ed3cf74ec02436b047cbd3b8b66
676,images/test/CRACK500_20160324_173501_641_721_jpg.rf.06d41c8f67741167f13d67ac4cf84867.jpg,test,crack500_20160324_173501_641_721_jpg,192,192,128,f668a0b0242449398ab2f99c6fbaf96e5f408ed3cf74ec02436b047cbd3b8b66
677,images/test/CRACK500_20160324_173527_1921_721_jpg.rf.6f3309b218b783284ae22c53ae852e5a.jpg,test,crack500_20160324_173527_1921_721_jpg,192,96,128,6b6078d637536fa6728165e2e50fef340a1bc70fce4c5359b6d3c25a072da649
678,images/test/CRACK500_20160324_173527_1921_721_jpg.rf.6f3309b218b783284ae22c53ae852e5a.jpg,test,crack500_20160324_173527_1921_721_jpg,96,192,128,6b6078d637536fa6728165e2e50fef340a1bc70fce4c5359b6d3c25a072da649
679,images/test/CRACK500_20160324_173527_1921_721_jpg.rf.6f3309b218b783284ae22c53ae852e5a.jpg,test,crack500_20160324_173527_1921_721_jpg,192,192,128,6b6078d637536fa6728165e2e50fef340a1bc70fce4c5359b6d3c25a072da649
680,images/test/CRACK500_20160325_185829_1281_721_jpg.rf.dc5eb95917fe1392f2604bd02eba3334.jpg,test,crack500_20160325_185829_1281_721_jpg,96,96,128,bb9ccb643a9bfcb442002b2e29c71e7f887b5f5df7572e13acf23ff40d2e9eec
681,images/test/CRACK500_20160325_185829_1281_721_jpg.rf.dc5eb95917fe1392f2604bd02eba3334.jpg,test,crack500_20160325_185829_1281_721_jpg,192,96,128,bb9ccb643a9bfcb442002b2e29c71e7f887b5f5df7572e13acf23ff40d2e9eec
682,images/test/CRACK500_20160326_141808_641_1_jpg.rf.deebbf150725f7fd11350ca658bcc607.jpg,test,crack500_20160326_141808_641_1_jpg,96,96,128,314dfdff97446527b8b7547afab43d9a0b8903a4c3fec1230f19f42067693e85
683,images/test/CRACK500_20160326_141808_641_1_jpg.rf.deebbf150725f7fd11350ca658bcc607.jpg,test,crack500_20160326_141808_641_1_jpg,192,96,128,314dfdff97446527b8b7547afab43d9a0b8903a4c3fec1230f19f42067693e85
684,images/test/CRACK500_20160326_141808_641_1_jpg.rf.deebbf150725f7fd11350ca658bcc607.jpg,test,crack500_20160326_141808_641_1_jpg,96,192,128,314dfdff97446527b8b7547afab43d9a0b8903a4c3fec1230f19f42067693e85
685,images/test/CRACK500_20160326_141808_641_1_jpg.rf.deebbf150725f7fd11350ca658bcc607.jpg,test,crack500_20160326_141808_641_1_jpg,192,192,128,314dfdff97446527b8b7547afab43d9a0b8903a4c3fec1230f19f42067693e85
686,images/test/CRACK500_20160326_141812_641_1_jpg.rf.c613346e36af8edd3bba0de258c3c085.jpg,test,crack500_20160326_141812_641_1_jpg,96,96,128,ef965e0fa373c9092080cdafe6b5d11d56889540e84ee3784ae0328504bb0c36
687,images/test/CRACK500_20160326_141812_641_1_jpg.rf.c613346e36af8edd3bba0de258c3c085.jpg,test,crack500_20160326_141812_641_1_jpg,192,96,128,ef965e0fa373c9092080cdafe6b5d11d56889540e84ee3784ae0328504bb0c36
688,images/test/CRACK500_20160326_141812_641_1_jpg.rf.c613346e36af8edd3bba0de258c3c085.jpg,test,crack500_20160326_141812_641_1_jpg,192,192,128,ef965e0fa373c9092080cdafe6b5d11d56889540e84ee3784ae0328504bb0c36
689,images/test/CRACK500_20160326_141812_641_721_jpg.rf.701227574b2d19c822ee8baf62a21356.jpg,test,crack500_20160326_141812_641_721_jpg,96,96,128,3d8245e8360780a1ecfd173c532eebf44384b2e56b290737c89f43d3c2d90f59
690,images/test/CRACK500_20160326_141812_641_721_jpg.rf.701227574b2d19c822ee8baf62a21356.jpg,test,crack500_20160326_141812_641_721_jpg,192,96,128,3d8245e8360780a1ecfd173c532eebf44384b2e56b290737c89f43d3c2d90f59
691,images/test/CRACK500_20160326_141812_641_721_jpg.rf.701227574b2d19c822ee8baf62a21356.jpg,test,crack500_20160326_141812_641_721_jpg,96,192,128,3d8245e8360780a1ecfd173c532eebf44384b2e56b290737c89f43d3c2d90f59
692,images/test/CRACK500_20160326_141812_641_721_jpg.rf.701227574b2d19c822ee8baf62a21356.jpg,test,crack500_20160326_141812_641_721_jpg,192,192,128,3d8245e8360780a1ecfd173c532eebf44384b2e56b290737c89f43d3c2d90f59
693,images/test/CRACK500_20160326_142309_1921_361_jpg.rf.1d134e89670ae141075ecb63164ed54a.jpg,test,crack500_20160326_142309_1921_361_jpg,96,96,128,dca621989c2507ce9fb984602ee860662b6eacd0921b766a126a1ebb1fffd1ef
694,images/test/CRACK500_20160326_142309_1921_361_jpg.rf.1d134e89670ae141075ecb63164ed54a.jpg,test,crack500_20160326_142309_1921_361_jpg,192,96,128,dca621989c2507ce9fb984602ee860662b6eacd0921b766a126a1ebb1fffd1ef
695,images/test/CRACK500_20160326_142309_641_721_jpg.rf.b4ddde6156226d25265de0c217273529.jpg,test,crack500_20160326_142309_641_721_jpg,96,192,128,3e4a880e38554d430d1e1a232200ee1bb639f051476d0c5efa1e2f68a233dacf
696,images/test/CRACK500_20160326_142309_641_721_jpg.rf.b4ddde6156226d25265de0c217273529.jpg,test,crack500_20160326_142309_641_721_jpg,192,192,128,3e4a880e38554d430d1e1a232200ee1bb639f051476d0c5efa1e2f68a233dacf
697,images/test/CRACK500_20160326_142327_1281_1_jpg.rf.6c0a349c67cc408de328c67b5842ec5b.jpg,test,crack500_20160326_142327_1281_1_jpg,96,96,128,942f590a87063f4ad83e467510ce07c46ac39323d6830dc59a4b2514a86895d4
698,images/test/CRACK500_20160326_142327_1281_1_jpg.rf.6c0a349c67cc408de328c67b5842ec5b.jpg,test,crack500_20160326_142327_1281_1_jpg,96,192,128,942f590a87063f4ad83e467510ce07c46ac39323d6830dc59a4b2514a86895d4
699,images/test/CRACK500_20160326_142349_1281_1081_jpg.rf.355fa2b49a42d21d44b216df3fbcbaaa.jpg,test,crack500_20160326_142349_1281_1081_jpg,192,96,128,09f647310ceade2fcffcc96ef23e2f8ea02f53012fceac1a0531072dda118362
700,images/test/CRACK500_20160326_142349_1281_1081_jpg.rf.355fa2b49a42d21d44b216df3fbcbaaa.jpg,test,crack500_20160326_142349_1281_1081_jpg,192,192,128,09f647310ceade2fcffcc96ef23e2f8ea02f53012fceac1a0531072dda118362
701,images/test/CRACK500_20160326_142349_1281_721_jpg.rf.4e93656dcc5858d71d04e91de87dc9d9.jpg,test,crack500_20160326_142349_1281_721_jpg,96,96,128,57fba835753660692abd85cc4630de156a2218cc0a6fbe75d14fd6e1561a838c
702,images/test/CRACK500_20160326_142349_1281_721_jpg.rf.4e93656dcc5858d71d04e91de87dc9d9.jpg,test,crack500_20160326_142349_1281_721_jpg,192,96,128,57fba835753660692abd85cc4630de156a2218cc0a6fbe75d14fd6e1561a838c
703,images/test/CRACK500_20160326_142349_1281_721_jpg.rf.4e93656dcc5858d71d04e91de87dc9d9.jpg,test,crack500_20160326_142349_1281_721_jpg,96,192,128,57fba835753660692abd85cc4630de156a2218cc0a6fbe75d14fd6e1561a838c
704,images/test/CRACK500_20160326_142349_1281_721_jpg.rf.4e93656dcc5858d71d04e91de87dc9d9.jpg,test,crack500_20160326_142349_1281_721_jpg,192,192,128,57fba835753660692abd85cc4630de156a2218cc0a6fbe75d14fd6e1561a838c
705,images/test/CRACK500_20160326_142349_641_1_jpg.rf.410004d559a2ca611c83e1e3389a6ee5.jpg,test,crack500_20160326_142349_641_1_jpg,96,96,128,a1f9772c7801bb30eaf720178a732f7a21d041979d27e2e048d11cd3c4a48c6b
706,images/test/CRACK500_20160326_142349_641_1_jpg.rf.410004d559a2ca611c83e1e3389a6ee5.jpg,test,crack500_20160326_142349_641_1_jpg,192,96,128,a1f9772c7801bb30eaf720178a732f7a21d041979d27e2e048d11cd3c4a48c6b
707,images/test/CRACK500_20160326_142349_641_1_jpg.rf.410004d559a2ca611c83e1e3389a6ee5.jpg,test,crack500_20160326_142349_641_1_jpg,96,192,128,a1f9772c7801bb30eaf720178a732f7a21d041979d27e2e048d11cd3c4a48c6b
708,images/test/CRACK500_20160326_142349_641_1_jpg.rf.410004d559a2ca611c83e1e3389a6ee5.jpg,test,crack500_20160326_142349_641_1_jpg,192,192,128,a1f9772c7801bb30eaf720178a732f7a21d041979d27e2e048d11cd3c4a48c6b
709,images/test/CRACK500_20160326_142349_641_361_jpg.rf.935c7aa574e239d57d617da3847b4918.jpg,test,crack500_20160326_142349_641_361_jpg,96,96,128,aacd83b37bbc82d77b650faf7695b88632f639101f5172199cd13b9adba8b15d
710,images/test/CRACK500_20160326_142349_641_361_jpg.rf.935c7aa574e239d57d617da3847b4918.jpg,test,crack500_20160326_142349_641_361_jpg,192,96,128,aacd83b37bbc82d77b650faf7695b88632f639101f5172199cd13b9adba8b15d
711,images/test/CRACK500_20160326_142349_641_361_jpg.rf.935c7aa574e239d57d617da3847b4918.jpg,test,crack500_20160326_142349_641_361_jpg,96,192,128,aacd83b37bbc82d77b650faf7695b88632f639101f5172199cd13b9adba8b15d
712,images/test/CRACK500_20160326_142349_641_361_jpg.rf.935c7aa574e239d57d617da3847b4918.jpg,test,crack500_20160326_142349_641_361_jpg,192,192,128,aacd83b37bbc82d77b650faf7695b88632f639101f5172199cd13b9adba8b15d
713,images/test/CRACK500_20160326_142349_641_721_jpg.rf.5bfc9f40030befde0fb4ec25c8e5189a.jpg,test,crack500_20160326_142349_641_721_jpg,96,96,128,eed88a3a0ad32f963207c279b085f7014d549a84b63d2a66532c1134b545c489
714,images/test/CRACK500_20160326_142349_641_721_jpg.rf.5bfc9f40030befde0fb4ec25c8e5189a.jpg,test,crack500_20160326_142349_641_721_jpg,192,96,128,eed88a3a0ad32f963207c279b085f7014d549a84b63d2a66532c1134b545c489
715,images/test/CRACK500_20160326_142349_641_721_jpg.rf.5bfc9f40030befde0fb4ec25c8e5189a.jpg,test,crack500_20160326_142349_641_721_jpg,96,192,128,eed88a3a0ad32f963207c279b085f7014d549a84b63d2a66532c1134b545c489
716,images/test/CRACK500_20160326_142349_641_721_jpg.rf.5bfc9f40030befde0fb4ec25c8e5189a.jpg,test,crack500_20160326_142349_641_721_jpg,192,192,128,eed88a3a0ad32f963207c279b085f7014d549a84b63d2a66532c1134b545c489
717,images/test/CRACK500_20160326_142354_641_361_jpg.rf.4910d4ebd7ceb0bf6e05c6325311ac3f.jpg,test,crack500_20160326_142354_641_361_jpg,96,96,128,622602b774652ebe2bdf70d056cca8d8ea7ab967b6938897bff11b1a379ea287
718,images/test/CRACK500_20160326_142354_641_361_jpg.rf.4910d4ebd7ceb0bf6e05c6325311ac3f.jpg,test,crack500_20160326_142354_641_361_jpg,96,192,128,622602b774652ebe2bdf70d056cca8d8ea7ab967b6938897bff11b1a379ea287
719,images/test/CRACK500_20160326_142354_641_721_jpg.rf.aae5c1cfcbc63bc865ec2995caed3fad.jpg,test,crack500_20160326_142354_641_721_jpg,96,96,128,2184f06dbbaa966801a9283dd7ae98efa1fb12fff80df7ae4c94b09712e89176
720,images/test/CRACK500_20160326_142354_641_721_jpg.rf.aae5c1cfcbc63bc865ec2995caed3fad.jpg,test,crack500_20160326_142354_641_721_jpg,96,192,128,2184f06dbbaa966801a9283dd7ae98efa1fb12fff80df7ae4c94b09712e89176
721,images/test/CRACK500_20160326_142403_641_721_jpg.rf.86767b2600b3a59b2ac630aa41c1e9c0.jpg,test,crack500_20160326_142403_641_721_jpg,96,192,128,72de124b753a969075216f69255bb65139d806bf8567cedba72f7308abeb48e9
722,images/test/CRACK500_20160326_142521_1281_1_jpg.rf.b7cfc4551c69bc060b0d38726c00a773.jpg,test,crack500_20160326_142521_1281_1_jpg,96,96,128,043bb409f6d8ef27d374b63f4323b007415e8fb498ac8f0bebfe931dce473802
723,images/test/CRACK500_20160326_142521_1281_1_jpg.rf.b7cfc4551c69bc060b0d38726c00a773.jpg,test,crack500_20160326_142521_1281_1_jpg,192,96,128,043bb409f6d8ef27d374b63f4323b007415e8fb498ac8f0bebfe931dce473802
724,images/test/CRACK500_20160326_142521_1281_1_jpg.rf.b7cfc4551c69bc060b0d38726c00a773.jpg,test,crack500_20160326_142521_1281_1_jpg,96,192,128,043bb409f6d8ef27d374b63f4323b007415e8fb498ac8f0bebfe931dce473802
725,images/test/CRACK500_20160326_142521_1281_1_jpg.rf.b7cfc4551c69bc060b0d38726c00a773.jpg,test,crack500_20160326_142521_1281_1_jpg,192,192,128,043bb409f6d8ef27d374b63f4323b007415e8fb498ac8f0bebfe931dce473802
726,images/test/CRACK500_20160326_142521_1281_721_jpg.rf.65c1c896129b5b89b27698d8b6609545.jpg,test,crack500_20160326_142521_1281_721_jpg,96,96,128,2a494dbd36fffaa4af603afa2dbf56273eedece8e4fbdb4b553d22596c723964
727,images/test/CRACK500_20160326_142521_1281_721_jpg.rf.65c1c896129b5b89b27698d8b6609545.jpg,test,crack500_20160326_142521_1281_721_jpg,192,96,128,2a494dbd36fffaa4af603afa2dbf56273eedece8e4fbdb4b553d22596c723964
728,images/test/CRACK500_20160326_142521_1281_721_jpg.rf.65c1c896129b5b89b27698d8b6609545.jpg,test,crack500_20160326_142521_1281_721_jpg,96,192,128,2a494dbd36fffaa4af603afa2dbf56273eedece8e4fbdb4b553d22596c723964
729,images/test/CRACK500_20160326_142521_1281_721_jpg.rf.65c1c896129b5b89b27698d8b6609545.jpg,test,crack500_20160326_142521_1281_721_jpg,192,192,128,2a494dbd36fffaa4af603afa2dbf56273eedece8e4fbdb4b553d22596c723964
730,images/test/CRACK500_20160326_142745_1921_1081_jpg.rf.87e683d473b5aaa6e3646d257199d1c5.jpg,test,crack500_20160326_142745_1921_1081_jpg,192,96,128,bd41500291500173a1daf49df329179188037bfd3db704cdd9502f59d9a74ceb
731,images/test/CRACK500_20160326_142745_1921_1081_jpg.rf.87e683d473b5aaa6e3646d257199d1c5.jpg,test,crack500_20160326_142745_1921_1081_jpg,192,192,128,bd41500291500173a1daf49df329179188037bfd3db704cdd9502f59d9a74ceb
732,images/test/CRACK500_20160326_144512_361_1_jpg.rf.f2e4dfce2cb323358698b10fbfedb85d.jpg,test,crack500_20160326_144512_361_1_jpg,96,96,128,78afef6931cbbf1976579afcacc5f67ac3559d3e261255a40e4284fbddf14d76
733,images/test/CRACK500_20160326_144512_361_1_jpg.rf.f2e4dfce2cb323358698b10fbfedb85d.jpg,test,crack500_20160326_144512_361_1_jpg,192,96,128,78afef6931cbbf1976579afcacc5f67ac3559d3e261255a40e4284fbddf14d76
734,images/test/CRACK500_20160326_144512_361_1_jpg.rf.f2e4dfce2cb323358698b10fbfedb85d.jpg,test,crack500_20160326_144512_361_1_jpg,96,192,128,78afef6931cbbf1976579afcacc5f67ac3559d3e261255a40e4284fbddf14d76
735,images/test/CRACK500_20160326_144512_361_1_jpg.rf.f2e4dfce2cb323358698b10fbfedb85d.jpg,test,crack500_20160326_144512_361_1_jpg,192,192,128,78afef6931cbbf1976579afcacc5f67ac3559d3e261255a40e4284fbddf14d76
736,images/test/CRACK500_20160326_150104_1_721_jpg.rf.8e50b98cf8937a330c7718eaeadee85d.jpg,test,crack500_20160326_150104_1_721_jpg,96,192,128,aa86935b159415717da64cdb25a7bd92114905222f12c44bbc3997d073fd9edc
737,images/test/CRACK500_20160326_150104_1_721_jpg.rf.8e50b98cf8937a330c7718eaeadee85d.jpg,test,crack500_20160326_150104_1_721_jpg,192,192,128,aa86935b159415717da64cdb25a7bd92114905222f12c44bbc3997d073fd9edc
738,images/test/CRACK500_20160326_150319_361_641_jpg.rf.46200bd4c7728cfbb376c3863d0def2a.jpg,test,crack500_20160326_150319_361_641_jpg,96,192,128,ee6e9e4a77ee27d93ac8196caa6b830f648fedcfd9bc250ef4ccdb233de7e5e9
739,images/test/CRACK500_20160326_150319_361_641_jpg.rf.46200bd4c7728cfbb376c3863d0def2a.jpg,test,crack500_20160326_150319_361_641_jpg,192,192,128,ee6e9e4a77ee27d93ac8196caa6b830f648fedcfd9bc250ef4ccdb233de7e5e9
740,images/test/CRACK500_20160326_150337_1281_1_jpg.rf.3de205554dada7b254831dbe25b50cbc.jpg,test,crack500_20160326_150337_1281_1_jpg,96,96,128,33c488860b052b7af4271fccd93217f825cb47eb3aad773c25cc92486ed8a04c
741,images/test/CRACK500_20160326_150337_1281_1_jpg.rf.3de205554dada7b254831dbe25b50cbc.jpg,test,crack500_20160326_150337_1281_1_jpg,192,96,128,33c488860b052b7af4271fccd93217f825cb47eb3aad773c25cc92486ed8a04c
742,images/test/CRACK500_20160326_150337_1281_1_jpg.rf.3de205554dada7b254831dbe25b50cbc.jpg,test,crack500_20160326_150337_1281_1_jpg,96,192,128,33c488860b052b7af4271fccd93217f825cb47eb3aad773c25cc92486ed8a04c
743,images/test/CRACK500_20160326_150337_1281_1_jpg.rf.3de205554dada7b254831dbe25b50cbc.jpg,test,crack500_20160326_150337_1281_1_jpg,192,192,128,33c488860b052b7af4271fccd93217f825cb47eb3aad773c25cc92486ed8a04c
744,images/test/CRACK500_20160326_162529_1281_1081_jpg.rf.99ffbf7045ccb6958f79c5e5057518ef.jpg,test,crack500_20160326_162529_1281_1081_jpg,96,96,128,bfbdb29f26a98d76c1d5a9fcfc81742c99ae764467a5177769509a39cf9a11b9
745,images/test/CRACK500_20160326_162529_1281_1081_jpg.rf.99ffbf7045ccb6958f79c5e5057518ef.jpg,test,crack500_20160326_162529_1281_1081_jpg,192,96,128,bfbdb29f26a98d76c1d5a9fcfc81742c99ae764467a5177769509a39cf9a11b9
746,images/test/CRACK500_20160326_162529_1281_1081_jpg.rf.99ffbf7045ccb6958f79c5e5057518ef.jpg,test,crack500_20160326_162529_1281_1081_jpg,96,192,128,bfbdb29f26a98d76c1d5a9fcfc81742c99ae764467a5177769509a39cf9a11b9
747,images/test/CRACK500_20160326_162529_1281_1081_jpg.rf.99ffbf7045ccb6958f79c5e5057518ef.jpg,test,crack500_20160326_162529_1281_1081_jpg,192,192,128,bfbdb29f26a98d76c1d5a9fcfc81742c99ae764467a5177769509a39cf9a11b9
748,images/test/CRACK500_20160326_162529_1921_721_jpg.rf.aae2f55c5e5f68fce5210f5e9236f93e.jpg,test,crack500_20160326_162529_1921_721_jpg,96,192,128,bcfe9f3f43d570997131f1e8420b4cf3229738c953275e18fb06f239e5fe6992
749,images/test/CRACK500_20160326_162529_1921_721_jpg.rf.aae2f55c5e5f68fce5210f5e9236f93e.jpg,test,crack500_20160326_162529_1921_721_jpg,192,192,128,bcfe9f3f43d570997131f1e8420b4cf3229738c953275e18fb06f239e5fe6992
750,images/test/CRACK500_20160326_162529_641_1081_jpg.rf.844774b71c608d604ac67e0f543cacce.jpg,test,crack500_20160326_162529_641_1081_jpg,96,96,128,12aecfd8eada4f22367f6a2fe8b5df3b245cd874b7b4468b9a6b96a022bec3d8
751,images/test/CRACK500_20160326_162529_641_1081_jpg.rf.844774b71c608d604ac67e0f543cacce.jpg,test,crack500_20160326_162529_641_1081_jpg,96,192,128,12aecfd8eada4f22367f6a2fe8b5df3b245cd874b7b4468b9a6b96a022bec3d8
752,images/test/CRACK500_20160326_162529_641_1081_jpg.rf.844774b71c608d604ac67e0f543cacce.jpg,test,crack500_20160326_162529_641_1081_jpg,192,192,128,12aecfd8eada4f22367f6a2fe8b5df3b245cd874b7b4468b9a6b96a022bec3d8
753,images/test/CRACK500_20160326_162532_641_361_jpg.rf.725c793aca7e75dbb8d2c32bd61abe7b.jpg,test,crack500_20160326_162532_641_361_jpg,96,96,128,b84b4c2d7b841a4053d88e459f18e3a6f4ebed1adceff62fbdc2e790163ea96c
754,images/test/CRACK500_20160326_162532_641_361_jpg.rf.725c793aca7e75dbb8d2c32bd61abe7b.jpg,test,crack500_20160326_162532_641_361_jpg,192,96,128,b84b4c2d7b841a4053d88e459f18e3a6f4ebed1adceff62fbdc2e790163ea96c
755,images/test/CRACK500_20160326_162532_641_361_jpg.rf.725c793aca7e75dbb8d2c32bd61abe7b.jpg,test,crack500_20160326_162532_641_361_jpg,96,192,128,b84b4c2d7b841a4053d88e459f18e3a6f4ebed1adceff62fbdc2e790163ea96c
756,images/test/CRACK500_20160326_162532_641_361_jpg.rf.725c793aca7e75dbb8d2c32bd61abe7b.jpg,test,crack500_20160326_162532_641_361_jpg,192,192,128,b84b4c2d7b841a4053d88e459f18e3a6f4ebed1adceff62fbdc2e790163ea96c
757,images/test/CRACK500_20160326_162538_1281_361_jpg.rf.b59fd4f271d5d7021dddd7b7e5026f22.jpg,test,crack500_20160326_162538_1281_361_jpg,96,96,128,1072597dac24a8c5ec8b8650c04350cee467a003b3328f51bada57f9c002ce45
758,images/test/CRACK500_20160326_162538_1281_361_jpg.rf.b59fd4f271d5d7021dddd7b7e5026f22.jpg,test,crack500_20160326_162538_1281_361_jpg,192,96,128,1072597dac24a8c5ec8b8650c04350cee467a003b3328f51bada57f9c002ce45
759,images/test/CRACK500_20160328_150821_1281_721_jpg.rf.b7e185493525d668330be8a05632aa87.jpg,test,crack500_20160328_150821_1281_721_jpg,96,96,128,67cea5a0956f8197c5f7a37cbdff942b88038c01737a9f330e39e93f3b368444
760,images/test/CRACK500_20160328_150821_1281_721_jpg.rf.b7e185493525d668330be8a05632aa87.jpg,test,crack500_20160328_150821_1281_721_jpg,192,96,128,67cea5a0956f8197c5f7a37cbdff942b88038c01737a9f330e39e93f3b368444
761,images/test/CRACK500_20160328_150821_1281_721_jpg.rf.b7e185493525d668330be8a05632aa87.jpg,test,crack500_20160328_150821_1281_721_jpg,96,192,128,67cea5a0956f8197c5f7a37cbdff942b88038c01737a9f330e39e93f3b368444
762,images/test/CRACK500_20160328_150821_1281_721_jpg.rf.b7e185493525d668330be8a05632aa87.jpg,test,crack500_20160328_150821_1281_721_jpg,192,192,128,67cea5a0956f8197c5f7a37cbdff942b88038c01737a9f330e39e93f3b368444
763,images/test/CRACK500_20160328_150827_1281_1_jpg.rf.cd3f27e9501bf1a796106f2ea5e9fa7d.jpg,test,crack500_20160328_150827_1281_1_jpg,96,96,128,518d59c38bcd08cd12adad23e200304040b446ea4ee606ef77bdcfcf86109b1c
764,images/test/CRACK500_20160328_150827_1281_1_jpg.rf.cd3f27e9501bf1a796106f2ea5e9fa7d.jpg,test,crack500_20160328_150827_1281_1_jpg,192,96,128,518d59c38bcd08cd12adad23e200304040b446ea4ee606ef77bdcfcf86109b1c
765,images/test/CRACK500_20160328_150827_1281_1_jpg.rf.cd3f27e9501bf1a796106f2ea5e9fa7d.jpg,test,crack500_20160328_150827_1281_1_jpg,96,192,128,518d59c38bcd08cd12adad23e200304040b446ea4ee606ef77bdcfcf86109b1c
766,images/test/CRACK500_20160328_150827_1281_1_jpg.rf.cd3f27e9501bf1a796106f2ea5e9fa7d.jpg,test,crack500_20160328_150827_1281_1_jpg,192,192,128,518d59c38bcd08cd12adad23e200304040b446ea4ee606ef77bdcfcf86109b1c
767,images/test/CRACK500_20160328_150827_1_1_jpg.rf.53a13b8b984a355b50b533d0271c56b0.jpg,test,crack500_20160328_150827_1_1_jpg,96,96,128,d95f4c18f82edb891d009161aeb5b32312c1323f2f6c53a3a763395101caeac3
768,images/test/CRACK500_20160328_150827_1_1_jpg.rf.53a13b8b984a355b50b533d0271c56b0.jpg,test,crack500_20160328_150827_1_1_jpg,192,96,128,d95f4c18f82edb891d009161aeb5b32312c1323f2f6c53a3a763395101caeac3
769,images/test/CRACK500_20160328_150827_1_1_jpg.rf.53a13b8b984a355b50b533d0271c56b0.jpg,test,crack500_20160328_150827_1_1_jpg,96,192,128,d95f4c18f82edb891d009161aeb5b32312c1323f2f6c53a3a763395101caeac3
770,images/test/CRACK500_20160328_150827_1_1_jpg.rf.53a13b8b984a355b50b533d0271c56b0.jpg,test,crack500_20160328_150827_1_1_jpg,192,192,128,d95f4c18f82edb891d009161aeb5b32312c1323f2f6c53a3a763395101caeac3
771,images/test/CRACK500_20160328_150827_1_361_jpg.rf.35a0c692bf5b9929fe9df50a749d5c06.jpg,test,crack500_20160328_150827_1_361_jpg,96,192,128,50a59736c6a1ba2f6e60512010e289a2b3ae0e61561e3e744acfcb20f01fe3ac
772,images/test/CRACK500_20160328_150827_1_361_jpg.rf.35a0c692bf5b9929fe9df50a749d5c06.jpg,test,crack500_20160328_150827_1_361_jpg,192,192,128,50a59736c6a1ba2f6e60512010e289a2b3ae0e61561e3e744acfcb20f01fe3ac
773,images/test/CRACK500_20160328_150933_641_721_jpg.rf.e4e07746916409595276e6dca3ee9c22.jpg,test,crack500_20160328_150933_641_721_jpg,96,192,128,27f2f93a93d4bdb9e1324d1dae79ec6e1447d87dcbbb36609c052d7d0c0b9f36
774,images/test/CRACK500_20160328_150933_641_721_jpg.rf.e4e07746916409595276e6dca3ee9c22.jpg,test,crack500_20160328_150933_641_721_jpg,192,192,128,27f2f93a93d4bdb9e1324d1dae79ec6e1447d87dcbbb36609c052d7d0c0b9f36
775,images/test/CRACK500_20160328_150940_1921_361_jpg.rf.3657942767c25b94ac81797678fc0c54.jpg,test,crack500_20160328_150940_1921_361_jpg,96,96,128,d4edaf20366f5e9a4e4c9763a387d880c6d3abcf7ebd9c8bc3640c14c4caf809
776,images/test/CRACK500_20160328_150940_1921_361_jpg.rf.3657942767c25b94ac81797678fc0c54.jpg,test,crack500_20160328_150940_1921_361_jpg,192,96,128,d4edaf20366f5e9a4e4c9763a387d880c6d3abcf7ebd9c8bc3640c14c4caf809
777,images/test/CRACK500_20160328_150940_1921_361_jpg.rf.3657942767c25b94ac81797678fc0c54.jpg,test,crack500_20160328_150940_1921_361_jpg,96,192,128,d4edaf20366f5e9a4e4c9763a387d880c6d3abcf7ebd9c8bc3640c14c4caf809
778,images/test/CRACK500_20160328_150940_1921_361_jpg.rf.3657942767c25b94ac81797678fc0c54.jpg,test,crack500_20160328_150940_1921_361_jpg,192,192,128,d4edaf20366f5e9a4e4c9763a387d880c6d3abcf7ebd9c8bc3640c14c4caf809
779,images/test/CRACK500_20160328_150940_1_361_jpg.rf.b9d1c91369f2a98e4aa9f23f72c45343.jpg,test,crack500_20160328_150940_1_361_jpg,96,96,128,5a6efcd1abbba59f4340d8a6bad75eaae869aaec1ee59efc52c46912d63835b9
780,images/test/CRACK500_20160328_150940_1_361_jpg.rf.b9d1c91369f2a98e4aa9f23f72c45343.jpg,test,crack500_20160328_150940_1_361_jpg,96,192,128,5a6efcd1abbba59f4340d8a6bad75eaae869aaec1ee59efc52c46912d63835b9
781,images/test/CRACK500_20160328_150940_1_721_jpg.rf.d8079a0039d5a553fb3d3788ca168c66.jpg,test,crack500_20160328_150940_1_721_jpg,96,96,128,3e19d6b9ace5791ffe4c339b88326da2a502b3c7e0ac0161a143f68dfd9ade77
782,images/test/CRACK500_20160328_150940_1_721_jpg.rf.d8079a0039d5a553fb3d3788ca168c66.jpg,test,crack500_20160328_150940_1_721_jpg,192,96,128,3e19d6b9ace5791ffe4c339b88326da2a502b3c7e0ac0161a143f68dfd9ade77
783,images/test/CRACK500_20160328_150940_1_721_jpg.rf.d8079a0039d5a553fb3d3788ca168c66.jpg,test,crack500_20160328_150940_1_721_jpg,96,192,128,3e19d6b9ace5791ffe4c339b88326da2a502b3c7e0ac0161a143f68dfd9ade77
784,images/test/CRACK500_20160328_150940_1_721_jpg.rf.d8079a0039d5a553fb3d3788ca168c66.jpg,test,crack500_20160328_150940_1_721_jpg,192,192,128,3e19d6b9ace5791ffe4c339b88326da2a502b3c7e0ac0161a143f68dfd9ade77
785,images/test/CRACK500_20160328_151013_361_641_jpg.rf.c17cdab4d2606d034efb3f389144828f.jpg,test,crack500_20160328_151013_361_641_jpg,96,96,128,43deb6f7e896f30176546b747d6e98ec4421c693ac52a9e31cbdfe0d2cab655e
786,images/test/CRACK500_20160328_151013_361_641_jpg.rf.c17cdab4d2606d034efb3f389144828f.jpg,test,crack500_20160328_151013_361_641_jpg,192,96,128,43deb6f7e896f30176546b747d6e98ec4421c693ac52a9e31cbdfe0d2cab655e
787,images/test/CRACK500_20160328_151013_361_641_jpg.rf.c17cdab4d2606d034efb3f389144828f.jpg,test,crack500_20160328_151013_361_641_jpg,96,192,128,43deb6f7e896f30176546b747d6e98ec4421c693ac52a9e31cbdfe0d2cab655e
788,images/test/CRACK500_20160328_151013_361_641_jpg.rf.c17cdab4d2606d034efb3f389144828f.jpg,test,crack500_20160328_151013_361_641_jpg,192,192,128,43deb6f7e896f30176546b747d6e98ec4421c693ac52a9e31cbdfe0d2cab655e
789,images/test/CRACK500_20160328_151014_1281_1_jpg.rf.0200ea57f6bc8d4f2165b49b2e03aeaa.jpg,test,crack500_20160328_151014_1281_1_jpg,96,96,128,f32276cedb8722426c6c8d311c047a110759dc1c2c978687f71fa0e90df5b8ae
790,images/test/CRACK500_20160328_151014_1281_1_jpg.rf.0200ea57f6bc8d4f2165b49b2e03aeaa.jpg,test,crack500_20160328_151014_1281_1_jpg,96,192,128,f32276cedb8722426c6c8d311c047a110759dc1c2c978687f71fa0e90df5b8ae
791,images/test/CRACK500_20160328_151014_1921_721_jpg.rf.5be9c2e9c2ed7a389dd6bfaa85a8ab41.jpg,test,crack500_20160328_151014_1921_721_jpg,96,96,128,c730de3ee6f6f3250424cd105fc229d4c988558085f5128d174408eb112e5854
792,images/test/CRACK500_20160328_151014_1921_721_jpg.rf.5be9c2e9c2ed7a389dd6bfaa85a8ab41.jpg,test,crack500_20160328_151014_1921_721_jpg,192,96,128,c730de3ee6f6f3250424cd105fc229d4c988558085f5128d174408eb112e5854
793,images/test/CRACK500_20160328_151014_1921_721_jpg.rf.5be9c2e9c2ed7a389dd6bfaa85a8ab41.jpg,test,crack500_20160328_151014_1921_721_jpg,96,192,128,c730de3ee6f6f3250424cd105fc229d4c988558085f5128d174408eb112e5854
794,images/test/CRACK500_20160328_151014_1921_721_jpg.rf.5be9c2e9c2ed7a389dd6bfaa85a8ab41.jpg,test,crack500_20160328_151014_1921_721_jpg,192,192,128,c730de3ee6f6f3250424cd105fc229d4c988558085f5128d174408eb112e5854
795,images/test/CRACK500_20160328_151027_1281_1081_jpg.rf.f0c1dae1963e90134320bb3b45ec2984.jpg,test,crack500_20160328_151027_1281_1081_jpg,192,96,128,2bd5bac8a40500eef0b7edcf297561be108c7bc3345cfbaa3fdf9e54411bd233
796,images/test/CRACK500_20160328_151027_1281_1081_jpg.rf.f0c1dae1963e90134320bb3b45ec2984.jpg,test,crack500_20160328_151027_1281_1081_jpg,192,192,128,2bd5bac8a40500eef0b7edcf297561be108c7bc3345cfbaa3fdf9e54411bd233
797,images/test/CRACK500_20160328_151027_1281_1_jpg.rf.a7a80575c33a7161c4271100aa1db25d.jpg,test,crack500_20160328_151027_1281_1_jpg,96,96,128,880fdb6c3b30ba94a7e5210341b91eedef942a9b48fbf86d466a392b987f6063
798,images/test/CRACK500_20160328_151027_1281_1_jpg.rf.a7a80575c33a7161c4271100aa1db25d.jpg,test,crack500_20160328_151027_1281_1_jpg,192,96,128,880fdb6c3b30ba94a7e5210341b91eedef942a9b48fbf86d466a392b987f6063
799,images/test/CRACK500_20160328_151027_641_1081_jpg.rf.b2cfccfa3a4ced43642d0922f1e4b320.jpg,test,crack500_20160328_151027_641_1081_jpg,96,96,128,cc50d8befaa07962502741a52d8553bf5ac5b6ec3afac3d52f530dbd7e1e28d5
800,images/test/CRACK500_20160328_151027_641_1081_jpg.rf.b2cfccfa3a4ced43642d0922f1e4b320.jpg,test,crack500_20160328_151027_641_1081_jpg,192,96,128,cc50d8befaa07962502741a52d8553bf5ac5b6ec3afac3d52f530dbd7e1e28d5
801,images/test/CRACK500_20160328_151027_641_1081_jpg.rf.b2cfccfa3a4ced43642d0922f1e4b320.jpg,test,crack500_20160328_151027_641_1081_jpg,96,192,128,cc50d8befaa07962502741a52d8553bf5ac5b6ec3afac3d52f530dbd7e1e28d5
802,images/test/CRACK500_20160328_151027_641_1081_jpg.rf.b2cfccfa3a4ced43642d0922f1e4b320.jpg,test,crack500_20160328_151027_641_1081_jpg,192,192,128,cc50d8befaa07962502741a52d8553bf5ac5b6ec3afac3d52f530dbd7e1e28d5
803,images/test/CRACK500_20160328_151056_1281_361_jpg.rf.f0392a76275dad3981698c3534d2099a.jpg,test,crack500_20160328_151056_1281_361_jpg,192,96,128,1a87e7387eb004814ef137266ea69e65c0f21e6bc78815b381193ae0e3dd6b40
804,images/test/CRACK500_20160328_151056_1281_361_jpg.rf.f0392a76275dad3981698c3534d2099a.jpg,test,crack500_20160328_151056_1281_361_jpg,192,192,128,1a87e7387eb004814ef137266ea69e65c0f21e6bc78815b381193ae0e3dd6b40
805,images/test/CRACK500_20160328_151057_1281_1_jpg.rf.4fdc510943a0dad6d4d22f4e616f974e.jpg,test,crack500_20160328_151057_1281_1_jpg,96,96,128,06cfb61ac35310cff75de7bd2fd6a69b59174907e7678147781166558581ca4e
806,images/test/CRACK500_20160328_151057_1281_1_jpg.rf.4fdc510943a0dad6d4d22f4e616f974e.jpg,test,crack500_20160328_151057_1281_1_jpg,96,192,128,06cfb61ac35310cff75de7bd2fd6a69b59174907e7678147781166558581ca4e
807,images/test/CRACK500_20160328_151057_1921_721_jpg.rf.9369c4e6884c02675086dc31178ee683.jpg,test,crack500_20160328_151057_1921_721_jpg,96,96,128,45bb208f997bba0acb103648028b7f8d8ee36430f5078159b928566cc9c67e6a
808,images/test/CRACK500_20160328_151057_1921_721_jpg.rf.9369c4e6884c02675086dc31178ee683.jpg,test,crack500_20160328_151057_1921_721_jpg,192,96,128,45bb208f997bba0acb103648028b7f8d8ee36430f5078159b928566cc9c67e6a
809,images/test/CRACK500_20160328_151057_1921_721_jpg.rf.9369c4e6884c02675086dc31178ee683.jpg,test,crack500_20160328_151057_1921_721_jpg,96,192,128,45bb208f997bba0acb103648028b7f8d8ee36430f5078159b928566cc9c67e6a
810,images/test/CRACK500_20160328_151057_1921_721_jpg.rf.9369c4e6884c02675086dc31178ee683.jpg,test,crack500_20160328_151057_1921_721_jpg,192,192,128,45bb208f997bba0acb103648028b7f8d8ee36430f5078159b928566cc9c67e6a
811,images/test/CRACK500_20160328_151057_641_721_jpg.rf.55073276d16b68aecb7424ea6d8d3c80.jpg,test,crack500_20160328_151057_641_721_jpg,96,96,128,54f1e9ca6c5a060b5c9cdd9c1699b84f1f2c1d78a095d27044ae906795257917
812,images/test/CRACK500_20160328_151057_641_721_jpg.rf.55073276d16b68aecb7424ea6d8d3c80.jpg,test,crack500_20160328_151057_641_721_jpg,96,192,128,54f1e9ca6c5a060b5c9cdd9c1699b84f1f2c1d78a095d27044ae906795257917
813,images/test/CRACK500_20160328_151151_1921_1081_jpg.rf.e9ba305d6ebbc48229fc15547dce155a.jpg,test,crack500_20160328_151151_1921_1081_jpg,96,96,128,e5e961c3a3a91aa330f2e897d307d90d1ed4b49ff4b68477845095832caaa3fd
814,images/test/CRACK500_20160328_151151_1921_1081_jpg.rf.e9ba305d6ebbc48229fc15547dce155a.jpg,test,crack500_20160328_151151_1921_1081_jpg,96,192,128,e5e961c3a3a91aa330f2e897d307d90d1ed4b49ff4b68477845095832caaa3fd
815,images/test/CRACK500_20160328_151151_641_1_jpg.rf.4e36e3e03af5d68291ddc0b8201b9b5b.jpg,test,crack500_20160328_151151_641_1_jpg,96,96,128,cf320c4255a19820983ad34a1355005c4d30fd466cefb90ad70a791447dd70c7
816,images/test/CRACK500_20160328_151151_641_1_jpg.rf.4e36e3e03af5d68291ddc0b8201b9b5b.jpg,test,crack500_20160328_151151_641_1_jpg,192,96,128,cf320c4255a19820983ad34a1355005c4d30fd466cefb90ad70a791447dd70c7
817,images/test/CRACK500_20160328_151151_641_1_jpg.rf.4e36e3e03af5d68291ddc0b8201b9b5b.jpg,test,crack500_20160328_151151_641_1_jpg,96,192,128,cf320c4255a19820983ad34a1355005c4d30fd466cefb90ad70a791447dd70c7
818,images/test/CRACK500_20160328_151151_641_1_jpg.rf.4e36e3e03af5d68291ddc0b8201b9b5b.jpg,test,crack500_20160328_151151_641_1_jpg,192,192,128,cf320c4255a19820983ad34a1355005c4d30fd466cefb90ad70a791447dd70c7
819,images/test/CRACK500_20160328_151212_1281_721_jpg.rf.0c2dccad475d70247a9122df85c70251.jpg,test,crack500_20160328_151212_1281_721_jpg,96,96,128,6cedb1e705980ef17e24e9552f431a3ccd25a04b6ae288a223d5f460d66da63d
820,images/test/CRACK500_20160328_151212_1281_721_jpg.rf.0c2dccad475d70247a9122df85c70251.jpg,test,crack500_20160328_151212_1281_721_jpg,192,96,128,6cedb1e705980ef17e24e9552f431a3ccd25a04b6ae288a223d5f460d66da63d
821,images/test/CRACK500_20160328_151212_1_721_jpg.rf.c51d5cb06654470489cb0bb3e55c97d9.jpg,test,crack500_20160328_151212_1_721_jpg,96,96,128,e8164ce8e075eeac3f45add7eb56b33d873013d9a86183675a9047ee0ea6ba39
822,images/test/CRACK500_20160328_151212_1_721_jpg.rf.c51d5cb06654470489cb0bb3e55c97d9.jpg,test,crack500_20160328_151212_1_721_jpg,192,96,128,e8164ce8e075eeac3f45add7eb56b33d873013d9a86183675a9047ee0ea6ba39
823,images/test/CRACK500_20160328_151212_1_721_jpg.rf.c51d5cb06654470489cb0bb3e55c97d9.jpg,test,crack500_20160328_151212_1_721_jpg,96,192,128,e8164ce8e075eeac3f45add7eb56b33d873013d9a86183675a9047ee0ea6ba39
824,images/test/CRACK500_20160328_151212_1_721_jpg.rf.c51d5cb06654470489cb0bb3e55c97d9.jpg,test,crack500_20160328_151212_1_721_jpg,192,192,128,e8164ce8e075eeac3f45add7eb56b33d873013d9a86183675a9047ee0ea6ba39
825,images/test/CRACK500_20160328_151243_1921_1_jpg.rf.f0d554b848331e702bca0afe6dd03b48.jpg,test,crack500_20160328_151243_1921_1_jpg,96,96,128,232fa971cd83a55c2dd89778ddc5840c0c89336a8962f61790b88c3904082369
826,images/test/CRACK500_20160328_151243_1921_1_jpg.rf.f0d554b848331e702bca0afe6dd03b48.jpg,test,crack500_20160328_151243_1921_1_jpg,192,96,128,232fa971cd83a55c2dd89778ddc5840c0c89336a8962f61790b88c3904082369
827,images/test/CRACK500_20160328_151243_1921_1_jpg.rf.f0d554b848331e702bca0afe6dd03b48.jpg,test,crack500_20160328_151243_1921_1_jpg,96,192,128,232fa971cd83a55c2dd89778ddc5840c0c89336a8962f61790b88c3904082369
828,images/test/CRACK500_20160328_151243_641_1_jpg.rf.e1a1597431baf73a6042054f900c1f57.jpg,test,crack500_20160328_151243_641_1_jpg,96,96,128,272be8b87d29e15e47aecd3adb37f1c33c4aa9f0362d212e16370a3cce12248b
829,images/test/CRACK500_20160328_151243_641_1_jpg.rf.e1a1597431baf73a6042054f900c1f57.jpg,test,crack500_20160328_151243_641_1_jpg,192,96,128,272be8b87d29e15e47aecd3adb37f1c33c4aa9f0362d212e16370a3cce12248b
830,images/test/CRACK500_20160328_151243_641_1_jpg.rf.e1a1597431baf73a6042054f900c1f57.jpg,test,crack500_20160328_151243_641_1_jpg,96,192,128,272be8b87d29e15e47aecd3adb37f1c33c4aa9f0362d212e16370a3cce12248b
831,images/test/CRACK500_20160328_151243_641_1_jpg.rf.e1a1597431baf73a6042054f900c1f57.jpg,test,crack500_20160328_151243_641_1_jpg,192,192,128,272be8b87d29e15e47aecd3adb37f1c33c4aa9f0362d212e16370a3cce12248b
832,images/test/CRACK500_20160328_151244_1281_1081_jpg.rf.c71bf7d9cb5db5ade7aeb7dbd7acc5be.jpg,test,crack500_20160328_151244_1281_1081_jpg,96,96,128,5e64fddbe51c260599849e1c6ad923b5510609c22c773393763e788a884d9c66
833,images/test/CRACK500_20160328_151244_1281_1081_jpg.rf.c71bf7d9cb5db5ade7aeb7dbd7acc5be.jpg,test,crack500_20160328_151244_1281_1081_jpg,192,96,128,5e64fddbe51c260599849e1c6ad923b5510609c22c773393763e788a884d9c66
834,images/test/CRACK500_20160328_151244_1281_1081_jpg.rf.c71bf7d9cb5db5ade7aeb7dbd7acc5be.jpg,test,crack500_20160328_151244_1281_1081_jpg,96,192,128,5e64fddbe51c260599849e1c6ad923b5510609c22c773393763e788a884d9c66
835,images/test/CRACK500_20160328_151244_1281_1081_jpg.rf.c71bf7d9cb5db5ade7aeb7dbd7acc5be.jpg,test,crack500_20160328_151244_1281_1081_jpg,192,192,128,5e64fddbe51c260599849e1c6ad923b5510609c22c773393763e788a884d9c66
836,images/test/CRACK500_20160328_151247_1281_361_jpg.rf.999cf0757fcad29f4a1422de058c4388.jpg,test,crack500_20160328_151247_1281_361_jpg,96,96,128,1012e481f8ed6076253e07a0012bd0b8f27a904a4d3c772dc0ed2fb776d4f1b9
837,images/test/CRACK500_20160328_151247_1281_361_jpg.rf.999cf0757fcad29f4a1422de058c4388.jpg,test,crack500_20160328_151247_1281_361_jpg,96,192,128,1012e481f8ed6076253e07a0012bd0b8f27a904a4d3c772dc0ed2fb776d4f1b9
838,images/test/CRACK500_20160328_151247_1921_1_jpg.rf.2ec08d45893bc573f388cbbd2332b207.jpg,test,crack500_20160328_151247_1921_1_jpg,96,96,128,e0f30aeca818d182a07e08d8e7390319b88b7890588aedc54d52e167ca84e7e7
839,images/test/CRACK500_20160328_151247_1921_1_jpg.rf.2ec08d45893bc573f388cbbd2332b207.jpg,test,crack500_20160328_151247_1921_1_jpg,192,96,128,e0f30aeca818d182a07e08d8e7390319b88b7890588aedc54d52e167ca84e7e7
840,images/test/CRACK500_20160328_151247_1921_1_jpg.rf.2ec08d45893bc573f388cbbd2332b207.jpg,test,crack500_20160328_151247_1921_1_jpg,96,192,128,e0f30aeca818d182a07e08d8e7390319b88b7890588aedc54d52e167ca84e7e7
841,images/test/CRACK500_20160328_151247_1921_1_jpg.rf.2ec08d45893bc573f388cbbd2332b207.jpg,test,crack500_20160328_151247_1921_1_jpg,192,192,128,e0f30aeca818d182a07e08d8e7390319b88b7890588aedc54d52e167ca84e7e7
842,images/test/CRACK500_20160328_151252_1281_1_jpg.rf.653184e6900aa87399640e1da5527ee7.jpg,test,crack500_20160328_151252_1281_1_jpg,192,96,128,13dfc7ae7e885242f25cd987ee3d4b9186ca499a1bc10e2cba07d237fb1f3e3a
843,images/test/CRACK500_20160328_151252_1281_1_jpg.rf.653184e6900aa87399640e1da5527ee7.jpg,test,crack500_20160328_151252_1281_1_jpg,192,192,128,13dfc7ae7e885242f25cd987ee3d4b9186ca499a1bc10e2cba07d237fb1f3e3a
844,images/test/CRACK500_20160328_151252_1_1_jpg.rf.1f54830e8bf023bdfcaaeb04135742af.jpg,test,crack500_20160328_151252_1_1_jpg,96,96,128,8292e09d7b73bc227eed6b069a6f55489a17d9bc808c7a7ff223ee52756e3104
845,images/test/CRACK500_20160328_151252_1_1_jpg.rf.1f54830e8bf023bdfcaaeb04135742af.jpg,test,crack500_20160328_151252_1_1_jpg,192,96,128,8292e09d7b73bc227eed6b069a6f55489a17d9bc808c7a7ff223ee52756e3104
846,images/test/CRACK500_20160328_151252_1_1_jpg.rf.1f54830e8bf023bdfcaaeb04135742af.jpg,test,crack500_20160328_151252_1_1_jpg,96,192,128,8292e09d7b73bc227eed6b069a6f55489a17d9bc808c7a7ff223ee52756e3104
847,images/test/CRACK500_20160328_151252_1_1_jpg.rf.1f54830e8bf023bdfcaaeb04135742af.jpg,test,crack500_20160328_151252_1_1_jpg,192,192,128,8292e09d7b73bc227eed6b069a6f55489a17d9bc808c7a7ff223ee52756e3104
848,images/test/CRACK500_20160328_151343_1281_1_jpg.rf.f0e375cd4046b61095a2fde701d2a14c.jpg,test,crack500_20160328_151343_1281_1_jpg,192,96,128,a3d3aa9c234fad332f901e009e282a169f5830db100c0ef555f3c6be4cdc15ce
849,images/test/CRACK500_20160328_151343_1281_1_jpg.rf.f0e375cd4046b61095a2fde701d2a14c.jpg,test,crack500_20160328_151343_1281_1_jpg,96,192,128,a3d3aa9c234fad332f901e009e282a169f5830db100c0ef555f3c6be4cdc15ce
850,images/test/CRACK500_20160328_151343_1281_1_jpg.rf.f0e375cd4046b61095a2fde701d2a14c.jpg,test,crack500_20160328_151343_1281_1_jpg,192,192,128,a3d3aa9c234fad332f901e009e282a169f5830db100c0ef555f3c6be4cdc15ce
851,images/test/CRACK500_20160328_151343_1921_361_jpg.rf.a23e11e50345e29099f437ed47d0749c.jpg,test,crack500_20160328_151343_1921_361_jpg,96,96,128,22e65205bc5ed5f838fb85c132ff8adf68615274251efe01a8306e3fba42030e
852,images/test/CRACK500_20160328_151343_1921_361_jpg.rf.a23e11e50345e29099f437ed47d0749c.jpg,test,crack500_20160328_151343_1921_361_jpg,192,96,128,22e65205bc5ed5f838fb85c132ff8adf68615274251efe01a8306e3fba42030e
853,images/test/CRACK500_20160328_151343_1921_361_jpg.rf.a23e11e50345e29099f437ed47d0749c.jpg,test,crack500_20160328_151343_1921_361_jpg,96,192,128,22e65205bc5ed5f838fb85c132ff8adf68615274251efe01a8306e3fba42030e
854,images/test/CRACK500_20160328_151343_1921_361_jpg.rf.a23e11e50345e29099f437ed47d0749c.jpg,test,crack500_20160328_151343_1921_361_jpg,192,192,128,22e65205bc5ed5f838fb85c132ff8adf68615274251efe01a8306e3fba42030e
855,images/test/CRACK500_20160328_151343_1_721_jpg.rf.a8188f5551fcf99414888b599c3d9f4b.jpg,test,crack500_20160328_151343_1_721_jpg,96,96,128,de2dfd01fd841b670de181a8e344c81db80b7b69bf65ee21b294043094db5acf
856,images/test/CRACK500_20160328_151343_1_721_jpg.rf.a8188f5551fcf99414888b599c3d9f4b.jpg,test,crack500_20160328_151343_1_721_jpg,192,96,128,de2dfd01fd841b670de181a8e344c81db80b7b69bf65ee21b294043094db5acf
857,images/test/CRACK500_20160328_151343_1_721_jpg.rf.a8188f5551fcf99414888b599c3d9f4b.jpg,test,crack500_20160328_151343_1_721_jpg,96,192,128,de2dfd01fd841b670de181a8e344c81db80b7b69bf65ee21b294043094db5acf
858,images/test/CRACK500_20160328_151343_1_721_jpg.rf.a8188f5551fcf99414888b599c3d9f4b.jpg,test,crack500_20160328_151343_1_721_jpg,192,192,128,de2dfd01fd841b670de181a8e344c81db80b7b69bf65ee21b294043094db5acf
859,images/test/CRACK500_20160328_151343_641_1_jpg.rf.92c873bd10eb55340e2e4ab3a4a9eb75.jpg,test,crack500_20160328_151343_641_1_jpg,96,96,128,f7b8278e76ba87c5417349bb760dd2ed2aa77f0f73c19ce8b95bb16c5c240071
860,images/test/CRACK500_20160328_151343_641_1_jpg.rf.92c873bd10eb55340e2e4ab3a4a9eb75.jpg,test,crack500_20160328_151343_641_1_jpg,96,192,128,f7b8278e76ba87c5417349bb760dd2ed2aa77f0f73c19ce8b95bb16c5c240071
861,images/test/CRACK500_20160328_151355_1921_361_jpg.rf.bd5e0a0704c9d9a7b408eda2e7053595.jpg,test,crack500_20160328_151355_1921_361_jpg,96,96,128,b1643420294c4c444c6625a67a76a98a9195dac9b23c01d4428177068280cd3f
862,images/test/CRACK500_20160328_151355_1921_361_jpg.rf.bd5e0a0704c9d9a7b408eda2e7053595.jpg,test,crack500_20160328_151355_1921_361_jpg,192,96,128,b1643420294c4c444c6625a67a76a98a9195dac9b23c01d4428177068280cd3f
863,images/test/CRACK500_20160328_151355_1921_361_jpg.rf.bd5e0a0704c9d9a7b408eda2e7053595.jpg,test,crack500_20160328_151355_1921_361_jpg,96,192,128,b1643420294c4c444c6625a67a76a98a9195dac9b23c01d4428177068280cd3f
864,images/test/CRACK500_20160328_151355_1921_361_jpg.rf.bd5e0a0704c9d9a7b408eda2e7053595.jpg,test,crack500_20160328_151355_1921_361_jpg,192,192,128,b1643420294c4c444c6625a67a76a98a9195dac9b23c01d4428177068280cd3f
865,images/test/CRACK500_20160328_151402_641_1081_jpg.rf.aa17fd1db4900730c02d868122365d07.jpg,test,crack500_20160328_151402_641_1081_jpg,96,96,128,3a8e0864da75adb719beb25af1b4f5f18f9dbca804034cb77f54f905a084c801
866,images/test/CRACK500_20160328_151402_641_1081_jpg.rf.aa17fd1db4900730c02d868122365d07.jpg,test,crack500_20160328_151402_641_1081_jpg,96,192,128,3a8e0864da75adb719beb25af1b4f5f18f9dbca804034cb77f54f905a084c801
867,images/test/CRACK500_20160328_151402_641_1081_jpg.rf.aa17fd1db4900730c02d868122365d07.jpg,test,crack500_20160328_151402_641_1081_jpg,192,192,128,3a8e0864da75adb719beb25af1b4f5f18f9dbca804034cb77f54f905a084c801
868,images/test/CRACK500_20160328_151409_1921_721_jpg.rf.77925191c0175cb874f1864674c1cce2.jpg,test,crack500_20160328_151409_1921_721_jpg,192,96,128,44fdef8f1e66b14283c540f0a24fa7dd6905b1ad1456b7405a47fb0353967f35
869,images/test/CRACK500_20160328_151409_1921_721_jpg.rf.77925191c0175cb874f1864674c1cce2.jpg,test,crack500_20160328_151409_1921_721_jpg,192,192,128,44fdef8f1e66b14283c540f0a24fa7dd6905b1ad1456b7405a47fb0353967f35
870,images/test/CRACK500_20160328_151409_1_1_jpg.rf.b329b5204ee8121b1155d877565ff753.jpg,test,crack500_20160328_151409_1_1_jpg,96,96,128,63ca356ff0d823f516fc8a04e7ffd51f5ed4c9a61a0bdb8d04c07c9cb20776cb
871,images/test/CRACK500_20160328_151409_1_1_jpg.rf.b329b5204ee8121b1155d877565ff753.jpg,test,crack500_20160328_151409_1_1_jpg,192,96,128,63ca356ff0d823f516fc8a04e7ffd51f5ed4c9a61a0bdb8d04c07c9cb20776cb
872,images/test/CRACK500_20160328_151409_1_1_jpg.rf.b329b5204ee8121b1155d877565ff753.jpg,test,crack500_20160328_151409_1_1_jpg,96,192,128,63ca356ff0d823f516fc8a04e7ffd51f5ed4c9a61a0bdb8d04c07c9cb20776cb
873,images/test/CRACK500_20160328_151409_1_1_jpg.rf.b329b5204ee8121b1155d877565ff753.jpg,test,crack500_20160328_151409_1_1_jpg,192,192,128,63ca356ff0d823f516fc8a04e7ffd51f5ed4c9a61a0bdb8d04c07c9cb20776cb
874,images/test/CRACK500_20160328_151413_1921_361_jpg.rf.9fa63a142bf40586eea04939c9c327d0.jpg,test,crack500_20160328_151413_1921_361_jpg,96,96,128,ef852eaab6564ae46d85b9512dc3be2b3876da79c9610d50167126cd94f28714
875,images/test/CRACK500_20160328_151413_1921_361_jpg.rf.9fa63a142bf40586eea04939c9c327d0.jpg,test,crack500_20160328_151413_1921_361_jpg,192,96,128,ef852eaab6564ae46d85b9512dc3be2b3876da79c9610d50167126cd94f28714
876,images/test/CRACK500_20160328_151413_1921_361_jpg.rf.9fa63a142bf40586eea04939c9c327d0.jpg,test,crack500_20160328_151413_1921_361_jpg,192,192,128,ef852eaab6564ae46d85b9512dc3be2b3876da79c9610d50167126cd94f28714
877,images/test/CRACK500_20160328_151423_1921_721_jpg.rf.593e8c11450f280e25fb5202fae63229.jpg,test,crack500_20160328_151423_1921_721_jpg,96,96,128,0f4e474898384feb06d56ce7a13d9fe3deeac883f2184999e004d7ee8e96689d
878,images/test/CRACK500_20160328_151423_1921_721_jpg.rf.593e8c11450f280e25fb5202fae63229.jpg,test,crack500_20160328_151423_1921_721_jpg,192,96,128,0f4e474898384feb06d56ce7a13d9fe3deeac883f2184999e004d7ee8e96689d
879,images/test/CRACK500_20160328_151423_1921_721_jpg.rf.593e8c11450f280e25fb5202fae63229.jpg,test,crack500_20160328_151423_1921_721_jpg,96,192,128,0f4e474898384feb06d56ce7a13d9fe3deeac883f2184999e004d7ee8e96689d
880,images/test/CRACK500_20160328_151423_1921_721_jpg.rf.593e8c11450f280e25fb5202fae63229.jpg,test,crack500_20160328_151423_1921_721_jpg,192,192,128,0f4e474898384feb06d56ce7a13d9fe3deeac883f2184999e004d7ee8e96689d
881,images/test/CRACK500_20160328_151423_641_361_jpg.rf.2f65c10a01299967639e1dc3c2bb6965.jpg,test,crack500_20160328_151423_641_361_jpg,96,96,128,7576bf54490d47d4d32b49b9b9776a6daed2b6b8c68626dcc0eceee976193104
882,images/test/CRACK500_20160328_151423_641_361_jpg.rf.2f65c10a01299967639e1dc3c2bb6965.jpg,test,crack500_20160328_151423_641_361_jpg,192,96,128,7576bf54490d47d4d32b49b9b9776a6daed2b6b8c68626dcc0eceee976193104
883,images/test/CRACK500_20160328_151423_641_361_jpg.rf.2f65c10a01299967639e1dc3c2bb6965.jpg,test,crack500_20160328_151423_641_361_jpg,96,192,128,7576bf54490d47d4d32b49b9b9776a6daed2b6b8c68626dcc0eceee976193104
884,images/test/CRACK500_20160328_151423_641_361_jpg.rf.2f65c10a01299967639e1dc3c2bb6965.jpg,test,crack500_20160328_151423_641_361_jpg,192,192,128,7576bf54490d47d4d32b49b9b9776a6daed2b6b8c68626dcc0eceee976193104
885,images/test/CRACK500_20160328_151429_1281_1081_jpg.rf.c48733cd79416bb3ab359cd2d72e6d90.jpg,test,crack500_20160328_151429_1281_1081_jpg,96,96,128,ca0efb38a52688ba48bba805cf4b3acd88ba0f1acf43737250874ea734f301bc
886,images/test/CRACK500_20160328_151429_1281_1081_jpg.rf.c48733cd79416bb3ab359cd2d72e6d90.jpg,test,crack500_20160328_151429_1281_1081_jpg,192,96,128,ca0efb38a52688ba48bba805cf4b3acd88ba0f1acf43737250874ea734f301bc
887,images/test/CRACK500_20160328_151429_1281_1081_jpg.rf.c48733cd79416bb3ab359cd2d72e6d90.jpg,test,crack500_20160328_151429_1281_1081_jpg,96,192,128,ca0efb38a52688ba48bba805cf4b3acd88ba0f1acf43737250874ea734f301bc
888,images/test/CRACK500_20160328_151429_1281_1081_jpg.rf.c48733cd79416bb3ab359cd2d72e6d90.jpg,test,crack500_20160328_151429_1281_1081_jpg,192,192,128,ca0efb38a52688ba48bba805cf4b3acd88ba0f1acf43737250874ea734f301bc
889,images/test/CRACK500_20160328_151429_641_1_jpg.rf.bcf891251f5c9817c86abc2aa76fa608.jpg,test,crack500_20160328_151429_641_1_jpg,96,96,128,eb3287154dcbfe92f5064fe207e8cb2ddbeef07f251a6fd1bb90342336ee7cec
890,images/test/CRACK500_20160328_151429_641_1_jpg.rf.bcf891251f5c9817c86abc2aa76fa608.jpg,test,crack500_20160328_151429_641_1_jpg,192,96,128,eb3287154dcbfe92f5064fe207e8cb2ddbeef07f251a6fd1bb90342336ee7cec
891,images/test/CRACK500_20160328_151429_641_1_jpg.rf.bcf891251f5c9817c86abc2aa76fa608.jpg,test,crack500_20160328_151429_641_1_jpg,96,192,128,eb3287154dcbfe92f5064fe207e8cb2ddbeef07f251a6fd1bb90342336ee7cec
892,images/test/CRACK500_20160328_151429_641_1_jpg.rf.bcf891251f5c9817c86abc2aa76fa608.jpg,test,crack500_20160328_151429_641_1_jpg,192,192,128,eb3287154dcbfe92f5064fe207e8cb2ddbeef07f251a6fd1bb90342336ee7cec
893,images/test/CRACK500_20160328_151504_1921_721_jpg.rf.c89a88cc931463dcb10bbd216283d81e.jpg,test,crack500_20160328_151504_1921_721_jpg,96,192,128,7a318db8fa3066d347ad4481a8dea161b1a1cd812ed8030a99f31bf835589877
894,images/test/CRACK500_20160328_151504_1921_721_jpg.rf.c89a88cc931463dcb10bbd216283d81e.jpg,test,crack500_20160328_151504_1921_721_jpg,192,192,128,7a318db8fa3066d347ad4481a8dea161b1a1cd812ed8030a99f31bf835589877
895,images/test/CRACK500_20160328_151506_1281_361_jpg.rf.a87d415ec513b23d8aab19043014a663.jpg,test,crack500_20160328_151506_1281_361_jpg,96,96,128,f3789cabc44783b99a5ea87e4ff3c7ddfed966f0fce8684162ecf4133ef990b4
896,images/test/CRACK500_20160328_151506_1281_361_jpg.rf.a87d415ec513b23d8aab19043014a663.jpg,test,crack500_20160328_151506_1281_361_jpg,192,96,128,f3789cabc44783b99a5ea87e4ff3c7ddfed966f0fce8684162ecf4133ef990b4
897,images/test/CRACK500_20160328_151506_1281_361_jpg.rf.a87d415ec513b23d8aab19043014a663.jpg,test,crack500_20160328_151506_1281_361_jpg,96,192,128,f3789cabc44783b99a5ea87e4ff3c7ddfed966f0fce8684162ecf4133ef990b4
898,images/test/CRACK500_20160328_151506_1281_361_jpg.rf.a87d415ec513b23d8aab19043014a663.jpg,test,crack500_20160328_151506_1281_361_jpg,192,192,128,f3789cabc44783b99a5ea87e4ff3c7ddfed966f0fce8684162ecf4133ef990b4
899,images/test/CRACK500_20160328_151657_1281_1081_jpg.rf.207bf771c652e84ea5427bf80d4bb338.jpg,test,crack500_20160328_151657_1281_1081_jpg,192,96,128,f9e0c385feb9516de004b31381b007eba30e51b693f30234e119e1a9ac85b8db
900,images/test/CRACK500_20160328_151657_1281_1081_jpg.rf.207bf771c652e84ea5427bf80d4bb338.jpg,test,crack500_20160328_151657_1281_1081_jpg,192,192,128,f9e0c385feb9516de004b31381b007eba30e51b693f30234e119e1a9ac85b8db
901,images/test/CRACK500_20160328_151657_1281_361_jpg.rf.19fb253947b0524a6d2331df0632a982.jpg,test,crack500_20160328_151657_1281_361_jpg,192,96,128,eb14c8ddcc3e93099130faf1f8fb3c2c0377ce83c8a743f89efa77abf9d879b4
902,images/test/CRACK500_20160328_151657_1281_361_jpg.rf.19fb253947b0524a6d2331df0632a982.jpg,test,crack500_20160328_151657_1281_361_jpg,192,192,128,eb14c8ddcc3e93099130faf1f8fb3c2c0377ce83c8a743f89efa77abf9d879b4
903,images/test/CRACK500_20160328_151657_641_361_jpg.rf.b14c92fbcedb29ab79ae3c91aa5563c4.jpg,test,crack500_20160328_151657_641_361_jpg,96,96,128,f154ad85e14b816b8579083f30f869d18e6a93aedd303681fbc0d4ffd20800ac
904,images/test/CRACK500_20160328_151657_641_361_jpg.rf.b14c92fbcedb29ab79ae3c91aa5563c4.jpg,test,crack500_20160328_151657_641_361_jpg,96,192,128,f154ad85e14b816b8579083f30f869d18e6a93aedd303681fbc0d4ffd20800ac
905,images/test/CRACK500_20160328_151752_1281_361_jpg.rf.86d99a1efd475841e5f8f093c0bfe08f.jpg,test,crack500_20160328_151752_1281_361_jpg,96,96,128,948acb4e7c27e93db40033e4a3f83c5a3d10904ed96a9e2ccf89e69ef7873e7a
906,images/test/CRACK500_20160328_151752_1281_361_jpg.rf.86d99a1efd475841e5f8f093c0bfe08f.jpg,test,crack500_20160328_151752_1281_361_jpg,192,96,128,948acb4e7c27e93db40033e4a3f83c5a3d10904ed96a9e2ccf89e69ef7873e7a
907,images/test/CRACK500_20160328_151814_1281_721_jpg.rf.e3c5e202cdeec89b89282c67521fd2bc.jpg,test,crack500_20160328_151814_1281_721_jpg,96,192,128,f30e555cf2d87493b7d342dc67897013285b9cde3edc67a036d663475d21857a
908,images/test/CRACK500_20160328_151814_1281_721_jpg.rf.e3c5e202cdeec89b89282c67521fd2bc.jpg,test,crack500_20160328_151814_1281_721_jpg,192,192,128,f30e555cf2d87493b7d342dc67897013285b9cde3edc67a036d663475d21857a
909,images/test/CRACK500_20160328_151814_1_361_jpg.rf.151262448f655bea79d7c783aebadcd7.jpg,test,crack500_20160328_151814_1_361_jpg,96,96,128,acec34efcb2ce067a90ed5eeeeb49301aa9227202327637b779e1920266cb331
910,images/test/CRACK500_20160328_151814_1_361_jpg.rf.151262448f655bea79d7c783aebadcd7.jpg,test,crack500_20160328_151814_1_361_jpg,192,96,128,acec34efcb2ce067a90ed5eeeeb49301aa9227202327637b779e1920266cb331
911,images/test/CRACK500_20160328_151814_641_361_jpg.rf.08d23238b22890a241dbda0dee4b7091.jpg,test,crack500_20160328_151814_641_361_jpg,96,96,128,6e76b8f50a17b8bb28f681130975e53ba02d3177a5797be91a89d2888e3130ae
912,images/test/CRACK500_20160328_151814_641_361_jpg.rf.08d23238b22890a241dbda0dee4b7091.jpg,test,crack500_20160328_151814_641_361_jpg,192,96,128,6e76b8f50a17b8bb28f681130975e53ba02d3177a5797be91a89d2888e3130ae
913,images/test/CRACK500_20160328_151814_641_361_jpg.rf.08d23238b22890a241dbda0dee4b7091.jpg,test,crack500_20160328_151814_641_361_jpg,96,192,128,6e76b8f50a17b8bb28f681130975e53ba02d3177a5797be91a89d2888e3130ae
914,images/test/CRACK500_20160328_151814_641_361_jpg.rf.08d23238b22890a241dbda0dee4b7091.jpg,test,crack500_20160328_151814_641_361_jpg,192,192,128,6e76b8f50a17b8bb28f681130975e53ba02d3177a5797be91a89d2888e3130ae
915,images/test/CRACK500_20160328_151814_641_721_jpg.rf.19ebc434c10d4b636b052d09fb241e2c.jpg,test,crack500_20160328_151814_641_721_jpg,96,192,128,df618624c52e0a162c425eea2583377cf6429923ad85a52e38dcf6709b20227e
916,images/test/CRACK500_20160328_151814_641_721_jpg.rf.19ebc434c10d4b636b052d09fb241e2c.jpg,test,crack500_20160328_151814_641_721_jpg,192,192,128,df618624c52e0a162c425eea2583377cf6429923ad85a52e38dcf6709b20227e
917,images/test/CRACK500_20160328_151945_641_361_jpg.rf.e363dff836c5d0d7b0b4273846788120.jpg,test,crack500_20160328_151945_641_361_jpg,96,96,128,c7f38f02d6c64e702869c4b29e7db74e3e4c8894999dcf056b49b019a2381fb3
918,images/test/CRACK500_20160328_151945_641_361_jpg.rf.e363dff836c5d0d7b0b4273846788120.jpg,test,crack500_20160328_151945_641_361_jpg,96,192,128,c7f38f02d6c64e702869c4b29e7db74e3e4c8894999dcf056b49b019a2381fb3
919,images/test/CRACK500_20160328_151945_641_721_jpg.rf.04124574ce7e18f3e568d472f67d469d.jpg,test,crack500_20160328_151945_641_721_jpg,96,96,128,7110e512b6182dbd09c5dc361edcdc65ccc8689ae1422820bf62207da529c90c
920,images/test/CRACK500_20160328_151945_641_721_jpg.rf.04124574ce7e18f3e568d472f67d469d.jpg,test,crack500_20160328_151945_641_721_jpg,192,96,128,7110e512b6182dbd09c5dc361edcdc65ccc8689ae1422820bf62207da529c90c
921,images/test/CRACK500_20160328_151945_641_721_jpg.rf.04124574ce7e18f3e568d472f67d469d.jpg,test,crack500_20160328_151945_641_721_jpg,96,192,128,7110e512b6182dbd09c5dc361edcdc65ccc8689ae1422820bf62207da529c90c
922,images/test/CRACK500_20160328_151945_641_721_jpg.rf.04124574ce7e18f3e568d472f67d469d.jpg,test,crack500_20160328_151945_641_721_jpg,192,192,128,7110e512b6182dbd09c5dc361edcdc65ccc8689ae1422820bf62207da529c90c
923,images/test/CRACK500_20160328_152305_1281_721_jpg.rf.e3be66b5722bd7ac5b6174970b930eb8.jpg,test,crack500_20160328_152305_1281_721_jpg,96,96,128,83e7d294d7ece0774575a7e6b537d804d56264f338cbbeca393277bd566d0e1d
924,images/test/CRACK500_20160328_152305_1281_721_jpg.rf.e3be66b5722bd7ac5b6174970b930eb8.jpg,test,crack500_20160328_152305_1281_721_jpg,192,96,128,83e7d294d7ece0774575a7e6b537d804d56264f338cbbeca393277bd566d0e1d
925,images/test/CRACK500_20160328_152305_1281_721_jpg.rf.e3be66b5722bd7ac5b6174970b930eb8.jpg,test,crack500_20160328_152305_1281_721_jpg,96,192,128,83e7d294d7ece0774575a7e6b537d804d56264f338cbbeca393277bd566d0e1d
926,images/test/CRACK500_20160328_152305_1281_721_jpg.rf.e3be66b5722bd7ac5b6174970b930eb8.jpg,test,crack500_20160328_152305_1281_721_jpg,192,192,128,83e7d294d7ece0774575a7e6b537d804d56264f338cbbeca393277bd566d0e1d
927,images/test/CRACK500_20160328_152305_1921_721_jpg.rf.208040175f86fab01e2a7b7dc4cdbe57.jpg,test,crack500_20160328_152305_1921_721_jpg,96,96,128,bd2b16cc1d14541bdc66385f6f5407d59084dddafd3e9c47905c3438c2c75fde
928,images/test/CRACK500_20160328_152305_1921_721_jpg.rf.208040175f86fab01e2a7b7dc4cdbe57.jpg,test,crack500_20160328_152305_1921_721_jpg,192,96,128,bd2b16cc1d14541bdc66385f6f5407d59084dddafd3e9c47905c3438c2c75fde
929,images/test/CRACK500_20160328_152305_1921_721_jpg.rf.208040175f86fab01e2a7b7dc4cdbe57.jpg,test,crack500_20160328_152305_1921_721_jpg,96,192,128,bd2b16cc1d14541bdc66385f6f5407d59084dddafd3e9c47905c3438c2c75fde
930,images/test/CRACK500_20160328_152305_1921_721_jpg.rf.208040175f86fab01e2a7b7dc4cdbe57.jpg,test,crack500_20160328_152305_1921_721_jpg,192,192,128,bd2b16cc1d14541bdc66385f6f5407d59084dddafd3e9c47905c3438c2c75fde
931,images/test/CRACK500_20160328_152308_1_721_jpg.rf.c8f6b34f2c1caa5ce8b83128ccf8a865.jpg,test,crack500_20160328_152308_1_721_jpg,96,96,128,782b7c4f1b7b1b0ba7bf0b79adc2879c564106cb83d338eadb8d1004e78106ba
932,images/test/CRACK500_20160328_152308_1_721_jpg.rf.c8f6b34f2c1caa5ce8b83128ccf8a865.jpg,test,crack500_20160328_152308_1_721_jpg,192,96,128,782b7c4f1b7b1b0ba7bf0b79adc2879c564106cb83d338eadb8d1004e78106ba
933,images/test/CRACK500_20160328_152308_1_721_jpg.rf.c8f6b34f2c1caa5ce8b83128ccf8a865.jpg,test,crack500_20160328_152308_1_721_jpg,96,192,128,782b7c4f1b7b1b0ba7bf0b79adc2879c564106cb83d338eadb8d1004e78106ba
934,images/test/CRACK500_20160328_152308_1_721_jpg.rf.c8f6b34f2c1caa5ce8b83128ccf8a865.jpg,test,crack500_20160328_152308_1_721_jpg,192,192,128,782b7c4f1b7b1b0ba7bf0b79adc2879c564106cb83d338eadb8d1004e78106ba
935,images/test/CRACK500_20160328_152328_1_721_jpg.rf.62ae29233cab5294831e6f09d9f35ab6.jpg,test,crack500_20160328_152328_1_721_jpg,96,192,128,f3e53593f49ee78560ba61fabf4d77883e1131b23b210a9928eb8e5a1495c48a
936,images/test/CRACK500_20160328_152328_1_721_jpg.rf.62ae29233cab5294831e6f09d9f35ab6.jpg,test,crack500_20160328_152328_1_721_jpg,192,192,128,f3e53593f49ee78560ba61fabf4d77883e1131b23b210a9928eb8e5a1495c48a
937,images/test/CRACK500_20160328_152336_1281_361_jpg.rf.7653a368ca5881fbc6785402b3269611.jpg,test,crack500_20160328_152336_1281_361_jpg,192,96,128,3c87b7b89f73946b366460ce11b0d8deb88d2cfbd7332fad230d73b20eca4ae7
938,images/test/CRACK500_20160328_152336_1281_721_jpg.rf.94c5e0a8c1f2b2612702f6b1dbf928e3.jpg,test,crack500_20160328_152336_1281_721_jpg,96,192,128,1aadda93ab64553cbdb47f4e7d87932576aec19d7e5a5e7fc42859e9acca6693
939,images/test/CRACK500_20160328_152336_1281_721_jpg.rf.94c5e0a8c1f2b2612702f6b1dbf928e3.jpg,test,crack500_20160328_152336_1281_721_jpg,192,192,128,1aadda93ab64553cbdb47f4e7d87932576aec19d7e5a5e7fc42859e9acca6693
940,images/test/CRACK500_20160328_152336_1921_721_jpg.rf.1383810522199e5c05a5de7d4ceb8ebf.jpg,test,crack500_20160328_152336_1921_721_jpg,96,96,128,455f9f9786c65e4ea5c5fc0a2ebe56088d154c25d212dc520dc64b5833a88d8b
941,images/test/CRACK500_20160328_152336_1921_721_jpg.rf.1383810522199e5c05a5de7d4ceb8ebf.jpg,test,crack500_20160328_152336_1921_721_jpg,192,96,128,455f9f9786c65e4ea5c5fc0a2ebe56088d154c25d212dc520dc64b5833a88d8b
942,images/test/CRACK500_20160328_152336_1921_721_jpg.rf.1383810522199e5c05a5de7d4ceb8ebf.jpg,test,crack500_20160328_152336_1921_721_jpg,96,192,128,455f9f9786c65e4ea5c5fc0a2ebe56088d154c25d212dc520dc64b5833a88d8b
943,images/test/CRACK500_20160328_152336_1921_721_jpg.rf.1383810522199e5c05a5de7d4ceb8ebf.jpg,test,crack500_20160328_152336_1921_721_jpg,192,192,128,455f9f9786c65e4ea5c5fc0a2ebe56088d154c25d212dc520dc64b5833a88d8b
944,images/test/CRACK500_20160328_152511_1921_361_jpg.rf.f18d7af01fc6673a7a3fad9538e82e60.jpg,test,crack500_20160328_152511_1921_361_jpg,96,96,128,ddb71bc75dde0eb493a9bea7a6e62e61fb4fd79e8159d8b43ec421502608388b
945,images/test/CRACK500_20160328_152511_1921_361_jpg.rf.f18d7af01fc6673a7a3fad9538e82e60.jpg,test,crack500_20160328_152511_1921_361_jpg,192,96,128,ddb71bc75dde0eb493a9bea7a6e62e61fb4fd79e8159d8b43ec421502608388b
946,images/test/CRACK500_20160328_152514_1281_721_jpg.rf.8bc6b989a7a2931b469bb155efcddf12.jpg,test,crack500_20160328_152514_1281_721_jpg,96,96,128,b7ed451871916ace6bae55f3b08b6694c0077e5e4b02164d74c20d71bfed3a03
947,images/test/CRACK500_20160328_152514_1281_721_jpg.rf.8bc6b989a7a2931b469bb155efcddf12.jpg,test,crack500_20160328_152514_1281_721_jpg,192,96,128,b7ed451871916ace6bae55f3b08b6694c0077e5e4b02164d74c20d71bfed3a03
948,images/test/CRACK500_20160328_152514_1281_721_jpg.rf.8bc6b989a7a2931b469bb155efcddf12.jpg,test,crack500_20160328_152514_1281_721_jpg,96,192,128,b7ed451871916ace6bae55f3b08b6694c0077e5e4b02164d74c20d71bfed3a03
949,images/test/CRACK500_20160328_152514_1281_721_jpg.rf.8bc6b989a7a2931b469bb155efcddf12.jpg,test,crack500_20160328_152514_1281_721_jpg,192,192,128,b7ed451871916ace6bae55f3b08b6694c0077e5e4b02164d74c20d71bfed3a03
950,images/test/CRACK500_20160328_152514_641_361_jpg.rf.cf7d4e8fedcb0fac3ee1ce935fb93cc5.jpg,test,crack500_20160328_152514_641_361_jpg,96,96,128,28f860803ad320a45c564b31fc45828628600a8933e2acbd27451b1b451226c3
951,images/test/CRACK500_20160328_152514_641_361_jpg.rf.cf7d4e8fedcb0fac3ee1ce935fb93cc5.jpg,test,crack500_20160328_152514_641_361_jpg,192,96,128,28f860803ad320a45c564b31fc45828628600a8933e2acbd27451b1b451226c3
952,images/test/CRACK500_20160328_152514_641_361_jpg.rf.cf7d4e8fedcb0fac3ee1ce935fb93cc5.jpg,test,crack500_20160328_152514_641_361_jpg,96,192,128,28f860803ad320a45c564b31fc45828628600a8933e2acbd27451b1b451226c3
953,images/test/CRACK500_20160328_152747_1281_361_jpg.rf.3c4097af1f5c7f0b7594367667193a73.jpg,test,crack500_20160328_152747_1281_361_jpg,96,96,128,107edaac8fed569212fd1c826c6bc1ceea233324ff18a5eec62c1eec89d81ec4
954,images/test/CRACK500_20160328_152747_1281_361_jpg.rf.3c4097af1f5c7f0b7594367667193a73.jpg,test,crack500_20160328_152747_1281_361_jpg,192,96,128,107edaac8fed569212fd1c826c6bc1ceea233324ff18a5eec62c1eec89d81ec4
955,images/test/CRACK500_20160328_152747_1281_721_jpg.rf.edd60cce065472de86caed97179b27bb.jpg,test,crack500_20160328_152747_1281_721_jpg,96,96,128,383d7169d3cc0fc16f93d7089d04b4a4486d661123a5d5e388d795bcccd9e98f
956,images/test/CRACK500_20160328_152747_1281_721_jpg.rf.edd60cce065472de86caed97179b27bb.jpg,test,crack500_20160328_152747_1281_721_jpg,192,96,128,383d7169d3cc0fc16f93d7089d04b4a4486d661123a5d5e388d795bcccd9e98f
957,images/test/CRACK500_20160328_152747_1281_721_jpg.rf.edd60cce065472de86caed97179b27bb.jpg,test,crack500_20160328_152747_1281_721_jpg,96,192,128,383d7169d3cc0fc16f93d7089d04b4a4486d661123a5d5e388d795bcccd9e98f
958,images/test/CRACK500_20160328_152747_1281_721_jpg.rf.edd60cce065472de86caed97179b27bb.jpg,test,crack500_20160328_152747_1281_721_jpg,192,192,128,383d7169d3cc0fc16f93d7089d04b4a4486d661123a5d5e388d795bcccd9e98f
959,images/test/CRACK500_20160328_152747_1_361_jpg.rf.92457ed832e16fade60815c74f2f32a1.jpg,test,crack500_20160328_152747_1_361_jpg,96,96,128,0d7c0177d06ffab5ab0f3bb2009ca745beb31443ec3a1930607b95d2c41da0bd
960,images/test/CRACK500_20160328_152747_1_361_jpg.rf.92457ed832e16fade60815c74f2f32a1.jpg,test,crack500_20160328_152747_1_361_jpg,192,96,128,0d7c0177d06ffab5ab0f3bb2009ca745beb31443ec3a1930607b95d2c41da0bd
961,images/test/CRACK500_20160328_152747_641_361_jpg.rf.288c3e32b616c30fba81b8a4ecd42dbf.jpg,test,crack500_20160328_152747_641_361_jpg,96,96,128,22c3852a74abc91b7cb21d78de9a98848647d2104381d0c5e641a715f2757331
962,images/test/CRACK500_20160328_152747_641_361_jpg.rf.288c3e32b616c30fba81b8a4ecd42dbf.jpg,test,crack500_20160328_152747_641_361_jpg,192,96,128,22c3852a74abc91b7cb21d78de9a98848647d2104381d0c5e641a715f2757331
963,images/test/CRACK500_20160328_153241_1281_361_jpg.rf.af29851604a2a459d33c5a65156257c2.jpg,test,crack500_20160328_153241_1281_361_jpg,96,96,128,2362e09dd8aef924b69d003f5118267f9e844cd58903bc606e4c58877c1b96a6
964,images/test/CRACK500_20160328_153241_1281_361_jpg.rf.af29851604a2a459d33c5a65156257c2.jpg,test,crack500_20160328_153241_1281_361_jpg,192,96,128,2362e09dd8aef924b69d003f5118267f9e844cd58903bc606e4c58877c1b96a6
965,images/test/CRACK500_20160328_153241_1281_361_jpg.rf.af29851604a2a459d33c5a65156257c2.jpg,test,crack500_20160328_153241_1281_361_jpg,96,192,128,2362e09dd8aef924b69d003f5118267f9e844cd58903bc606e4c58877c1b96a6
966,images/test/CRACK500_20160328_153241_1281_361_jpg.rf.af29851604a2a459d33c5a65156257c2.jpg,test,crack500_20160328_153241_1281_361_jpg,192,192,128,2362e09dd8aef924b69d003f5118267f9e844cd58903bc606e4c58877c1b96a6
967,images/test/CRACK500_20160328_153241_1_1081_jpg.rf.f45a79cf96b95b5929c7538a1ea9ed47.jpg,test,crack500_20160328_153241_1_1081_jpg,192,96,128,60b7367db054f6c443abebfa2df1d7dbc15cac7748d7113fb0fe15e07c903e49
968,images/test/CRACK500_20160328_153241_1_1081_jpg.rf.f45a79cf96b95b5929c7538a1ea9ed47.jpg,test,crack500_20160328_153241_1_1081_jpg,96,192,128,60b7367db054f6c443abebfa2df1d7dbc15cac7748d7113fb0fe15e07c903e49
969,images/test/CRACK500_20160328_153241_1_1081_jpg.rf.f45a79cf96b95b5929c7538a1ea9ed47.jpg,test,crack500_20160328_153241_1_1081_jpg,192,192,128,60b7367db054f6c443abebfa2df1d7dbc15cac7748d7113fb0fe15e07c903e49
970,images/test/CRACK500_20160328_153357_641_1081_jpg.rf.4de41504a13b59434db0795dd21241a6.jpg,test,crack500_20160328_153357_641_1081_jpg,96,96,128,6c7df9c275866e24cbe3ab222d263e1cc2bed32cea7afbb5f18b877337208864
971,images/test/CRACK500_20160328_153357_641_1081_jpg.rf.4de41504a13b59434db0795dd21241a6.jpg,test,crack500_20160328_153357_641_1081_jpg,192,96,128,6c7df9c275866e24cbe3ab222d263e1cc2bed32cea7afbb5f18b877337208864
972,images/test/CRACK500_20160328_153357_641_1081_jpg.rf.4de41504a13b59434db0795dd21241a6.jpg,test,crack500_20160328_153357_641_1081_jpg,96,192,128,6c7df9c275866e24cbe3ab222d263e1cc2bed32cea7afbb5f18b877337208864
973,images/test/CRACK500_20160328_153357_641_1081_jpg.rf.4de41504a13b59434db0795dd21241a6.jpg,test,crack500_20160328_153357_641_1081_jpg,192,192,128,6c7df9c275866e24cbe3ab222d263e1cc2bed32cea7afbb5f18b877337208864
974,images/test/CRACK500_20160328_153404_641_361_jpg.rf.6a81932c8e9db80ca7abb1955df08080.jpg,test,crack500_20160328_153404_641_361_jpg,96,96,128,9ddfcb8cb396ed36a4a2e38308f9b6de53fd2cb583551eb94a3b7f84d4e1543b
975,images/test/CRACK500_20160328_153404_641_361_jpg.rf.6a81932c8e9db80ca7abb1955df08080.jpg,test,crack500_20160328_153404_641_361_jpg,192,96,128,9ddfcb8cb396ed36a4a2e38308f9b6de53fd2cb583551eb94a3b7f84d4e1543b
976,images/test/CRACK500_20160328_153404_641_361_jpg.rf.6a81932c8e9db80ca7abb1955df08080.jpg,test,crack500_20160328_153404_641_361_jpg,96,192,128,9ddfcb8cb396ed36a4a2e38308f9b6de53fd2cb583551eb94a3b7f84d4e1543b
977,images/test/CRACK500_20160328_153524_641_721_jpg.rf.a7d787c794cc6ba2fb74a7dda091afd8.jpg,test,crack500_20160328_153524_641_721_jpg,192,96,128,eb4f7efa3d3d8f67a6648a67ea2ec434a1e747c736221580927679b8cbf7a102
978,images/test/CRACK500_20160328_153524_641_721_jpg.rf.a7d787c794cc6ba2fb74a7dda091afd8.jpg,test,crack500_20160328_153524_641_721_jpg,96,192,128,eb4f7efa3d3d8f67a6648a67ea2ec434a1e747c736221580927679b8cbf7a102
979,images/test/CRACK500_20160328_153524_641_721_jpg.rf.a7d787c794cc6ba2fb74a7dda091afd8.jpg,test,crack500_20160328_153524_641_721_jpg,192,192,128,eb4f7efa3d3d8f67a6648a67ea2ec434a1e747c736221580927679b8cbf7a102
980,images/test/CRACK500_20160328_153533_1281_361_jpg.rf.5f22f6b4e48ee316701bdbd9f97235c8.jpg,test,crack500_20160328_153533_1281_361_jpg,192,96,128,86ea994bf430c2492f51298b9ae639cea1bd6c3c8914e07ff7944b8eaddaa035
981,images/test/CRACK500_20160328_153533_1281_361_jpg.rf.5f22f6b4e48ee316701bdbd9f97235c8.jpg,test,crack500_20160328_153533_1281_361_jpg,192,192,128,86ea994bf430c2492f51298b9ae639cea1bd6c3c8914e07ff7944b8eaddaa035
982,images/test/CRACK500_20160328_153540_1281_721_jpg.rf.67e5d3860f7634fbc8fc665211e31e0a.jpg,test,crack500_20160328_153540_1281_721_jpg,96,192,128,8b19dc616ede2f6994d322ea23262ea6e61952e7f58d99e86fe5f7eeacf00450
983,images/test/CRACK500_20160328_153540_1921_1081_jpg.rf.80a3f1c9a249a3c86d273cd7cb055ccb.jpg,test,crack500_20160328_153540_1921_1081_jpg,192,192,128,46658ec74b5e9e4b435520de6a3378a66b80c8dd5129fb829e7327db7277eb7a
984,images/test/CRACK500_20160328_153540_1_721_jpg.rf.240f677650ffa8642f43cb3450c62a5c.jpg,test,crack500_20160328_153540_1_721_jpg,96,96,128,fbf949d5f98266e8be69412c2d4745ee94333b85cfa64fc69f498023071752f1
985,images/test/CRACK500_20160328_153540_1_721_jpg.rf.240f677650ffa8642f43cb3450c62a5c.jpg,test,crack500_20160328_153540_1_721_jpg,192,96,128,fbf949d5f98266e8be69412c2d4745ee94333b85cfa64fc69f498023071752f1
986,images/test/CRACK500_20160328_153540_1_721_jpg.rf.240f677650ffa8642f43cb3450c62a5c.jpg,test,crack500_20160328_153540_1_721_jpg,96,192,128,fbf949d5f98266e8be69412c2d4745ee94333b85cfa64fc69f498023071752f1
987,images/test/CRACK500_20160328_153540_1_721_jpg.rf.240f677650ffa8642f43cb3450c62a5c.jpg,test,crack500_20160328_153540_1_721_jpg,192,192,128,fbf949d5f98266e8be69412c2d4745ee94333b85cfa64fc69f498023071752f1
988,images/test/CRACK500_20160328_153544_1281_361_jpg.rf.b9d59acc2aeaa44af9aef0e6c39fadab.jpg,test,crack500_20160328_153544_1281_361_jpg,96,96,128,bb87cb1423bf9244049f8a7e5a36e28080cd140765e088ba2b570d9c234629b6
989,images/test/CRACK500_20160328_153544_1281_361_jpg.rf.b9d59acc2aeaa44af9aef0e6c39fadab.jpg,test,crack500_20160328_153544_1281_361_jpg,192,96,128,bb87cb1423bf9244049f8a7e5a36e28080cd140765e088ba2b570d9c234629b6
990,images/test/CRACK500_20160328_153544_1281_361_jpg.rf.b9d59acc2aeaa44af9aef0e6c39fadab.jpg,test,crack500_20160328_153544_1281_361_jpg,96,192,128,bb87cb1423bf9244049f8a7e5a36e28080cd140765e088ba2b570d9c234629b6
991,images/test/CRACK500_20160328_153544_1281_361_jpg.rf.b9d59acc2aeaa44af9aef0e6c39fadab.jpg,test,crack500_20160328_153544_1281_361_jpg,192,192,128,bb87cb1423bf9244049f8a7e5a36e28080cd140765e088ba2b570d9c234629b6
992,images/test/CRACK500_20160328_153544_641_1_jpg.rf.48db229e406ed4f32f30f01a4979630e.jpg,test,crack500_20160328_153544_641_1_jpg,96,96,128,79bc9be070922953d454b3eaba35a8430fa9beb43f82f9d40fa42d9d561e664c
993,images/test/CRACK500_20160328_153544_641_1_jpg.rf.48db229e406ed4f32f30f01a4979630e.jpg,test,crack500_20160328_153544_641_1_jpg,96,192,128,79bc9be070922953d454b3eaba35a8430fa9beb43f82f9d40fa42d9d561e664c
994,images/test/CRACK500_20160328_153548_1281_1081_jpg.rf.73a51015843813c7caa026a94db45d37.jpg,test,crack500_20160328_153548_1281_1081_jpg,96,96,128,8936e4560e417f8f0557eaba12adceac4e6fb316fe0ac92deb94aaa07003e5e9
995,images/test/CRACK500_20160328_153548_1281_1081_jpg.rf.73a51015843813c7caa026a94db45d37.jpg,test,crack500_20160328_153548_1281_1081_jpg,192,96,128,8936e4560e417f8f0557eaba12adceac4e6fb316fe0ac92deb94aaa07003e5e9
996,images/test/CRACK500_20160328_153548_1281_1081_jpg.rf.73a51015843813c7caa026a94db45d37.jpg,test,crack500_20160328_153548_1281_1081_jpg,96,192,128,8936e4560e417f8f0557eaba12adceac4e6fb316fe0ac92deb94aaa07003e5e9
997,images/test/CRACK500_20160328_153548_1281_1081_jpg.rf.73a51015843813c7caa026a94db45d37.jpg,test,crack500_20160328_153548_1281_1081_jpg,192,192,128,8936e4560e417f8f0557eaba12adceac4e6fb316fe0ac92deb94aaa07003e5e9
998,images/test/CRACK500_20160328_153548_641_1_jpg.rf.e130428b5ff6a2a84355e6f58d4302b4.jpg,test,crack500_20160328_153548_641_1_jpg,96,96,128,1b6c069ef2af64039077e5eb5deb37b54de4eea88f437b889ffc5409f776c0bf
999,images/test/CRACK500_20160328_153548_641_1_jpg.rf.e130428b5ff6a2a84355e6f58d4302b4.jpg,test,crack500_20160328_153548_641_1_jpg,192,96,128,1b6c069ef2af64039077e5eb5deb37b54de4eea88f437b889ffc5409f776c0bf
1000,images/test/CRACK500_20160328_153548_641_1_jpg.rf.e130428b5ff6a2a84355e6f58d4302b4.jpg,test,crack500_20160328_153548_641_1_jpg,192,192,128,1b6c069ef2af64039077e5eb5deb37b54de4eea88f437b889ffc5409f776c0bf
1001,images/test/CRACK500_20160328_153548_641_361_jpg.rf.6d6bc5b89d8dc775625c162293d47ae6.jpg,test,crack500_20160328_153548_641_361_jpg,96,192,128,58fdb596cd6d1747fa8c7d8c39dd42953d9825e5f3182ec07ac5844fd63ef229
1002,images/test/CRACK500_20160328_153548_641_361_jpg.rf.6d6bc5b89d8dc775625c162293d47ae6.jpg,test,crack500_20160328_153548_641_361_jpg,192,192,128,58fdb596cd6d1747fa8c7d8c39dd42953d9825e5f3182ec07ac5844fd63ef229
1003,images/test/CRACK500_20160328_153553_1281_361_jpg.rf.c8038c5a4f761b2639b5e16af63a513a.jpg,test,crack500_20160328_153553_1281_361_jpg,96,96,128,6526719ee3b5d53ed27e472697b2ba7eee705e08ebc95702e5e5078a2aad2807
1004,images/test/CRACK500_20160328_153553_1281_361_jpg.rf.c8038c5a4f761b2639b5e16af63a513a.jpg,test,crack500_20160328_153553_1281_361_jpg,192,96,128,6526719ee3b5d53ed27e472697b2ba7eee705e08ebc95702e5e5078a2aad2807
1005,images/test/CRACK500_20160328_153553_1921_361_jpg.rf.84d0ea571b447a3609aee20878ed116f.jpg,test,crack500_20160328_153553_1921_361_jpg,96,96,128,675e0e9d6382c68c04e007bb8be5900f962cd4a70220ce7c88a51cda8ad8c7ac
1006,images/test/CRACK500_20160328_153553_1921_361_jpg.rf.84d0ea571b447a3609aee20878ed116f.jpg,test,crack500_20160328_153553_1921_361_jpg,192,96,128,675e0e9d6382c68c04e007bb8be5900f962cd4a70220ce7c88a51cda8ad8c7ac
1007,images/test/CRACK500_20160328_153553_641_361_jpg.rf.e0f8fad05a7baa22a5db86ab98068f93.jpg,test,crack500_20160328_153553_641_361_jpg,96,96,128,07eb68ddb924186e349465adf054010a1f257b5e2bc5ee5a1e07e2ee953a38e9
1008,images/test/CRACK500_20160328_153553_641_361_jpg.rf.e0f8fad05a7baa22a5db86ab98068f93.jpg,test,crack500_20160328_153553_641_361_jpg,192,96,128,07eb68ddb924186e349465adf054010a1f257b5e2bc5ee5a1e07e2ee953a38e9
1009,images/test/CRACK500_20160328_153553_641_361_jpg.rf.e0f8fad05a7baa22a5db86ab98068f93.jpg,test,crack500_20160328_153553_641_361_jpg,96,192,128,07eb68ddb924186e349465adf054010a1f257b5e2bc5ee5a1e07e2ee953a38e9
1010,images/test/CRACK500_20160328_153553_641_361_jpg.rf.e0f8fad05a7baa22a5db86ab98068f93.jpg,test,crack500_20160328_153553_641_361_jpg,192,192,128,07eb68ddb924186e349465adf054010a1f257b5e2bc5ee5a1e07e2ee953a38e9
1011,images/test/CRACK500_20160328_153556_641_361_jpg.rf.5f53a9c4db3234f489ba5b43673616e5.jpg,test,crack500_20160328_153556_641_361_jpg,96,96,128,e1f3ddb9019e5a626c40944c23059bec71708cc397df40f89ba891f1ede2beb8
1012,images/test/CRACK500_20160328_153556_641_361_jpg.rf.5f53a9c4db3234f489ba5b43673616e5.jpg,test,crack500_20160328_153556_641_361_jpg,192,96,128,e1f3ddb9019e5a626c40944c23059bec71708cc397df40f89ba891f1ede2beb8
1013,images/test/CRACK500_20160328_153556_641_361_jpg.rf.5f53a9c4db3234f489ba5b43673616e5.jpg,test,crack500_20160328_153556_641_361_jpg,96,192,128,e1f3ddb9019e5a626c40944c23059bec71708cc397df40f89ba891f1ede2beb8
1014,images/test/CRACK500_20160328_153556_641_361_jpg.rf.5f53a9c4db3234f489ba5b43673616e5.jpg,test,crack500_20160328_153556_641_361_jpg,192,192,128,e1f3ddb9019e5a626c40944c23059bec71708cc397df40f89ba891f1ede2beb8
1015,images/test/CRACK500_20160328_153604_1921_361_jpg.rf.322fcb8edff5a50ea4d29bba7073522c.jpg,test,crack500_20160328_153604_1921_361_jpg,96,192,128,ffd47ba78fee4209bb1edf7134b3e94a4e6a1cc697df83e2af15d2f7f99e4d22
1016,images/test/CRACK500_20160328_153620_1921_1081_jpg.rf.b6fd17982b618e100fc238bdd61e6221.jpg,test,crack500_20160328_153620_1921_1081_jpg,192,96,128,19afa4def597b3df4342387ade70f89fe0fc0e37269e846cc139e2bd2ae72a0a
1017,images/test/CRACK500_20160328_153620_1921_1081_jpg.rf.b6fd17982b618e100fc238bdd61e6221.jpg,test,crack500_20160328_153620_1921_1081_jpg,192,192,128,19afa4def597b3df4342387ade70f89fe0fc0e37269e846cc139e2bd2ae72a0a
1018,images/test/CRACK500_20160328_153620_641_361_jpg.rf.b5f3190458ec7d56501e69c5435f2215.jpg,test,crack500_20160328_153620_641_361_jpg,96,96,128,18787ac17db2f0dd6311fda92ca27e4f0ed8db42e605cccda2031d51e47630f9
1019,images/test/CRACK500_20160328_153620_641_361_jpg.rf.b5f3190458ec7d56501e69c5435f2215.jpg,test,crack500_20160328_153620_641_361_jpg,192,96,128,18787ac17db2f0dd6311fda92ca27e4f0ed8db42e605cccda2031d51e47630f9
1020,images/test/CRACK500_20160328_153623_1281_721_jpg.rf.fb6cebac7634850ea34d7a8b227378b5.jpg,test,crack500_20160328_153623_1281_721_jpg,96,96,128,af3c0428443b35ab0c68a42be52a738c72dd8c97ab4750fc143b883d8197fd95
1021,images/test/CRACK500_20160328_153623_1281_721_jpg.rf.fb6cebac7634850ea34d7a8b227378b5.jpg,test,crack500_20160328_153623_1281_721_jpg,96,192,128,af3c0428443b35ab0c68a42be52a738c72dd8c97ab4750fc143b883d8197fd95
1022,images/test/CRACK500_20160328_153623_1281_721_jpg.rf.fb6cebac7634850ea34d7a8b227378b5.jpg,test,crack500_20160328_153623_1281_721_jpg,192,192,128,af3c0428443b35ab0c68a42be52a738c72dd8c97ab4750fc143b883d8197fd95
1023,images/test/CRACK500_20160328_153623_1_361_jpg.rf.cd023c61735f2ee88ac5cfff373745da.jpg,test,crack500_20160328_153623_1_361_jpg,96,96,128,a5e2ae3852b1a94a872267318f7575099223fe73b5ab0e9f41c6d21a2da2237b
1024,images/test/CRACK500_20160328_153623_1_361_jpg.rf.cd023c61735f2ee88ac5cfff373745da.jpg,test,crack500_20160328_153623_1_361_jpg,96,192,128,a5e2ae3852b1a94a872267318f7575099223fe73b5ab0e9f41c6d21a2da2237b
1025,images/test/CRACK500_20160328_153629_1281_361_jpg.rf.41c09eec1923a3f1ffc7a6e177bdaa50.jpg,test,crack500_20160328_153629_1281_361_jpg,96,96,128,1c380862165ff5319953b7025aca95792a8284b53f73cbdb7e67f25b05df3396
1026,images/test/CRACK500_20160328_153629_1281_361_jpg.rf.41c09eec1923a3f1ffc7a6e177bdaa50.jpg,test,crack500_20160328_153629_1281_361_jpg,192,96,128,1c380862165ff5319953b7025aca95792a8284b53f73cbdb7e67f25b05df3396
1027,images/test/CRACK500_20160328_153629_1281_361_jpg.rf.41c09eec1923a3f1ffc7a6e177bdaa50.jpg,test,crack500_20160328_153629_1281_361_jpg,96,192,128,1c380862165ff5319953b7025aca95792a8284b53f73cbdb7e67f25b05df3396
1028,images/test/CRACK500_20160328_153629_641_721_jpg.rf.9ca0e8db54a9fe0e75fd6f6f48bdbb9d.jpg,test,crack500_20160328_153629_641_721_jpg,96,192,128,26d46fb1392f92f6040b91e80145d078e8e8f3f26c8d78d9626bc5bcb819721e
1029,images/test/CRACK500_20160328_153629_641_721_jpg.rf.9ca0e8db54a9fe0e75fd6f6f48bdbb9d.jpg,test,crack500_20160328_153629_641_721_jpg,192,192,128,26d46fb1392f92f6040b91e80145d078e8e8f3f26c8d78d9626bc5bcb819721e
1030,images/test/CRACK500_20160328_153645_1281_721_jpg.rf.792170e003d773c81318e60c3df2a376.jpg,test,crack500_20160328_153645_1281_721_jpg,96,96,128,7b4121ee04b611c23e9e047df3f133aafb6370ffabc8c08190f57e696e3233f4
1031,images/test/CRACK500_20160328_153645_1281_721_jpg.rf.792170e003d773c81318e60c3df2a376.jpg,test,crack500_20160328_153645_1281_721_jpg,192,96,128,7b4121ee04b611c23e9e047df3f133aafb6370ffabc8c08190f57e696e3233f4
1032,images/test/CRACK500_20160328_153645_1281_721_jpg.rf.792170e003d773c81318e60c3df2a376.jpg,test,crack500_20160328_153645_1281_721_jpg,96,192,128,7b4121ee04b611c23e9e047df3f133aafb6370ffabc8c08190f57e696e3233f4
1033,images/test/CRACK500_20160328_153645_1281_721_jpg.rf.792170e003d773c81318e60c3df2a376.jpg,test,crack500_20160328_153645_1281_721_jpg,192,192,128,7b4121ee04b611c23e9e047df3f133aafb6370ffabc8c08190f57e696e3233f4
1034,images/test/CRACK500_20160328_153645_1_721_jpg.rf.208ec7bbfd9bfe34153be22b166f1720.jpg,test,crack500_20160328_153645_1_721_jpg,96,192,128,c9b2d9da95e2088c054e65ecdc1b193b8523b61651b2c82da2c49e1e91bfcec1
1035,images/test/CRACK500_20160328_153645_1_721_jpg.rf.208ec7bbfd9bfe34153be22b166f1720.jpg,test,crack500_20160328_153645_1_721_jpg,192,192,128,c9b2d9da95e2088c054e65ecdc1b193b8523b61651b2c82da2c49e1e91bfcec1
1036,images/test/CRACK500_20160328_153645_641_361_jpg.rf.2c244a1ec6cd1c7258234eb1fdcc92fe.jpg,test,crack500_20160328_153645_641_361_jpg,96,96,128,d3c66d19e825a91832b37f04f8d28559e11470a41342fe507d52c6c659640deb
1037,images/test/CRACK500_20160328_153645_641_361_jpg.rf.2c244a1ec6cd1c7258234eb1fdcc92fe.jpg,test,crack500_20160328_153645_641_361_jpg,192,96,128,d3c66d19e825a91832b37f04f8d28559e11470a41342fe507d52c6c659640deb
1038,images/test/CRACK500_20160328_153645_641_721_jpg.rf.b85102319008c647f3119a5824706174.jpg,test,crack500_20160328_153645_641_721_jpg,96,96,128,1e581956ab7e29c509e121ea0847f8a7618618a7abd70d18c8418f7188f992af
1039,images/test/CRACK500_20160328_153645_641_721_jpg.rf.b85102319008c647f3119a5824706174.jpg,test,crack500_20160328_153645_641_721_jpg,192,96,128,1e581956ab7e29c509e121ea0847f8a7618618a7abd70d18c8418f7188f992af
1040,images/test/CRACK500_20160328_153645_641_721_jpg.rf.b85102319008c647f3119a5824706174.jpg,test,crack500_20160328_153645_641_721_jpg,96,192,128,1e581956ab7e29c509e121ea0847f8a7618618a7abd70d18c8418f7188f992af
1041,images/test/CRACK500_20160328_153645_641_721_jpg.rf.b85102319008c647f3119a5824706174.jpg,test,crack500_20160328_153645_641_721_jpg,192,192,128,1e581956ab7e29c509e121ea0847f8a7618618a7abd70d18c8418f7188f992af
1042,images/test/CRACK500_20160328_153654_1281_361_jpg.rf.b87d2f551f92bdf69c8b7611a646616d.jpg,test,crack500_20160328_153654_1281_361_jpg,96,96,128,9997ac151173c371bc5bbfd831f3cc6587913e84f61138540c184338f2cf47cf
1043,images/test/CRACK500_20160328_153654_1281_361_jpg.rf.b87d2f551f92bdf69c8b7611a646616d.jpg,test,crack500_20160328_153654_1281_361_jpg,192,96,128,9997ac151173c371bc5bbfd831f3cc6587913e84f61138540c184338f2cf47cf
1044,images/test/CRACK500_20160328_153654_1281_361_jpg.rf.b87d2f551f92bdf69c8b7611a646616d.jpg,test,crack500_20160328_153654_1281_361_jpg,96,192,128,9997ac151173c371bc5bbfd831f3cc6587913e84f61138540c184338f2cf47cf
1045,images/test/CRACK500_20160328_153654_1281_361_jpg.rf.b87d2f551f92bdf69c8b7611a646616d.jpg,test,crack500_20160328_153654_1281_361_jpg,192,192,128,9997ac151173c371bc5bbfd831f3cc6587913e84f61138540c184338f2cf47cf
1046,images/test/CRACK500_20160328_153654_1281_721_jpg.rf.5994ae3511196d59ff6109f6ca94afad.jpg,test,crack500_20160328_153654_1281_721_jpg,96,96,128,e0b71651b4493bb9c019f7f10064d0444fd13228dc93a6a56813f88d9a168579
1047,images/test/CRACK500_20160328_153654_1281_721_jpg.rf.5994ae3511196d59ff6109f6ca94afad.jpg,test,crack500_20160328_153654_1281_721_jpg,192,96,128,e0b71651b4493bb9c019f7f10064d0444fd13228dc93a6a56813f88d9a168579
1048,images/test/CRACK500_20160328_153654_1_721_jpg.rf.0357cd0429b9459bfa617ae983b80e8f.jpg,test,crack500_20160328_153654_1_721_jpg,96,96,128,a5c4686b3b98dc3d4f2fdcba361fbe40862623c6aaddcf98b8aaa29046038624
1049,images/test/CRACK500_20160328_153654_1_721_jpg.rf.0357cd0429b9459bfa617ae983b80e8f.jpg,test,crack500_20160328_153654_1_721_jpg,192,96,128,a5c4686b3b98dc3d4f2fdcba361fbe40862623c6aaddcf98b8aaa29046038624
1050,images/test/CRACK500_20160328_153654_1_721_jpg.rf.0357cd0429b9459bfa617ae983b80e8f.jpg,test,crack500_20160328_153654_1_721_jpg,96,192,128,a5c4686b3b98dc3d4f2fdcba361fbe40862623c6aaddcf98b8aaa29046038624
1051,images/test/CRACK500_20160328_153654_641_721_jpg.rf.ed5c271758f29261d25fcabad9c3700d.jpg,test,crack500_20160328_153654_641_721_jpg,96,96,128,5b42e67ad21bc6697fb22fe188cde29e48936fdc1a98df003165c4cd8f9ff346
1052,images/test/CRACK500_20160328_153654_641_721_jpg.rf.ed5c271758f29261d25fcabad9c3700d.jpg,test,crack500_20160328_153654_641_721_jpg,192,96,128,5b42e67ad21bc6697fb22fe188cde29e48936fdc1a98df003165c4cd8f9ff346
1053,images/test/CRACK500_20160328_153657_641_721_jpg.rf.3583785015cbd9e02292b8f3a4908e90.jpg,test,crack500_20160328_153657_641_721_jpg,96,96,128,422254c418889f43b3f75888bd3ce9e9103f01b74cc2ca2eb8aa1c657caa954e
1054,images/test/CRACK500_20160328_153657_641_721_jpg.rf.3583785015cbd9e02292b8f3a4908e90.jpg,test,crack500_20160328_153657_641_721_jpg,192,96,128,422254c418889f43b3f75888bd3ce9e9103f01b74cc2ca2eb8aa1c657caa954e
1055,images/test/CRACK500_20160328_153657_641_721_jpg.rf.3583785015cbd9e02292b8f3a4908e90.jpg,test,crack500_20160328_153657_641_721_jpg,96,192,128,422254c418889f43b3f75888bd3ce9e9103f01b74cc2ca2eb8aa1c657caa954e
1056,images/test/CRACK500_20160328_153657_641_721_jpg.rf.3583785015cbd9e02292b8f3a4908e90.jpg,test,crack500_20160328_153657_641_721_jpg,192,192,128,422254c418889f43b3f75888bd3ce9e9103f01b74cc2ca2eb8aa1c657caa954e
1057,images/test/CRACK500_20160328_153702_1921_1081_jpg.rf.43e8df17265e611382479c8ae9bc7870.jpg,test,crack500_20160328_153702_1921_1081_jpg,96,96,128,0b242ba438a31e5598024d55f09e2884bdf1e51c730c06f0deb2b9fc4c94e820
1058,images/test/CRACK500_20160328_153702_1921_1081_jpg.rf.43e8df17265e611382479c8ae9bc7870.jpg,test,crack500_20160328_153702_1921_1081_jpg,192,96,128,0b242ba438a31e5598024d55f09e2884bdf1e51c730c06f0deb2b9fc4c94e820
1059,images/test/CRACK500_20160328_153702_1921_1081_jpg.rf.43e8df17265e611382479c8ae9bc7870.jpg,test,crack500_20160328_153702_1921_1081_jpg,96,192,128,0b242ba438a31e5598024d55f09e2884bdf1e51c730c06f0deb2b9fc4c94e820
1060,images/test/CRACK500_20160328_153702_1921_1081_jpg.rf.43e8df17265e611382479c8ae9bc7870.jpg,test,crack500_20160328_153702_1921_1081_jpg,192,192,128,0b242ba438a31e5598024d55f09e2884bdf1e51c730c06f0deb2b9fc4c94e820
1061,images/test/CRACK500_20160328_153702_1921_1_jpg.rf.e447e33ef20abdef04019680d4d5b947.jpg,test,crack500_20160328_153702_1921_1_jpg,96,96,128,dab8dea7a71633b9ea405e70602d616552a4f989e4911b95c1178bbf3e6bb988
1062,images/test/CRACK500_20160328_153702_1921_1_jpg.rf.e447e33ef20abdef04019680d4d5b947.jpg,test,crack500_20160328_153702_1921_1_jpg,96,192,128,dab8dea7a71633b9ea405e70602d616552a4f989e4911b95c1178bbf3e6bb988
1063,images/test/CRACK500_20160328_153706_1_361_jpg.rf.874ba72c1cf706a5af928d7a3a29b414.jpg,test,crack500_20160328_153706_1_361_jpg,96,96,128,7ac8f7c575adb3eb861e52d0ebbaa2a3fed59700a93f0ff5528fa4b052349c69
1064,images/test/CRACK500_20160328_153706_1_361_jpg.rf.874ba72c1cf706a5af928d7a3a29b414.jpg,test,crack500_20160328_153706_1_361_jpg,192,96,128,7ac8f7c575adb3eb861e52d0ebbaa2a3fed59700a93f0ff5528fa4b052349c69
1065,images/test/CRACK500_20160328_153714_1281_1_jpg.rf.d9516b0c8bad854ba6ddb99b7c301b28.jpg,test,crack500_20160328_153714_1281_1_jpg,96,96,128,f40f564db725f8ae65bcc53c1d02f266f679f6f2f577e36374a45d55735fab6b
1066,images/test/CRACK500_20160328_153714_1281_1_jpg.rf.d9516b0c8bad854ba6ddb99b7c301b28.jpg,test,crack500_20160328_153714_1281_1_jpg,192,96,128,f40f564db725f8ae65bcc53c1d02f266f679f6f2f577e36374a45d55735fab6b
1067,images/test/CRACK500_20160328_153714_1281_1_jpg.rf.d9516b0c8bad854ba6ddb99b7c301b28.jpg,test,crack500_20160328_153714_1281_1_jpg,96,192,128,f40f564db725f8ae65bcc53c1d02f266f679f6f2f577e36374a45d55735fab6b
1068,images/test/CRACK500_20160328_153714_1281_1_jpg.rf.d9516b0c8bad854ba6ddb99b7c301b28.jpg,test,crack500_20160328_153714_1281_1_jpg,192,192,128,f40f564db725f8ae65bcc53c1d02f266f679f6f2f577e36374a45d55735fab6b
1069,images/test/CRACK500_20160328_153714_1921_1_jpg.rf.3203bbec783699c8d2d6ab74c432866d.jpg,test,crack500_20160328_153714_1921_1_jpg,96,96,128,d472a72245d73d3a6abfc371701f494aff6e432a8a1f3b434baf750bce63f9b9
1070,images/test/CRACK500_20160328_153714_1921_1_jpg.rf.3203bbec783699c8d2d6ab74c432866d.jpg,test,crack500_20160328_153714_1921_1_jpg,192,96,128,d472a72245d73d3a6abfc371701f494aff6e432a8a1f3b434baf750bce63f9b9
1071,images/test/CRACK500_20160328_153714_1921_1_jpg.rf.3203bbec783699c8d2d6ab74c432866d.jpg,test,crack500_20160328_153714_1921_1_jpg,96,192,128,d472a72245d73d3a6abfc371701f494aff6e432a8a1f3b434baf750bce63f9b9
1072,images/test/CRACK500_20160328_153714_1921_1_jpg.rf.3203bbec783699c8d2d6ab74c432866d.jpg,test,crack500_20160328_153714_1921_1_jpg,192,192,128,d472a72245d73d3a6abfc371701f494aff6e432a8a1f3b434baf750bce63f9b9
1073,images/test/CRACK500_20160328_153718_1921_721_jpg.rf.f369dbadcac3fd72d0773a58622a1a4a.jpg,test,crack500_20160328_153718_1921_721_jpg,192,96,128,892954aef211e05db081086709fc03453807b59227a4b70784169cefce382633
1074,images/test/CRACK500_20160328_153718_1921_721_jpg.rf.f369dbadcac3fd72d0773a58622a1a4a.jpg,test,crack500_20160328_153718_1921_721_jpg,192,192,128,892954aef211e05db081086709fc03453807b59227a4b70784169cefce382633
1075,images/test/CRACK500_20160328_153724_1921_721_jpg.rf.7b617d212a8374d1454dae4fe5d72e02.jpg,test,crack500_20160328_153724_1921_721_jpg,96,96,128,de931cce85913528feeeb3fe5d982f7cc72849c8fbb043d66941a147a2adaee1
1076,images/test/CRACK500_20160328_153724_1921_721_jpg.rf.7b617d212a8374d1454dae4fe5d72e02.jpg,test,crack500_20160328_153724_1921_721_jpg,192,96,128,de931cce85913528feeeb3fe5d982f7cc72849c8fbb043d66941a147a2adaee1
1077,images/test/CRACK500_20160328_153724_1921_721_jpg.rf.7b617d212a8374d1454dae4fe5d72e02.jpg,test,crack500_20160328_153724_1921_721_jpg,96,192,128,de931cce85913528feeeb3fe5d982f7cc72849c8fbb043d66941a147a2adaee1
1078,images/test/CRACK500_20160328_153724_1921_721_jpg.rf.7b617d212a8374d1454dae4fe5d72e02.jpg,test,crack500_20160328_153724_1921_721_jpg,192,192,128,de931cce85913528feeeb3fe5d982f7cc72849c8fbb043d66941a147a2adaee1
1079,images/test/CRACK500_20160328_153732_1281_361_jpg.rf.ab42420e3b5b656c4f3b21d9682bd25e.jpg,test,crack500_20160328_153732_1281_361_jpg,96,96,128,084ba564454d843b4e5b472128f990157ace57e7e3e0b37f4994b42867db8afd
1080,images/test/CRACK500_20160328_153732_1281_361_jpg.rf.ab42420e3b5b656c4f3b21d9682bd25e.jpg,test,crack500_20160328_153732_1281_361_jpg,192,96,128,084ba564454d843b4e5b472128f990157ace57e7e3e0b37f4994b42867db8afd
1081,images/test/CRACK500_20160328_153732_1281_361_jpg.rf.ab42420e3b5b656c4f3b21d9682bd25e.jpg,test,crack500_20160328_153732_1281_361_jpg,96,192,128,084ba564454d843b4e5b472128f990157ace57e7e3e0b37f4994b42867db8afd
1082,images/test/CRACK500_20160328_153732_1281_361_jpg.rf.ab42420e3b5b656c4f3b21d9682bd25e.jpg,test,crack500_20160328_153732_1281_361_jpg,192,192,128,084ba564454d843b4e5b472128f990157ace57e7e3e0b37f4994b42867db8afd
1083,images/test/CRACK500_20160328_153732_1921_361_jpg.rf.ceae06aef8b37749053b8305112a99dc.jpg,test,crack500_20160328_153732_1921_361_jpg,96,96,128,aba1d2cc84409ca57ec181591e620e1d00280356347e56539daedf4ab8bb737b
1084,images/test/CRACK500_20160328_153732_1921_361_jpg.rf.ceae06aef8b37749053b8305112a99dc.jpg,test,crack500_20160328_153732_1921_361_jpg,192,96,128,aba1d2cc84409ca57ec181591e620e1d00280356347e56539daedf4ab8bb737b
1085,images/test/CRACK500_20160328_153732_1921_361_jpg.rf.ceae06aef8b37749053b8305112a99dc.jpg,test,crack500_20160328_153732_1921_361_jpg,96,192,128,aba1d2cc84409ca57ec181591e620e1d00280356347e56539daedf4ab8bb737b
1086,images/test/CRACK500_20160328_153732_1921_721_jpg.rf.4dcb7c00d9f1f9217d86f609bbd1fa62.jpg,test,crack500_20160328_153732_1921_721_jpg,96,192,128,16bf08e118ba731e96328cc63804d6563562b6a8c822712fcc8a25df54072b38
1087,images/test/CRACK500_20160328_153732_1921_721_jpg.rf.4dcb7c00d9f1f9217d86f609bbd1fa62.jpg,test,crack500_20160328_153732_1921_721_jpg,192,192,128,16bf08e118ba731e96328cc63804d6563562b6a8c822712fcc8a25df54072b38
1088,images/test/CRACK500_20160328_153732_641_721_jpg.rf.25e41da011aef8045c313a7f4ba60ce4.jpg,test,crack500_20160328_153732_641_721_jpg,192,96,128,69db36f6f6b8933cb75953fd7bb4b31bfe9a71c2d817e4dfe55d8971695d361b
1089,images/test/CRACK500_20160328_153732_641_721_jpg.rf.25e41da011aef8045c313a7f4ba60ce4.jpg,test,crack500_20160328_153732_641_721_jpg,96,192,128,69db36f6f6b8933cb75953fd7bb4b31bfe9a71c2d817e4dfe55d8971695d361b
1090,images/test/CRACK500_20160328_153732_641_721_jpg.rf.25e41da011aef8045c313a7f4ba60ce4.jpg,test,crack500_20160328_153732_641_721_jpg,192,192,128,69db36f6f6b8933cb75953fd7bb4b31bfe9a71c2d817e4dfe55d8971695d361b
1091,images/test/CRACK500_20160328_153801_1281_361_jpg.rf.249cbf5d7a4cebd844929b52b8f59a37.jpg,test,crack500_20160328_153801_1281_361_jpg,96,96,128,19faf474012344b634f0b991cb521c80921cf3f308c91d5d26c81f46bab4ae76
1092,images/test/CRACK500_20160328_153801_1281_361_jpg.rf.249cbf5d7a4cebd844929b52b8f59a37.jpg,test,crack500_20160328_153801_1281_361_jpg,192,96,128,19faf474012344b634f0b991cb521c80921cf3f308c91d5d26c81f46bab4ae76
1093,images/test/CRACK500_20160328_153801_1281_721_jpg.rf.c28b76659f37fecf2899c49d565ab569.jpg,test,crack500_20160328_153801_1281_721_jpg,96,96,128,259284e20671fe349ecf4e632b736804d037c4854551cdc5afc2d5b0e95f61ad
1094,images/test/CRACK500_20160328_153801_1281_721_jpg.rf.c28b76659f37fecf2899c49d565ab569.jpg,test,crack500_20160328_153801_1281_721_jpg,192,96,128,259284e20671fe349ecf4e632b736804d037c4854551cdc5afc2d5b0e95f61ad
1095,images/test/CRACK500_20160328_153801_1281_721_jpg.rf.c28b76659f37fecf2899c49d565ab569.jpg,test,crack500_20160328_153801_1281_721_jpg,96,192,128,259284e20671fe349ecf4e632b736804d037c4854551cdc5afc2d5b0e95f61ad
1096,images/test/CRACK500_20160328_153801_1281_721_jpg.rf.c28b76659f37fecf2899c49d565ab569.jpg,test,crack500_20160328_153801_1281_721_jpg,192,192,128,259284e20671fe349ecf4e632b736804d037c4854551cdc5afc2d5b0e95f61ad
1097,images/test/CRACK500_20160328_153821_1281_721_jpg.rf.586be4a932d183543773b410057392d6.jpg,test,crack500_20160328_153821_1281_721_jpg,96,96,128,b20d369888095a14fc8d19f38948caa410fa9938f219fe033f45e27841127cec
1098,images/test/CRACK500_20160328_153821_1281_721_jpg.rf.586be4a932d183543773b410057392d6.jpg,test,crack500_20160328_153821_1281_721_jpg,192,96,128,b20d369888095a14fc8d19f38948caa410fa9938f219fe033f45e27841127cec
1099,images/test/CRACK500_20160328_153821_1281_721_jpg.rf.586be4a932d183543773b410057392d6.jpg,test,crack500_20160328_153821_1281_721_jpg,96,192,128,b20d369888095a14fc8d19f38948caa410fa9938f219fe033f45e27841127cec
1100,images/test/CRACK500_20160328_153821_1281_721_jpg.rf.586be4a932d183543773b410057392d6.jpg,test,crack500_20160328_153821_1281_721_jpg,192,192,128,b20d369888095a14fc8d19f38948caa410fa9938f219fe033f45e27841127cec
1101,images/test/CRACK500_20160328_153821_1921_361_jpg.rf.fb14d2658ba924bab3d4af9563c0642e.jpg,test,crack500_20160328_153821_1921_361_jpg,96,96,128,84310f23c8b82add17b8ba6daea5409217d232a629b6533370529d5974bafdf6
1102,images/test/CRACK500_20160328_153821_1921_361_jpg.rf.fb14d2658ba924bab3d4af9563c0642e.jpg,test,crack500_20160328_153821_1921_361_jpg,192,96,128,84310f23c8b82add17b8ba6daea5409217d232a629b6533370529d5974bafdf6
1103,images/test/CRACK500_20160328_153821_1921_361_jpg.rf.fb14d2658ba924bab3d4af9563c0642e.jpg,test,crack500_20160328_153821_1921_361_jpg,96,192,128,84310f23c8b82add17b8ba6daea5409217d232a629b6533370529d5974bafdf6
1104,images/test/CRACK500_20160328_153821_1921_361_jpg.rf.fb14d2658ba924bab3d4af9563c0642e.jpg,test,crack500_20160328_153821_1921_361_jpg,192,192,128,84310f23c8b82add17b8ba6daea5409217d232a629b6533370529d5974bafdf6
1105,images/test/CRACK500_20160328_153821_1_1081_jpg.rf.e22a2c5f8bb2fc2c5b9abd64ab496f85.jpg,test,crack500_20160328_153821_1_1081_jpg,96,96,128,95e059388481201344a016d98d8b29a09911aa664664d6d0ed29e7e292fa8aca
1106,images/test/CRACK500_20160328_153821_1_1081_jpg.rf.e22a2c5f8bb2fc2c5b9abd64ab496f85.jpg,test,crack500_20160328_153821_1_1081_jpg,96,192,128,95e059388481201344a016d98d8b29a09911aa664664d6d0ed29e7e292fa8aca
1107,images/test/CRACK500_20160328_153821_641_1081_jpg.rf.b44bce6f5a0668dc61d26a7001065f57.jpg,test,crack500_20160328_153821_641_1081_jpg,192,96,128,025463275df9e81830d623e761facf20472d2378a41fe892ebd081fc1eae4efa
1108,images/test/CRACK500_20160328_153821_641_1081_jpg.rf.b44bce6f5a0668dc61d26a7001065f57.jpg,test,crack500_20160328_153821_641_1081_jpg,192,192,128,025463275df9e81830d623e761facf20472d2378a41fe892ebd081fc1eae4efa
1109,images/test/CRACK500_20160328_153829_1_1_jpg.rf.04e1e991e727da6a8321c64fa2f5f8a4.jpg,test,crack500_20160328_153829_1_1_jpg,96,96,128,ba533d3a505b1895b9e897b87e52ee0006d738293450f911dff95753a792cd85
1110,images/test/CRACK500_20160328_153829_1_1_jpg.rf.04e1e991e727da6a8321c64fa2f5f8a4.jpg,test,crack500_20160328_153829_1_1_jpg,192,96,128,ba533d3a505b1895b9e897b87e52ee0006d738293450f911dff95753a792cd85
1111,images/test/CRACK500_20160328_153829_641_1081_jpg.rf.9d6ffb4483437e6deb945710b9e3a9b5.jpg,test,crack500_20160328_153829_641_1081_jpg,96,96,128,c9e47fc4c57719763ee4c1d59bc4a0506de4af4df23c5ad602fecaa62728a8db
1112,images/test/CRACK500_20160328_153829_641_1081_jpg.rf.9d6ffb4483437e6deb945710b9e3a9b5.jpg,test,crack500_20160328_153829_641_1081_jpg,96,192,128,c9e47fc4c57719763ee4c1d59bc4a0506de4af4df23c5ad602fecaa62728a8db
1113,images/test/CRACK500_20160328_153829_641_361_jpg.rf.4b14eca1444542124268a65ab6835511.jpg,test,crack500_20160328_153829_641_361_jpg,96,96,128,58ad7f0f7833b80280ede7c1cf382354496535ab19a64de3d26f82d20757967b
1114,images/test/CRACK500_20160328_153829_641_361_jpg.rf.4b14eca1444542124268a65ab6835511.jpg,test,crack500_20160328_153829_641_361_jpg,96,192,128,58ad7f0f7833b80280ede7c1cf382354496535ab19a64de3d26f82d20757967b
1115,images/test/CRACK500_20160328_153829_641_721_jpg.rf.89f40cad10f4dc7e4b1b963a50c06fc1.jpg,test,crack500_20160328_153829_641_721_jpg,96,96,128,345be3323668c67a98fe492d6eef46b42b836a60265a6324e32b6b2d81b7baa2
1116,images/test/CRACK500_20160328_153829_641_721_jpg.rf.89f40cad10f4dc7e4b1b963a50c06fc1.jpg,test,crack500_20160328_153829_641_721_jpg,192,96,128,345be3323668c67a98fe492d6eef46b42b836a60265a6324e32b6b2d81b7baa2
1117,images/test/CRACK500_20160328_153829_641_721_jpg.rf.89f40cad10f4dc7e4b1b963a50c06fc1.jpg,test,crack500_20160328_153829_641_721_jpg,96,192,128,345be3323668c67a98fe492d6eef46b42b836a60265a6324e32b6b2d81b7baa2
1118,images/test/CRACK500_20160328_153829_641_721_jpg.rf.89f40cad10f4dc7e4b1b963a50c06fc1.jpg,test,crack500_20160328_153829_641_721_jpg,192,192,128,345be3323668c67a98fe492d6eef46b42b836a60265a6324e32b6b2d81b7baa2
1119,images/test/CRACK500_20160328_153845_1281_1_jpg.rf.7a83be2efa86697f7c36c3b430f89c00.jpg,test,crack500_20160328_153845_1281_1_jpg,192,96,128,4a0d17f7c251ec395d866378d2be0459b623294d84e97bbd604e2c263d0ec5a7
1120,images/test/CRACK500_20160328_153845_1281_1_jpg.rf.7a83be2efa86697f7c36c3b430f89c00.jpg,test,crack500_20160328_153845_1281_1_jpg,192,192,128,4a0d17f7c251ec395d866378d2be0459b623294d84e97bbd604e2c263d0ec5a7
1121,images/test/CRACK500_20160328_153845_1_1_jpg.rf.f7c80fc7a6228fac97b96c16d2979e14.jpg,test,crack500_20160328_153845_1_1_jpg,192,96,128,f9c347a789fc26358b1c541b09c94a19398fdd2cca7904e03260cf9f0ee3c9f3
1122,images/test/CRACK500_20160328_153845_1_1_jpg.rf.f7c80fc7a6228fac97b96c16d2979e14.jpg,test,crack500_20160328_153845_1_1_jpg,192,192,128,f9c347a789fc26358b1c541b09c94a19398fdd2cca7904e03260cf9f0ee3c9f3
1123,images/test/CRACK500_20160328_153848_1281_721_jpg.rf.36288cfeecf460c5efa95c9be297b3f6.jpg,test,crack500_20160328_153848_1281_721_jpg,192,96,128,4e674f3bd4663da06b96619a86402b19bac2a88a0546a855f111c3273c6758aa
1124,images/test/CRACK500_20160328_153848_1281_721_jpg.rf.36288cfeecf460c5efa95c9be297b3f6.jpg,test,crack500_20160328_153848_1281_721_jpg,192,192,128,4e674f3bd4663da06b96619a86402b19bac2a88a0546a855f111c3273c6758aa
1125,images/test/CRACK500_20160328_153848_1_1081_jpg.rf.2851fab0fbfdc3ff658a44bcad01498b.jpg,test,crack500_20160328_153848_1_1081_jpg,96,192,128,204ad0a6a05003293186451b20996cc63168025e0b71b37f10bd955f6cdfdb6d
1126,images/test/CRACK500_20160328_153848_1_1081_jpg.rf.2851fab0fbfdc3ff658a44bcad01498b.jpg,test,crack500_20160328_153848_1_1081_jpg,192,192,128,204ad0a6a05003293186451b20996cc63168025e0b71b37f10bd955f6cdfdb6d
1127,images/test/CRACK500_20160328_154011_1_721_jpg.rf.92f5705278485a6ed9058cc6fddfd3ae.jpg,test,crack500_20160328_154011_1_721_jpg,96,96,128,996b7d0e7cf5b029c02a1397b70fd3be2027ad11b055e8fc77ea0354ab479415
1128,images/test/CRACK500_20160328_154011_1_721_jpg.rf.92f5705278485a6ed9058cc6fddfd3ae.jpg,test,crack500_20160328_154011_1_721_jpg,192,96,128,996b7d0e7cf5b029c02a1397b70fd3be2027ad11b055e8fc77ea0354ab479415
1129,images/test/CRACK500_20160328_154011_1_721_jpg.rf.92f5705278485a6ed9058cc6fddfd3ae.jpg,test,crack500_20160328_154011_1_721_jpg,96,192,128,996b7d0e7cf5b029c02a1397b70fd3be2027ad11b055e8fc77ea0354ab479415
1130,images/test/CRACK500_20160328_154011_1_721_jpg.rf.92f5705278485a6ed9058cc6fddfd3ae.jpg,test,crack500_20160328_154011_1_721_jpg,192,192,128,996b7d0e7cf5b029c02a1397b70fd3be2027ad11b055e8fc77ea0354ab479415
1131,images/test/CRACK500_20160328_154011_641_1081_jpg.rf.9081527459dd9233cf1073cea9376016.jpg,test,crack500_20160328_154011_641_1081_jpg,96,96,128,cdbe5cb6add0f2e93d34c6344853c9e0aff1f6fe28a899a218f74b84f111b008
1132,images/test/CRACK500_20160328_154011_641_1081_jpg.rf.9081527459dd9233cf1073cea9376016.jpg,test,crack500_20160328_154011_641_1081_jpg,192,96,128,cdbe5cb6add0f2e93d34c6344853c9e0aff1f6fe28a899a218f74b84f111b008
1133,images/test/CRACK500_20160328_154011_641_1081_jpg.rf.9081527459dd9233cf1073cea9376016.jpg,test,crack500_20160328_154011_641_1081_jpg,96,192,128,cdbe5cb6add0f2e93d34c6344853c9e0aff1f6fe28a899a218f74b84f111b008
1134,images/test/CRACK500_20160328_154011_641_1081_jpg.rf.9081527459dd9233cf1073cea9376016.jpg,test,crack500_20160328_154011_641_1081_jpg,192,192,128,cdbe5cb6add0f2e93d34c6344853c9e0aff1f6fe28a899a218f74b84f111b008
1135,images/test/CRACK500_20160328_154011_641_361_jpg.rf.d80a1eb8de11b22e7be3057fdaaec67e.jpg,test,crack500_20160328_154011_641_361_jpg,96,192,128,43b792ad5355c9059af2c9ff73321edf52c04f195fd436e9423f21ca7038db50
1136,images/test/CRACK500_20160328_154011_641_361_jpg.rf.d80a1eb8de11b22e7be3057fdaaec67e.jpg,test,crack500_20160328_154011_641_361_jpg,192,192,128,43b792ad5355c9059af2c9ff73321edf52c04f195fd436e9423f21ca7038db50
1137,images/test/CRACK500_20160328_154159_1_721_jpg.rf.674a34237e50609e32e67e14fea5dffe.jpg,test,crack500_20160328_154159_1_721_jpg,96,96,128,7f42ead65051ce9592c79a5a68725d41f2620d19e8d49a4b52b707d5f3bbc702
1138,images/test/CRACK500_20160328_154159_1_721_jpg.rf.674a34237e50609e32e67e14fea5dffe.jpg,test,crack500_20160328_154159_1_721_jpg,192,96,128,7f42ead65051ce9592c79a5a68725d41f2620d19e8d49a4b52b707d5f3bbc702
1139,images/test/CRACK500_20160328_154159_1_721_jpg.rf.674a34237e50609e32e67e14fea5dffe.jpg,test,crack500_20160328_154159_1_721_jpg,96,192,128,7f42ead65051ce9592c79a5a68725d41f2620d19e8d49a4b52b707d5f3bbc702
1140,images/test/CRACK500_20160328_154159_1_721_jpg.rf.674a34237e50609e32e67e14fea5dffe.jpg,test,crack500_20160328_154159_1_721_jpg,192,192,128,7f42ead65051ce9592c79a5a68725d41f2620d19e8d49a4b52b707d5f3bbc702
1141,images/test/CRACK500_20160328_154202_1921_1081_jpg.rf.1ad208ea0083977191a69cc771c692b5.jpg,test,crack500_20160328_154202_1921_1081_jpg,96,192,128,70b21af69981e543e8f073f12474a5292ed43f29a7202778e1829ff9e10819bd
1142,images/test/CRACK500_20160328_154202_1921_1081_jpg.rf.1ad208ea0083977191a69cc771c692b5.jpg,test,crack500_20160328_154202_1921_1081_jpg,192,192,128,70b21af69981e543e8f073f12474a5292ed43f29a7202778e1829ff9e10819bd
1143,images/test/CRACK500_20160328_154202_1_1081_jpg.rf.c2d9d44c18c9edeb0736e5de83d7ad08.jpg,test,crack500_20160328_154202_1_1081_jpg,96,96,128,c56cba6de3e2684f333ccb91c57c7cd9293a65f3eee858f5aefee80070560614
1144,images/test/CRACK500_20160328_154202_1_1081_jpg.rf.c2d9d44c18c9edeb0736e5de83d7ad08.jpg,test,crack500_20160328_154202_1_1081_jpg,96,192,128,c56cba6de3e2684f333ccb91c57c7cd9293a65f3eee858f5aefee80070560614
1145,images/test/CRACK500_20160328_154202_641_1_jpg.rf.ec517747966262607a6ee91e2b6ac1b1.jpg,test,crack500_20160328_154202_641_1_jpg,96,96,128,a45af8768d59a4f12cdb4bb3e29bc3a0f9259ac847f338900bd874264fcb7c25
1146,images/test/CRACK500_20160328_154202_641_1_jpg.rf.ec517747966262607a6ee91e2b6ac1b1.jpg,test,crack500_20160328_154202_641_1_jpg,96,192,128,a45af8768d59a4f12cdb4bb3e29bc3a0f9259ac847f338900bd874264fcb7c25
1147,images/test/CRACK500_20160328_154202_641_361_jpg.rf.760e0cb01525ee84f021a3245ca3a8b0.jpg,test,crack500_20160328_154202_641_361_jpg,96,96,128,249a60264b20de8e5cc640a620cfad8e1c2b06b7f50b75befb93fa56e2a222ba
1148,images/test/CRACK500_20160328_154202_641_361_jpg.rf.760e0cb01525ee84f021a3245ca3a8b0.jpg,test,crack500_20160328_154202_641_361_jpg,96,192,128,249a60264b20de8e5cc640a620cfad8e1c2b06b7f50b75befb93fa56e2a222ba
1149,images/test/CRACK500_20160328_154321_1921_1081_jpg.rf.febccfc440a8f32aed081d6ebb9fcb65.jpg,test,crack500_20160328_154321_1921_1081_jpg,96,96,128,465e52ba584d49dd3a894e0fbf8eacadacddcf44df81932269c19177ca8a5785
1150,images/test/CRACK500_20160328_154321_1921_1081_jpg.rf.febccfc440a8f32aed081d6ebb9fcb65.jpg,test,crack500_20160328_154321_1921_1081_jpg,192,96,128,465e52ba584d49dd3a894e0fbf8eacadacddcf44df81932269c19177ca8a5785
1151,images/test/CRACK500_20160328_154321_1921_1081_jpg.rf.febccfc440a8f32aed081d6ebb9fcb65.jpg,test,crack500_20160328_154321_1921_1081_jpg,96,192,128,465e52ba584d49dd3a894e0fbf8eacadacddcf44df81932269c19177ca8a5785
1152,images/test/CRACK500_20160328_154321_1921_1081_jpg.rf.febccfc440a8f32aed081d6ebb9fcb65.jpg,test,crack500_20160328_154321_1921_1081_jpg,192,192,128,465e52ba584d49dd3a894e0fbf8eacadacddcf44df81932269c19177ca8a5785
1153,images/test/CRACK500_20160328_154325_1281_1_jpg.rf.cf77afd8f4a1ac7d1640f3575d20015e.jpg,test,crack500_20160328_154325_1281_1_jpg,96,96,128,8eaf87e6ae4f8e5c0c8cc56eab61881c8db46c111f92e735ddc392173e479d12
1154,images/test/CRACK500_20160328_154325_1281_1_jpg.rf.cf77afd8f4a1ac7d1640f3575d20015e.jpg,test,crack500_20160328_154325_1281_1_jpg,96,192,128,8eaf87e6ae4f8e5c0c8cc56eab61881c8db46c111f92e735ddc392173e479d12
1155,images/test/CRACK500_20160328_154325_1921_1081_jpg.rf.ee32fc20dbf068c06827cccfe670bb6d.jpg,test,crack500_20160328_154325_1921_1081_jpg,96,96,128,75fd10f3826afed9844034d0a07a7a27f36ab1da67d3a538a10e2e173a22f3f8
1156,images/test/CRACK500_20160328_154325_1921_1081_jpg.rf.ee32fc20dbf068c06827cccfe670bb6d.jpg,test,crack500_20160328_154325_1921_1081_jpg,192,96,128,75fd10f3826afed9844034d0a07a7a27f36ab1da67d3a538a10e2e173a22f3f8
1157,images/test/CRACK500_20160328_154325_1921_1081_jpg.rf.ee32fc20dbf068c06827cccfe670bb6d.jpg,test,crack500_20160328_154325_1921_1081_jpg,96,192,128,75fd10f3826afed9844034d0a07a7a27f36ab1da67d3a538a10e2e173a22f3f8
1158,images/test/CRACK500_20160328_154325_1921_1081_jpg.rf.ee32fc20dbf068c06827cccfe670bb6d.jpg,test,crack500_20160328_154325_1921_1081_jpg,192,192,128,75fd10f3826afed9844034d0a07a7a27f36ab1da67d3a538a10e2e173a22f3f8
1159,images/test/CRACK500_20160328_154325_1921_721_jpg.rf.65b7ecad117ad5614de96d58cc7d5ed2.jpg,test,crack500_20160328_154325_1921_721_jpg,96,96,128,bac8af4289328b73fdc12aac6fd6ea40ddea26a39f625e0e967ac18849957ba8
1160,images/test/CRACK500_20160328_154325_1921_721_jpg.rf.65b7ecad117ad5614de96d58cc7d5ed2.jpg,test,crack500_20160328_154325_1921_721_jpg,192,96,128,bac8af4289328b73fdc12aac6fd6ea40ddea26a39f625e0e967ac18849957ba8
1161,images/test/CRACK500_20160328_154325_1921_721_jpg.rf.65b7ecad117ad5614de96d58cc7d5ed2.jpg,test,crack500_20160328_154325_1921_721_jpg,96,192,128,bac8af4289328b73fdc12aac6fd6ea40ddea26a39f625e0e967ac18849957ba8
1162,images/test/CRACK500_20160328_154325_1921_721_jpg.rf.65b7ecad117ad5614de96d58cc7d5ed2.jpg,test,crack500_20160328_154325_1921_721_jpg,192,192,128,bac8af4289328b73fdc12aac6fd6ea40ddea26a39f625e0e967ac18849957ba8
1163,images/test/CRACK500_20160328_154339_1_721_jpg.rf.a649706305c18fdf0d471f32e6000d4b.jpg,test,crack500_20160328_154339_1_721_jpg,96,96,128,67071f60bd9beb6ebde964d9fead706c138d369f79bc3bb3c229aa418efa4e9b
1164,images/test/CRACK500_20160328_154339_1_721_jpg.rf.a649706305c18fdf0d471f32e6000d4b.jpg,test,crack500_20160328_154339_1_721_jpg,192,96,128,67071f60bd9beb6ebde964d9fead706c138d369f79bc3bb3c229aa418efa4e9b
1165,images/test/CRACK500_20160328_154339_1_721_jpg.rf.a649706305c18fdf0d471f32e6000d4b.jpg,test,crack500_20160328_154339_1_721_jpg,96,192,128,67071f60bd9beb6ebde964d9fead706c138d369f79bc3bb3c229aa418efa4e9b
1166,images/test/CRACK500_20160328_154339_1_721_jpg.rf.a649706305c18fdf0d471f32e6000d4b.jpg,test,crack500_20160328_154339_1_721_jpg,192,192,128,67071f60bd9beb6ebde964d9fead706c138d369f79bc3bb3c229aa418efa4e9b
1167,images/test/CRACK500_20160328_154352_641_1_jpg.rf.7e3c9114fc007b3ff01610231fc30da1.jpg,test,crack500_20160328_154352_641_1_jpg,96,96,128,6159694a9e31c16ced3f901307ab2fba7c24f328914b40ed0f98b55d73d3204c
1168,images/test/CRACK500_20160328_154352_641_1_jpg.rf.7e3c9114fc007b3ff01610231fc30da1.jpg,test,crack500_20160328_154352_641_1_jpg,192,96,128,6159694a9e31c16ced3f901307ab2fba7c24f328914b40ed0f98b55d73d3204c
1169,images/test/CRACK500_20160328_154352_641_1_jpg.rf.7e3c9114fc007b3ff01610231fc30da1.jpg,test,crack500_20160328_154352_641_1_jpg,96,192,128,6159694a9e31c16ced3f901307ab2fba7c24f328914b40ed0f98b55d73d3204c
1170,images/test/CRACK500_20160328_154352_641_1_jpg.rf.7e3c9114fc007b3ff01610231fc30da1.jpg,test,crack500_20160328_154352_641_1_jpg,192,192,128,6159694a9e31c16ced3f901307ab2fba7c24f328914b40ed0f98b55d73d3204c
1171,images/test/CRACK500_20160328_154356_641_1081_jpg.rf.61562e297e381ec2ae517cdd198037d1.jpg,test,crack500_20160328_154356_641_1081_jpg,96,192,128,96bd296ae77299a6ec513f26a773a8f4bdbfa337c04760a2f1826f7ae11732ab
1172,images/test/CRACK500_20160328_154356_641_1081_jpg.rf.61562e297e381ec2ae517cdd198037d1.jpg,test,crack500_20160328_154356_641_1081_jpg,192,192,128,96bd296ae77299a6ec513f26a773a8f4bdbfa337c04760a2f1826f7ae11732ab
1173,images/test/CRACK500_20160328_154452_1281_721_jpg.rf.9e01c603fd8704bd3688c2b451e47d30.jpg,test,crack500_20160328_154452_1281_721_jpg,96,96,128,38e64a9d0405bb9789a158ff17d1f7013de58704bd37b8da62213039931ab27c
1174,images/test/CRACK500_20160328_154452_1281_721_jpg.rf.9e01c603fd8704bd3688c2b451e47d30.jpg,test,crack500_20160328_154452_1281_721_jpg,192,96,128,38e64a9d0405bb9789a158ff17d1f7013de58704bd37b8da62213039931ab27c
1175,images/test/CRACK500_20160328_154452_1281_721_jpg.rf.9e01c603fd8704bd3688c2b451e47d30.jpg,test,crack500_20160328_154452_1281_721_jpg,96,192,128,38e64a9d0405bb9789a158ff17d1f7013de58704bd37b8da62213039931ab27c
1176,images/test/CRACK500_20160328_154452_1281_721_jpg.rf.9e01c603fd8704bd3688c2b451e47d30.jpg,test,crack500_20160328_154452_1281_721_jpg,192,192,128,38e64a9d0405bb9789a158ff17d1f7013de58704bd37b8da62213039931ab27c
1177,images/test/CRACK500_20160328_154452_1921_361_jpg.rf.dbe30cfc4946b1df774dd05b7ea93eb1.jpg,test,crack500_20160328_154452_1921_361_jpg,96,96,128,48c156e01e31fdd5c9f63adb6f71fb02b9f24739edfb2aa1cea7bf328bf5f385
1178,images/test/CRACK500_20160328_154452_1921_361_jpg.rf.dbe30cfc4946b1df774dd05b7ea93eb1.jpg,test,crack500_20160328_154452_1921_361_jpg,192,96,128,48c156e01e31fdd5c9f63adb6f71fb02b9f24739edfb2aa1cea7bf328bf5f385
1179,images/test/CRACK500_20160328_154452_1921_361_jpg.rf.dbe30cfc4946b1df774dd05b7ea93eb1.jpg,test,crack500_20160328_154452_1921_361_jpg,96,192,128,48c156e01e31fdd5c9f63adb6f71fb02b9f24739edfb2aa1cea7bf328bf5f385
1180,images/test/CRACK500_20160328_154452_1921_361_jpg.rf.dbe30cfc4946b1df774dd05b7ea93eb1.jpg,test,crack500_20160328_154452_1921_361_jpg,192,192,128,48c156e01e31fdd5c9f63adb6f71fb02b9f24739edfb2aa1cea7bf328bf5f385
1181,images/test/CRACK500_20160328_154452_1_361_jpg.rf.15b62c515e285b7163482adb80e35586.jpg,test,crack500_20160328_154452_1_361_jpg,96,96,128,2be95f1ddc848d9f8e21c1eede21eee4643836cd1fc4113d49ef54325c6f64c8
1182,images/test/CRACK500_20160328_154452_1_361_jpg.rf.15b62c515e285b7163482adb80e35586.jpg,test,crack500_20160328_154452_1_361_jpg,192,96,128,2be95f1ddc848d9f8e21c1eede21eee4643836cd1fc4113d49ef54325c6f64c8
1183,images/test/CRACK500_20160328_154452_641_361_jpg.rf.1b32a9e656a3d58c306f8091e5eed415.jpg,test,crack500_20160328_154452_641_361_jpg,96,96,128,1e27ee5873dc7be856ee8d59ee5b363b84c8914ab57332e2a2d7eba6cec2dda8
1184,images/test/CRACK500_20160328_154452_641_361_jpg.rf.1b32a9e656a3d58c306f8091e5eed415.jpg,test,crack500_20160328_154452_641_361_jpg,192,96,128,1e27ee5873dc7be856ee8d59ee5b363b84c8914ab57332e2a2d7eba6cec2dda8
1185,images/test/CRACK500_20160328_154454_1_361_jpg.rf.a344670d2fa8589eca949fa47053fc90.jpg,test,crack500_20160328_154454_1_361_jpg,96,96,128,611c1278d44ed66aabba1ee40ea781b26296264e996351d47f982f6adb4e03c2
1186,images/test/CRACK500_20160328_154454_1_361_jpg.rf.a344670d2fa8589eca949fa47053fc90.jpg,test,crack500_20160328_154454_1_361_jpg,192,96,128,611c1278d44ed66aabba1ee40ea781b26296264e996351d47f982f6adb4e03c2
1187,images/test/CRACK500_20160328_154535_641_361_jpg.rf.c19eec20c9e4485468462e39421d6386.jpg,test,crack500_20160328_154535_641_361_jpg,96,96,128,8d0e882e09d51f71865ccc695fb95236142ba6c1176af7fb1b2b4a4e0c03a5ef
1188,images/test/CRACK500_20160328_154535_641_361_jpg.rf.c19eec20c9e4485468462e39421d6386.jpg,test,crack500_20160328_154535_641_361_jpg,192,96,128,8d0e882e09d51f71865ccc695fb95236142ba6c1176af7fb1b2b4a4e0c03a5ef
1189,images/test/CRACK500_20160328_154535_641_361_jpg.rf.c19eec20c9e4485468462e39421d6386.jpg,test,crack500_20160328_154535_641_361_jpg,96,192,128,8d0e882e09d51f71865ccc695fb95236142ba6c1176af7fb1b2b4a4e0c03a5ef
1190,images/test/CRACK500_20160328_154535_641_361_jpg.rf.c19eec20c9e4485468462e39421d6386.jpg,test,crack500_20160328_154535_641_361_jpg,192,192,128,8d0e882e09d51f71865ccc695fb95236142ba6c1176af7fb1b2b4a4e0c03a5ef
1191,images/test/CRACK500_20160328_154540_1281_721_jpg.rf.3be81792422216fc1e177440726280a7.jpg,test,crack500_20160328_154540_1281_721_jpg,96,192,128,9760d50b695cc007ee76655852c6bac1778e3f2110960cfeaa52f6836947a97e
1192,images/test/CRACK500_20160328_154540_1281_721_jpg.rf.3be81792422216fc1e177440726280a7.jpg,test,crack500_20160328_154540_1281_721_jpg,192,192,128,9760d50b695cc007ee76655852c6bac1778e3f2110960cfeaa52f6836947a97e
1193,images/test/CRACK500_20160328_154540_1921_1081_jpg.rf.577c6b9f853715465351181405f57da4.jpg,test,crack500_20160328_154540_1921_1081_jpg,96,96,128,5a5637104792be8d0132d3344a0ae3f753c24d7e5041604c046e1cf5d3538f0e
1194,images/test/CRACK500_20160328_154540_1921_1081_jpg.rf.577c6b9f853715465351181405f57da4.jpg,test,crack500_20160328_154540_1921_1081_jpg,192,96,128,5a5637104792be8d0132d3344a0ae3f753c24d7e5041604c046e1cf5d3538f0e
1195,images/test/CRACK500_20160328_154540_1921_1081_jpg.rf.577c6b9f853715465351181405f57da4.jpg,test,crack500_20160328_154540_1921_1081_jpg,96,192,128,5a5637104792be8d0132d3344a0ae3f753c24d7e5041604c046e1cf5d3538f0e
1196,images/test/CRACK500_20160328_154540_1921_1081_jpg.rf.577c6b9f853715465351181405f57da4.jpg,test,crack500_20160328_154540_1921_1081_jpg,192,192,128,5a5637104792be8d0132d3344a0ae3f753c24d7e5041604c046e1cf5d3538f0e
1197,images/test/CRACK500_20160329_093920_1281_721_jpg.rf.3c2b3c7f6cfb44fc423c77919f8746dc.jpg,test,crack500_20160329_093920_1281_721_jpg,192,96,128,8b81ae8e0b3275dffa42a9f9e8687968b982b1ba694407ae8ddd9efc1637fe57
1198,images/test/CRACK500_20160329_093920_1281_721_jpg.rf.3c2b3c7f6cfb44fc423c77919f8746dc.jpg,test,crack500_20160329_093920_1281_721_jpg,96,192,128,8b81ae8e0b3275dffa42a9f9e8687968b982b1ba694407ae8ddd9efc1637fe57
1199,images/test/CRACK500_20160329_093920_1281_721_jpg.rf.3c2b3c7f6cfb44fc423c77919f8746dc.jpg,test,crack500_20160329_093920_1281_721_jpg,192,192,128,8b81ae8e0b3275dffa42a9f9e8687968b982b1ba694407ae8ddd9efc1637fe57
1200,images/test/CRACK500_20160329_093920_641_721_jpg.rf.f0b00f12a68d91b3cb6ed5611f5b9840.jpg,test,crack500_20160329_093920_641_721_jpg,96,192,128,3b5c2722fdb00e55fcd660d2ce8f1afbaade87214191e77bca5ebca6f779b40d
1201,images/test/CRACK500_20160329_093920_641_721_jpg.rf.f0b00f12a68d91b3cb6ed5611f5b9840.jpg,test,crack500_20160329_093920_641_721_jpg,192,192,128,3b5c2722fdb00e55fcd660d2ce8f1afbaade87214191e77bca5ebca6f779b40d
1202,images/test/CRACK500_20160329_093924_641_1_jpg.rf.d2f90ae0a1c1bb1d349c86b0edccb482.jpg,test,crack500_20160329_093924_641_1_jpg,96,96,128,4c42b7a50c68ee9e8c29fae75cbd443325516451d1481adab5bb361b927485bc
1203,images/test/CRACK500_20160329_093924_641_1_jpg.rf.d2f90ae0a1c1bb1d349c86b0edccb482.jpg,test,crack500_20160329_093924_641_1_jpg,192,96,128,4c42b7a50c68ee9e8c29fae75cbd443325516451d1481adab5bb361b927485bc
1204,images/test/CRACK500_20160329_093924_641_1_jpg.rf.d2f90ae0a1c1bb1d349c86b0edccb482.jpg,test,crack500_20160329_093924_641_1_jpg,96,192,128,4c42b7a50c68ee9e8c29fae75cbd443325516451d1481adab5bb361b927485bc
1205,images/test/CRACK500_20160329_093924_641_1_jpg.rf.d2f90ae0a1c1bb1d349c86b0edccb482.jpg,test,crack500_20160329_093924_641_1_jpg,192,192,128,4c42b7a50c68ee9e8c29fae75cbd443325516451d1481adab5bb361b927485bc
1206,images/test/CRACK500_20160329_094006_1281_1_jpg.rf.d2aa16efff7e9d41271243bdbfc8dc12.jpg,test,crack500_20160329_094006_1281_1_jpg,96,96,128,7f207e0e2b5b3c760ad4b7be4e8830aecd5c8500066314f658e917ad3de2a1ee
1207,images/test/CRACK500_20160329_094006_1281_1_jpg.rf.d2aa16efff7e9d41271243bdbfc8dc12.jpg,test,crack500_20160329_094006_1281_1_jpg,192,96,128,7f207e0e2b5b3c760ad4b7be4e8830aecd5c8500066314f658e917ad3de2a1ee
1208,images/test/CRACK500_20160329_094006_1281_1_jpg.rf.d2aa16efff7e9d41271243bdbfc8dc12.jpg,test,crack500_20160329_094006_1281_1_jpg,96,192,128,7f207e0e2b5b3c760ad4b7be4e8830aecd5c8500066314f658e917ad3de2a1ee
1209,images/test/CRACK500_20160329_094006_1281_1_jpg.rf.d2aa16efff7e9d41271243bdbfc8dc12.jpg,test,crack500_20160329_094006_1281_1_jpg,192,192,128,7f207e0e2b5b3c760ad4b7be4e8830aecd5c8500066314f658e917ad3de2a1ee
1210,images/test/CRACK500_20160329_094006_1921_361_jpg.rf.119c810804d149c511867f6480607f85.jpg,test,crack500_20160329_094006_1921_361_jpg,96,96,128,d6e04fd4577c658f87c57bfa6dd8d55715c121559b2ffb765a90b6a07b584027
1211,images/test/CRACK500_20160329_094006_1921_361_jpg.rf.119c810804d149c511867f6480607f85.jpg,test,crack500_20160329_094006_1921_361_jpg,192,96,128,d6e04fd4577c658f87c57bfa6dd8d55715c121559b2ffb765a90b6a07b584027
1212,images/test/CRACK500_20160329_094006_641_1081_jpg.rf.fc1ffae7af5a2ec515258eacb76cf024.jpg,test,crack500_20160329_094006_641_1081_jpg,96,96,128,70d0d0a5f836e70de6da38ad17ce1f7539a7f6df538a03ed08733a53be930251
1213,images/test/CRACK500_20160329_094006_641_1081_jpg.rf.fc1ffae7af5a2ec515258eacb76cf024.jpg,test,crack500_20160329_094006_641_1081_jpg,192,96,128,70d0d0a5f836e70de6da38ad17ce1f7539a7f6df538a03ed08733a53be930251
1214,images/test/CRACK500_20160329_094006_641_1081_jpg.rf.fc1ffae7af5a2ec515258eacb76cf024.jpg,test,crack500_20160329_094006_641_1081_jpg,96,192,128,70d0d0a5f836e70de6da38ad17ce1f7539a7f6df538a03ed08733a53be930251
1215,images/test/CRACK500_20160329_094006_641_1081_jpg.rf.fc1ffae7af5a2ec515258eacb76cf024.jpg,test,crack500_20160329_094006_641_1081_jpg,192,192,128,70d0d0a5f836e70de6da38ad17ce1f7539a7f6df538a03ed08733a53be930251
1216,images/test/CRACK500_20160329_094006_641_721_jpg.rf.9569094e8a339ff91a72a3b7eb4e2784.jpg,test,crack500_20160329_094006_641_721_jpg,96,96,128,7a119583ae6da63295b688b651239b4253cc60de78f262d9f068f187cb272772
1217,images/test/CRACK500_20160329_094006_641_721_jpg.rf.9569094e8a339ff91a72a3b7eb4e2784.jpg,test,crack500_20160329_094006_641_721_jpg,192,96,128,7a119583ae6da63295b688b651239b4253cc60de78f262d9f068f187cb272772
1218,images/test/CRACK500_20160329_094006_641_721_jpg.rf.9569094e8a339ff91a72a3b7eb4e2784.jpg,test,crack500_20160329_094006_641_721_jpg,96,192,128,7a119583ae6da63295b688b651239b4253cc60de78f262d9f068f187cb272772
1219,images/test/CRACK500_20160329_094006_641_721_jpg.rf.9569094e8a339ff91a72a3b7eb4e2784.jpg,test,crack500_20160329_094006_641_721_jpg,192,192,128,7a119583ae6da63295b688b651239b4253cc60de78f262d9f068f187cb272772
1220,images/test/CRACK500_20160329_094016_1281_361_jpg.rf.d6f9f665a2fcca17c185164ee2e05e6e.jpg,test,crack500_20160329_094016_1281_361_jpg,96,96,128,5d2d60edd698b35d6e0274139a376673f57a740436032334cf39acd900a059e6
1221,images/test/CRACK500_20160329_094016_1281_361_jpg.rf.d6f9f665a2fcca17c185164ee2e05e6e.jpg,test,crack500_20160329_094016_1281_361_jpg,192,96,128,5d2d60edd698b35d6e0274139a376673f57a740436032334cf39acd900a059e6
1222,images/test/CRACK500_20160329_094016_1281_721_jpg.rf.1c42ba316699488e92a1eeca7afcaab7.jpg,test,crack500_20160329_094016_1281_721_jpg,96,96,128,85c074f65cc3110bd59e8dd1eda4402bddee9147847adf1a72579ac290da6056
1223,images/test/CRACK500_20160329_094016_1281_721_jpg.rf.1c42ba316699488e92a1eeca7afcaab7.jpg,test,crack500_20160329_094016_1281_721_jpg,192,96,128,85c074f65cc3110bd59e8dd1eda4402bddee9147847adf1a72579ac290da6056
1224,images/test/CRACK500_20160329_094016_1281_721_jpg.rf.1c42ba316699488e92a1eeca7afcaab7.jpg,test,crack500_20160329_094016_1281_721_jpg,96,192,128,85c074f65cc3110bd59e8dd1eda4402bddee9147847adf1a72579ac290da6056
1225,images/test/CRACK500_20160329_094016_1281_721_jpg.rf.1c42ba316699488e92a1eeca7afcaab7.jpg,test,crack500_20160329_094016_1281_721_jpg,192,192,128,85c074f65cc3110bd59e8dd1eda4402bddee9147847adf1a72579ac290da6056
1226,images/test/CRACK500_20160329_094025_1281_361_jpg.rf.3af66c77dfaf2eb1a540c36e4181be47.jpg,test,crack500_20160329_094025_1281_361_jpg,96,96,128,7f110c8c96bc31524b9832fee49ed0646a275e147bf14da3e5a15b9e8a275df8
1227,images/test/CRACK500_20160329_094025_1281_361_jpg.rf.3af66c77dfaf2eb1a540c36e4181be47.jpg,test,crack500_20160329_094025_1281_361_jpg,192,96,128,7f110c8c96bc31524b9832fee49ed0646a275e147bf14da3e5a15b9e8a275df8
1228,images/test/CRACK500_20160329_094025_1281_721_jpg.rf.d9fd603f5652400ec370f589b9f03048.jpg,test,crack500_20160329_094025_1281_721_jpg,96,96,128,7654837762a9f60b310b96a7bd47de4c7833a1047797627c60ea3885801dd941
1229,images/test/CRACK500_20160329_094025_1281_721_jpg.rf.d9fd603f5652400ec370f589b9f03048.jpg,test,crack500_20160329_094025_1281_721_jpg,192,96,128,7654837762a9f60b310b96a7bd47de4c7833a1047797627c60ea3885801dd941
1230,images/test/CRACK500_20160329_094025_1281_721_jpg.rf.d9fd603f5652400ec370f589b9f03048.jpg,test,crack500_20160329_094025_1281_721_jpg,96,192,128,7654837762a9f60b310b96a7bd47de4c7833a1047797627c60ea3885801dd941
1231,images/test/CRACK500_20160329_094025_1281_721_jpg.rf.d9fd603f5652400ec370f589b9f03048.jpg,test,crack500_20160329_094025_1281_721_jpg,192,192,128,7654837762a9f60b310b96a7bd47de4c7833a1047797627c60ea3885801dd941
1232,images/test/CRACK500_20160329_094025_1921_721_jpg.rf.f9e23166078fc26b3712b5dcb3e3693d.jpg,test,crack500_20160329_094025_1921_721_jpg,96,96,128,3f19435dcae8af8adee888e7bb9b6b693f784249a9667eb8fa95551db7f7db32
1233,images/test/CRACK500_20160329_094025_1921_721_jpg.rf.f9e23166078fc26b3712b5dcb3e3693d.jpg,test,crack500_20160329_094025_1921_721_jpg,192,96,128,3f19435dcae8af8adee888e7bb9b6b693f784249a9667eb8fa95551db7f7db32
1234,images/test/CRACK500_20160329_094025_1921_721_jpg.rf.f9e23166078fc26b3712b5dcb3e3693d.jpg,test,crack500_20160329_094025_1921_721_jpg,96,192,128,3f19435dcae8af8adee888e7bb9b6b693f784249a9667eb8fa95551db7f7db32
1235,images/test/CRACK500_20160329_094025_1921_721_jpg.rf.f9e23166078fc26b3712b5dcb3e3693d.jpg,test,crack500_20160329_094025_1921_721_jpg,192,192,128,3f19435dcae8af8adee888e7bb9b6b693f784249a9667eb8fa95551db7f7db32
1236,images/test/CRACK500_20160329_094025_1_1081_jpg.rf.c5922f6b0b30dbdf1f4053edf5b7b754.jpg,test,crack500_20160329_094025_1_1081_jpg,192,96,128,d172135f83ff3d1438059bbcb6c99d93677d0daa1eb2f060a73256dad356aec3
1237,images/test/CRACK500_20160329_094025_1_1081_jpg.rf.c5922f6b0b30dbdf1f4053edf5b7b754.jpg,test,crack500_20160329_094025_1_1081_jpg,96,192,128,d172135f83ff3d1438059bbcb6c99d93677d0daa1eb2f060a73256dad356aec3
1238,images/test/CRACK500_20160329_094025_1_1081_jpg.rf.c5922f6b0b30dbdf1f4053edf5b7b754.jpg,test,crack500_20160329_094025_1_1081_jpg,192,192,128,d172135f83ff3d1438059bbcb6c99d93677d0daa1eb2f060a73256dad356aec3
1239,images/test/CRACK500_20160329_094025_641_721_jpg.rf.ee4b5437a719735f9dd7cfc3a0abef52.jpg,test,crack500_20160329_094025_641_721_jpg,96,96,128,ae60d6ef00f51286ce36aaa67bb41770c63ad1e392559f03444ef1a0f463fa3f
1240,images/test/CRACK500_20160329_094025_641_721_jpg.rf.ee4b5437a719735f9dd7cfc3a0abef52.jpg,test,crack500_20160329_094025_641_721_jpg,192,96,128,ae60d6ef00f51286ce36aaa67bb41770c63ad1e392559f03444ef1a0f463fa3f
1241,images/test/CRACK500_20160329_094025_641_721_jpg.rf.ee4b5437a719735f9dd7cfc3a0abef52.jpg,test,crack500_20160329_094025_641_721_jpg,96,192,128,ae60d6ef00f51286ce36aaa67bb41770c63ad1e392559f03444ef1a0f463fa3f
1242,images/test/CRACK500_20160329_094025_641_721_jpg.rf.ee4b5437a719735f9dd7cfc3a0abef52.jpg,test,crack500_20160329_094025_641_721_jpg,192,192,128,ae60d6ef00f51286ce36aaa67bb41770c63ad1e392559f03444ef1a0f463fa3f
1243,images/test/CRACK500_20160329_094055_1281_1_jpg.rf.ec126b2b56d826ecc7b57d3a101ed513.jpg,test,crack500_20160329_094055_1281_1_jpg,96,96,128,07c3220dc2dd1483bde92366d0113a90ef0e85efd718d88a57d4e75fa8a99c22
1244,images/test/CRACK500_20160329_094055_1281_1_jpg.rf.ec126b2b56d826ecc7b57d3a101ed513.jpg,test,crack500_20160329_094055_1281_1_jpg,96,192,128,07c3220dc2dd1483bde92366d0113a90ef0e85efd718d88a57d4e75fa8a99c22
1245,images/test/CRACK500_20160329_094055_1921_1_jpg.rf.5880032e3ab101f9421f7866f3328ce9.jpg,test,crack500_20160329_094055_1921_1_jpg,96,96,128,0b39aafc2802e25da1df4a667b382ba548bbc2c7e4a1d9c38e68241542bff925
1246,images/test/CRACK500_20160329_094055_1921_1_jpg.rf.5880032e3ab101f9421f7866f3328ce9.jpg,test,crack500_20160329_094055_1921_1_jpg,192,96,128,0b39aafc2802e25da1df4a667b382ba548bbc2c7e4a1d9c38e68241542bff925
1247,images/test/CRACK500_20160329_094055_1921_1_jpg.rf.5880032e3ab101f9421f7866f3328ce9.jpg,test,crack500_20160329_094055_1921_1_jpg,192,192,128,0b39aafc2802e25da1df4a667b382ba548bbc2c7e4a1d9c38e68241542bff925
1248,images/test/CRACK500_20160329_094055_641_361_jpg.rf.206d54c9f95a9ac704fc39e89316ffdc.jpg,test,crack500_20160329_094055_641_361_jpg,96,96,128,4a7da5efcd5990e6018ddadc764486874802e2c946cdd4e0acf8450fe8152d9d
1249,images/test/CRACK500_20160329_094055_641_361_jpg.rf.206d54c9f95a9ac704fc39e89316ffdc.jpg,test,crack500_20160329_094055_641_361_jpg,192,96,128,4a7da5efcd5990e6018ddadc764486874802e2c946cdd4e0acf8450fe8152d9d
1250,images/test/CRACK500_20160329_094452_1281_361_jpg.rf.55156ceb47be5f1119c64215aeeb0385.jpg,test,crack500_20160329_094452_1281_361_jpg,96,192,128,fa7eea4788b9539eafcbaee36b3de0f0c999aec7809242b00f206909a8dff222
1251,images/test/CRACK500_20160329_094452_1921_721_jpg.rf.042731c7a52e166eb90cf6b74b620179.jpg,test,crack500_20160329_094452_1921_721_jpg,192,96,128,fc1a25e27f599aeed91bd27f086ba35dd00b228979cc8bfedfee0075d6eb46b3
1252,images/test/CRACK500_20160329_094452_1921_721_jpg.rf.042731c7a52e166eb90cf6b74b620179.jpg,test,crack500_20160329_094452_1921_721_jpg,192,192,128,fc1a25e27f599aeed91bd27f086ba35dd00b228979cc8bfedfee0075d6eb46b3
1253,images/test/CRACK500_20160329_094507_1281_721_jpg.rf.b0e784f4fa4f51d7cd9da24ec3af20b4.jpg,test,crack500_20160329_094507_1281_721_jpg,96,96,128,6093ed1b438a58955b8c093a737dd08836acaf42d40a2b2f04a0f620449da992
1254,images/test/CRACK500_20160329_094507_1281_721_jpg.rf.b0e784f4fa4f51d7cd9da24ec3af20b4.jpg,test,crack500_20160329_094507_1281_721_jpg,192,96,128,6093ed1b438a58955b8c093a737dd08836acaf42d40a2b2f04a0f620449da992
1255,images/test/CRACK500_20160329_094507_1281_721_jpg.rf.b0e784f4fa4f51d7cd9da24ec3af20b4.jpg,test,crack500_20160329_094507_1281_721_jpg,96,192,128,6093ed1b438a58955b8c093a737dd08836acaf42d40a2b2f04a0f620449da992
1256,images/test/CRACK500_20160329_094507_1281_721_jpg.rf.b0e784f4fa4f51d7cd9da24ec3af20b4.jpg,test,crack500_20160329_094507_1281_721_jpg,192,192,128,6093ed1b438a58955b8c093a737dd08836acaf42d40a2b2f04a0f620449da992
1257,images/test/CRACK500_20160329_094507_1921_361_jpg.rf.da1ad3e478c7f89fb5e5bfed152c19f2.jpg,test,crack500_20160329_094507_1921_361_jpg,96,96,128,ea798498123d97d7a35e8253656405273a0dd9aae33e8a95d047649292a186b3
1258,images/test/CRACK500_20160329_094507_1921_361_jpg.rf.da1ad3e478c7f89fb5e5bfed152c19f2.jpg,test,crack500_20160329_094507_1921_361_jpg,192,96,128,ea798498123d97d7a35e8253656405273a0dd9aae33e8a95d047649292a186b3
1259,images/test/CRACK500_20160329_094507_1921_361_jpg.rf.da1ad3e478c7f89fb5e5bfed152c19f2.jpg,test,crack500_20160329_094507_1921_361_jpg,96,192,128,ea798498123d97d7a35e8253656405273a0dd9aae33e8a95d047649292a186b3
1260,images/test/CRACK500_20160329_094507_1921_361_jpg.rf.da1ad3e478c7f89fb5e5bfed152c19f2.jpg,test,crack500_20160329_094507_1921_361_jpg,192,192,128,ea798498123d97d7a35e8253656405273a0dd9aae33e8a95d047649292a186b3
1261,images/test/CRACK500_20160329_094507_641_361_jpg.rf.ddbc833ae5ab4065c1d8e5dce6260954.jpg,test,crack500_20160329_094507_641_361_jpg,96,96,128,dba60af9304e33a240b1b12eaab7029a4be88789288b745f1553da7dd2e775f6
1262,images/test/CRACK500_20160329_094507_641_361_jpg.rf.ddbc833ae5ab4065c1d8e5dce6260954.jpg,test,crack500_20160329_094507_641_361_jpg,192,96,128,dba60af9304e33a240b1b12eaab7029a4be88789288b745f1553da7dd2e775f6
1263,images/test/CRACK500_20160329_094507_641_361_jpg.rf.ddbc833ae5ab4065c1d8e5dce6260954.jpg,test,crack500_20160329_094507_641_361_jpg,96,192,128,dba60af9304e33a240b1b12eaab7029a4be88789288b745f1553da7dd2e775f6
1264,images/test/CRACK500_20160329_094507_641_361_jpg.rf.ddbc833ae5ab4065c1d8e5dce6260954.jpg,test,crack500_20160329_094507_641_361_jpg,192,192,128,dba60af9304e33a240b1b12eaab7029a4be88789288b745f1553da7dd2e775f6
1265,images/test/CRACK500_20160329_094527_1921_721_jpg.rf.b4ba38d76adc16395c1c527a3fe427c4.jpg,test,crack500_20160329_094527_1921_721_jpg,96,96,128,6ac2aa9b4429ea17ee74d51000529a96c2ab9fd3d278370bdf5e17f9c896cde6
1266,images/test/CRACK500_20160329_094527_1921_721_jpg.rf.b4ba38d76adc16395c1c527a3fe427c4.jpg,test,crack500_20160329_094527_1921_721_jpg,192,96,128,6ac2aa9b4429ea17ee74d51000529a96c2ab9fd3d278370bdf5e17f9c896cde6
1267,images/test/CRACK500_20160329_094527_1921_721_jpg.rf.b4ba38d76adc16395c1c527a3fe427c4.jpg,test,crack500_20160329_094527_1921_721_jpg,96,192,128,6ac2aa9b4429ea17ee74d51000529a96c2ab9fd3d278370bdf5e17f9c896cde6
1268,images/test/CRACK500_20160329_094527_1921_721_jpg.rf.b4ba38d76adc16395c1c527a3fe427c4.jpg,test,crack500_20160329_094527_1921_721_jpg,192,192,128,6ac2aa9b4429ea17ee74d51000529a96c2ab9fd3d278370bdf5e17f9c896cde6
1269,images/test/CRACK500_20160329_101342_1281_361_jpg.rf.a8a16edb02147e9c737f367bd9a33547.jpg,test,crack500_20160329_101342_1281_361_jpg,96,96,128,cb212a94b16fa6886bba842f633bb95937ef6069d57f2ad031441bcfa2b4ff04
1270,images/test/CRACK500_20160329_101342_1281_361_jpg.rf.a8a16edb02147e9c737f367bd9a33547.jpg,test,crack500_20160329_101342_1281_361_jpg,96,192,128,cb212a94b16fa6886bba842f633bb95937ef6069d57f2ad031441bcfa2b4ff04
1271,images/test/CRACK500_20160329_101342_1281_361_jpg.rf.a8a16edb02147e9c737f367bd9a33547.jpg,test,crack500_20160329_101342_1281_361_jpg,192,192,128,cb212a94b16fa6886bba842f633bb95937ef6069d57f2ad031441bcfa2b4ff04
1272,images/test/CRACK500_20160329_101503_1281_721_jpg.rf.302cb8292ea4de769fa35a8d94e44856.jpg,test,crack500_20160329_101503_1281_721_jpg,96,96,128,b2bba88a0c24f62cc375a58e32e49a8c273d6a8627ac8cdc31a216b21a8d6f95
1273,images/test/CRACK500_20160329_101503_1281_721_jpg.rf.302cb8292ea4de769fa35a8d94e44856.jpg,test,crack500_20160329_101503_1281_721_jpg,192,96,128,b2bba88a0c24f62cc375a58e32e49a8c273d6a8627ac8cdc31a216b21a8d6f95
1274,images/test/CRACK500_20160329_101503_1281_721_jpg.rf.302cb8292ea4de769fa35a8d94e44856.jpg,test,crack500_20160329_101503_1281_721_jpg,96,192,128,b2bba88a0c24f62cc375a58e32e49a8c273d6a8627ac8cdc31a216b21a8d6f95
1275,images/test/CRACK500_20160329_101503_1281_721_jpg.rf.302cb8292ea4de769fa35a8d94e44856.jpg,test,crack500_20160329_101503_1281_721_jpg,192,192,128,b2bba88a0c24f62cc375a58e32e49a8c273d6a8627ac8cdc31a216b21a8d6f95
1276,images/test/CRACK500_20160329_101503_1921_1_jpg.rf.7a4ead6c12e5b0509224c8d4069f530d.jpg,test,crack500_20160329_101503_1921_1_jpg,96,96,128,c290b76c0896a5f81ef138b7519f4ab514d7f0218a329ad4c7efe075e380346b
1277,images/test/CRACK500_20160329_101503_1921_1_jpg.rf.7a4ead6c12e5b0509224c8d4069f530d.jpg,test,crack500_20160329_101503_1921_1_jpg,192,96,128,c290b76c0896a5f81ef138b7519f4ab514d7f0218a329ad4c7efe075e380346b
1278,images/test/CRACK500_20160329_101503_1921_1_jpg.rf.7a4ead6c12e5b0509224c8d4069f530d.jpg,test,crack500_20160329_101503_1921_1_jpg,96,192,128,c290b76c0896a5f81ef138b7519f4ab514d7f0218a329ad4c7efe075e380346b
1279,images/test/CRACK500_20160329_101503_1921_1_jpg.rf.7a4ead6c12e5b0509224c8d4069f530d.jpg,test,crack500_20160329_101503_1921_1_jpg,192,192,128,c290b76c0896a5f81ef138b7519f4ab514d7f0218a329ad4c7efe075e380346b
1280,images/test/CRACK500_20160329_101511_1281_361_jpg.rf.5da89c4c5f4dc9c7d64568c8a09f305c.jpg,test,crack500_20160329_101511_1281_361_jpg,96,96,128,8608bb009a53a48734d9d15217b8756aed856af33230efa18ac3a5a99c241df8
1281,images/test/CRACK500_20160329_101511_1281_361_jpg.rf.5da89c4c5f4dc9c7d64568c8a09f305c.jpg,test,crack500_20160329_101511_1281_361_jpg,96,192,128,8608bb009a53a48734d9d15217b8756aed856af33230efa18ac3a5a99c241df8
1282,images/test/CRACK500_20160329_101511_1921_721_jpg.rf.d914d70ddae3603e7c05d0c8c9ebd98e.jpg,test,crack500_20160329_101511_1921_721_jpg,96,96,128,ab2e707c4da02634f28ae24510621a40c8efbc2252ce0be758f2709f767dc91a
1283,images/test/CRACK500_20160329_101511_1921_721_jpg.rf.d914d70ddae3603e7c05d0c8c9ebd98e.jpg,test,crack500_20160329_101511_1921_721_jpg,192,96,128,ab2e707c4da02634f28ae24510621a40c8efbc2252ce0be758f2709f767dc91a
1284,images/test/CRACK500_20160329_101511_1921_721_jpg.rf.d914d70ddae3603e7c05d0c8c9ebd98e.jpg,test,crack500_20160329_101511_1921_721_jpg,96,192,128,ab2e707c4da02634f28ae24510621a40c8efbc2252ce0be758f2709f767dc91a
1285,images/test/CRACK500_20160329_101511_1921_721_jpg.rf.d914d70ddae3603e7c05d0c8c9ebd98e.jpg,test,crack500_20160329_101511_1921_721_jpg,192,192,128,ab2e707c4da02634f28ae24510621a40c8efbc2252ce0be758f2709f767dc91a
1286,images/test/CRACK500_20160329_101514_1281_361_jpg.rf.643c11395ef4c6434441a62566f61fa2.jpg,test,crack500_20160329_101514_1281_361_jpg,96,96,128,a1fbca17cef14aef9d7e85d692c985a64d984775065e66ddf544716265f8cb38
1287,images/test/CRACK500_20160329_101514_1281_361_jpg.rf.643c11395ef4c6434441a62566f61fa2.jpg,test,crack500_20160329_101514_1281_361_jpg,192,96,128,a1fbca17cef14aef9d7e85d692c985a64d984775065e66ddf544716265f8cb38
1288,images/test/CRACK500_20160329_101514_1281_361_jpg.rf.643c11395ef4c6434441a62566f61fa2.jpg,test,crack500_20160329_101514_1281_361_jpg,96,192,128,a1fbca17cef14aef9d7e85d692c985a64d984775065e66ddf544716265f8cb38
1289,images/test/CRACK500_20160329_101514_1281_361_jpg.rf.643c11395ef4c6434441a62566f61fa2.jpg,test,crack500_20160329_101514_1281_361_jpg,192,192,128,a1fbca17cef14aef9d7e85d692c985a64d984775065e66ddf544716265f8cb38
1290,images/test/CRACK500_20160329_101514_641_361_jpg.rf.c03a793a2fb2611023c0158552ee0b18.jpg,test,crack500_20160329_101514_641_361_jpg,96,96,128,9f204fc04a24e0d98f2cabc4af40b67b1d4eb391834e9a9962171e8eb4fac876
1291,images/test/CRACK500_20160329_101514_641_361_jpg.rf.c03a793a2fb2611023c0158552ee0b18.jpg,test,crack500_20160329_101514_641_361_jpg,192,96,128,9f204fc04a24e0d98f2cabc4af40b67b1d4eb391834e9a9962171e8eb4fac876
1292,images/test/CRACK500_20160329_101514_641_361_jpg.rf.c03a793a2fb2611023c0158552ee0b18.jpg,test,crack500_20160329_101514_641_361_jpg,96,192,128,9f204fc04a24e0d98f2cabc4af40b67b1d4eb391834e9a9962171e8eb4fac876
1293,images/test/CRACK500_20160329_101514_641_361_jpg.rf.c03a793a2fb2611023c0158552ee0b18.jpg,test,crack500_20160329_101514_641_361_jpg,192,192,128,9f204fc04a24e0d98f2cabc4af40b67b1d4eb391834e9a9962171e8eb4fac876
1294,images/test/CRACK500_20160329_101524_1281_721_jpg.rf.8e4104afd2125333035efdefe050ed1a.jpg,test,crack500_20160329_101524_1281_721_jpg,96,96,128,6ac3db6437546c5ceb460d77fac37d084464fe6f58cad72bcc3fc8d819a588e0
1295,images/test/CRACK500_20160329_101524_1281_721_jpg.rf.8e4104afd2125333035efdefe050ed1a.jpg,test,crack500_20160329_101524_1281_721_jpg,192,96,128,6ac3db6437546c5ceb460d77fac37d084464fe6f58cad72bcc3fc8d819a588e0
1296,images/test/CRACK500_20160329_101524_1281_721_jpg.rf.8e4104afd2125333035efdefe050ed1a.jpg,test,crack500_20160329_101524_1281_721_jpg,96,192,128,6ac3db6437546c5ceb460d77fac37d084464fe6f58cad72bcc3fc8d819a588e0
1297,images/test/CRACK500_20160329_101524_1281_721_jpg.rf.8e4104afd2125333035efdefe050ed1a.jpg,test,crack500_20160329_101524_1281_721_jpg,192,192,128,6ac3db6437546c5ceb460d77fac37d084464fe6f58cad72bcc3fc8d819a588e0
1298,images/test/CRACK500_20160329_101524_1_721_jpg.rf.857ba8b0783107fa8403e0ba4f791de2.jpg,test,crack500_20160329_101524_1_721_jpg,192,96,128,85dc0087e79bc6c730ebbf40075d1993d526e135935720cc25494505a5baaf6c
1299,images/test/CRACK500_20160329_101524_1_721_jpg.rf.857ba8b0783107fa8403e0ba4f791de2.jpg,test,crack500_20160329_101524_1_721_jpg,96,192,128,85dc0087e79bc6c730ebbf40075d1993d526e135935720cc25494505a5baaf6c
1300,images/test/CRACK500_20160329_101524_1_721_jpg.rf.857ba8b0783107fa8403e0ba4f791de2.jpg,test,crack500_20160329_101524_1_721_jpg,192,192,128,85dc0087e79bc6c730ebbf40075d1993d526e135935720cc25494505a5baaf6c
1301,images/test/CRACK500_20160329_101524_641_721_jpg.rf.00a6a9e6a9551bda824b8683b4c47fd5.jpg,test,crack500_20160329_101524_641_721_jpg,96,96,128,aa95f02dd9d74a075a1d5ac261ca50be0ac2d962d7d17ff4f9c4a654228395cd
1302,images/test/CRACK500_20160329_101524_641_721_jpg.rf.00a6a9e6a9551bda824b8683b4c47fd5.jpg,test,crack500_20160329_101524_641_721_jpg,192,96,128,aa95f02dd9d74a075a1d5ac261ca50be0ac2d962d7d17ff4f9c4a654228395cd
1303,images/test/CRACK500_20160329_101524_641_721_jpg.rf.00a6a9e6a9551bda824b8683b4c47fd5.jpg,test,crack500_20160329_101524_641_721_jpg,96,192,128,aa95f02dd9d74a075a1d5ac261ca50be0ac2d962d7d17ff4f9c4a654228395cd
1304,images/test/CRACK500_20160329_101524_641_721_jpg.rf.00a6a9e6a9551bda824b8683b4c47fd5.jpg,test,crack500_20160329_101524_641_721_jpg,192,192,128,aa95f02dd9d74a075a1d5ac261ca50be0ac2d962d7d17ff4f9c4a654228395cd
1305,images/test/CRACK500_20160329_103530_1281_361_jpg.rf.bd04a6ee04159f7716171a3e9d92ce23.jpg,test,crack500_20160329_103530_1281_361_jpg,96,96,128,32b464c5f138f9f710c85aafd3e37c8a025608f1d50d76feaf1f160d1971da68
1306,images/test/CRACK500_20160329_103530_1281_361_jpg.rf.bd04a6ee04159f7716171a3e9d92ce23.jpg,test,crack500_20160329_103530_1281_361_jpg,192,96,128,32b464c5f138f9f710c85aafd3e37c8a025608f1d50d76feaf1f160d1971da68
1307,images/test/CRACK500_20160329_103530_1921_1_jpg.rf.34a2e825bcaf7ff0580b244c16f56f34.jpg,test,crack500_20160329_103530_1921_1_jpg,96,96,128,c880fba601196039261f5e5745febd7bdecd8b3fdbd3a07eb4df9c5e72f91ce3
1308,images/test/CRACK500_20160329_103530_1921_1_jpg.rf.34a2e825bcaf7ff0580b244c16f56f34.jpg,test,crack500_20160329_103530_1921_1_jpg,96,192,128,c880fba601196039261f5e5745febd7bdecd8b3fdbd3a07eb4df9c5e72f91ce3
1309,images/test/CRACK500_20160329_103530_1_721_jpg.rf.2024afd625f451253f689c36226d47b9.jpg,test,crack500_20160329_103530_1_721_jpg,96,96,128,b87ff0dc5bfb07250a5d3fa47fb4c946b72d7738efc763ba94a32f274fdbfbf0
1310,images/test/CRACK500_20160329_103530_1_721_jpg.rf.2024afd625f451253f689c36226d47b9.jpg,test,crack500_20160329_103530_1_721_jpg,192,96,128,b87ff0dc5bfb07250a5d3fa47fb4c946b72d7738efc763ba94a32f274fdbfbf0
1311,images/test/CRACK500_20160329_103530_1_721_jpg.rf.2024afd625f451253f689c36226d47b9.jpg,test,crack500_20160329_103530_1_721_jpg,96,192,128,b87ff0dc5bfb07250a5d3fa47fb4c946b72d7738efc763ba94a32f274fdbfbf0
1312,images/test/CRACK500_20160329_103530_1_721_jpg.rf.2024afd625f451253f689c36226d47b9.jpg,test,crack500_20160329_103530_1_721_jpg,192,192,128,b87ff0dc5bfb07250a5d3fa47fb4c946b72d7738efc763ba94a32f274fdbfbf0
1313,images/test/CRACK500_20160329_103530_641_361_jpg.rf.218119341387b7c3029a3a2da01d69c2.jpg,test,crack500_20160329_103530_641_361_jpg,96,96,128,7b8330a388424ad5952488b84b718fe0765b03016e6a4f1cb77f95fff12bf7ee
1314,images/test/CRACK500_20160329_103530_641_361_jpg.rf.218119341387b7c3029a3a2da01d69c2.jpg,test,crack500_20160329_103530_641_361_jpg,192,96,128,7b8330a388424ad5952488b84b718fe0765b03016e6a4f1cb77f95fff12bf7ee
1315,images/test/CRACK500_20160329_103609_1281_361_jpg.rf.0c6465d5f89dc407abf00abfaf24f92b.jpg,test,crack500_20160329_103609_1281_361_jpg,96,96,128,b657c4a604b1d3d58fce1607ebd5c8232d07dcec6302da5733c79c1dce3f4095
1316,images/test/CRACK500_20160329_103609_1281_361_jpg.rf.0c6465d5f89dc407abf00abfaf24f92b.jpg,test,crack500_20160329_103609_1281_361_jpg,192,96,128,b657c4a604b1d3d58fce1607ebd5c8232d07dcec6302da5733c79c1dce3f4095
1317,images/test/CRACK500_20160329_103609_1281_361_jpg.rf.0c6465d5f89dc407abf00abfaf24f92b.jpg,test,crack500_20160329_103609_1281_361_jpg,96,192,128,b657c4a604b1d3d58fce1607ebd5c8232d07dcec6302da5733c79c1dce3f4095
1318,images/test/CRACK500_20160329_103609_1281_361_jpg.rf.0c6465d5f89dc407abf00abfaf24f92b.jpg,test,crack500_20160329_103609_1281_361_jpg,192,192,128,b657c4a604b1d3d58fce1607ebd5c8232d07dcec6302da5733c79c1dce3f4095
1319,images/test/CRACK500_20160329_103609_1921_1081_jpg.rf.040e9e2e58e35e04df161883098c7bcc.jpg,test,crack500_20160329_103609_1921_1081_jpg,96,96,128,642193eac84f4bb1374f52ec84b9a54769d102003fa235c2ad9923bf076cf9eb
1320,images/test/CRACK500_20160329_103609_1921_1081_jpg.rf.040e9e2e58e35e04df161883098c7bcc.jpg,test,crack500_20160329_103609_1921_1081_jpg,192,96,128,642193eac84f4bb1374f52ec84b9a54769d102003fa235c2ad9923bf076cf9eb
1321,images/test/CRACK500_20160329_103609_1921_1081_jpg.rf.040e9e2e58e35e04df161883098c7bcc.jpg,test,crack500_20160329_103609_1921_1081_jpg,96,192,128,642193eac84f4bb1374f52ec84b9a54769d102003fa235c2ad9923bf076cf9eb
1322,images/test/CRACK500_20160329_103609_1921_1081_jpg.rf.040e9e2e58e35e04df161883098c7bcc.jpg,test,crack500_20160329_103609_1921_1081_jpg,192,192,128,642193eac84f4bb1374f52ec84b9a54769d102003fa235c2ad9923bf076cf9eb
1323,images/test/CRACK500_20160329_103609_361_1281_jpg.rf.e7578e83602a3cf773ce4e6f14199903.jpg,test,crack500_20160329_103609_361_1281_jpg,96,96,128,bb3f317f40c8836329ce03d9cead19ef8574bc7dc89c26f736df180699b8266b
1324,images/test/CRACK500_20160329_103609_361_1281_jpg.rf.e7578e83602a3cf773ce4e6f14199903.jpg,test,crack500_20160329_103609_361_1281_jpg,96,192,128,bb3f317f40c8836329ce03d9cead19ef8574bc7dc89c26f736df180699b8266b
1325,images/test/CRACK500_20160329_103609_721_1921_jpg.rf.d4b39f7a4bedd1e15168df0a7b47f6e5.jpg,test,crack500_20160329_103609_721_1921_jpg,96,96,128,24c1304ff5a9f369dc563ea0d4eb4f9f44b87a607b68eac5d50f5b81862233ce
1326,images/test/CRACK500_20160329_103609_721_1921_jpg.rf.d4b39f7a4bedd1e15168df0a7b47f6e5.jpg,test,crack500_20160329_103609_721_1921_jpg,192,96,128,24c1304ff5a9f369dc563ea0d4eb4f9f44b87a607b68eac5d50f5b81862233ce
1327,images/test/CRACK500_20160329_103609_721_1921_jpg.rf.d4b39f7a4bedd1e15168df0a7b47f6e5.jpg,test,crack500_20160329_103609_721_1921_jpg,96,192,128,24c1304ff5a9f369dc563ea0d4eb4f9f44b87a607b68eac5d50f5b81862233ce
1328,images/test/CRACK500_20160329_103609_721_1921_jpg.rf.d4b39f7a4bedd1e15168df0a7b47f6e5.jpg,test,crack500_20160329_103609_721_1921_jpg,192,192,128,24c1304ff5a9f369dc563ea0d4eb4f9f44b87a607b68eac5d50f5b81862233ce
1329,images/test/CRACK500_20160329_103609_721_641_jpg.rf.1b8c53a0509aa12076e670d23e808fdf.jpg,test,crack500_20160329_103609_721_641_jpg,96,96,128,737ddf2a430ea9f101e7b28a7b88658e73abd467528f001b559e4d05e848e65e
1330,images/test/CRACK500_20160329_103609_721_641_jpg.rf.1b8c53a0509aa12076e670d23e808fdf.jpg,test,crack500_20160329_103609_721_641_jpg,192,96,128,737ddf2a430ea9f101e7b28a7b88658e73abd467528f001b559e4d05e848e65e
1331,images/test/CRACK500_20160329_103609_721_641_jpg.rf.1b8c53a0509aa12076e670d23e808fdf.jpg,test,crack500_20160329_103609_721_641_jpg,96,192,128,737ddf2a430ea9f101e7b28a7b88658e73abd467528f001b559e4d05e848e65e
1332,images/test/CRACK500_20160329_103609_721_641_jpg.rf.1b8c53a0509aa12076e670d23e808fdf.jpg,test,crack500_20160329_103609_721_641_jpg,192,192,128,737ddf2a430ea9f101e7b28a7b88658e73abd467528f001b559e4d05e848e65e
1333,images/test/CRACK500_20160329_103626_641_361_jpg.rf.88be9d0ee94ae116ff9163efcef61137.jpg,test,crack500_20160329_103626_641_361_jpg,192,96,128,ac1101daaa7bf193f52feee4cd02041c148359a3eccf81fd19378e31214afcdb
1334,images/test/CRACK500_20160329_103626_641_361_jpg.rf.88be9d0ee94ae116ff9163efcef61137.jpg,test,crack500_20160329_103626_641_361_jpg,192,192,128,ac1101daaa7bf193f52feee4cd02041c148359a3eccf81fd19378e31214afcdb
1335,images/test/CRACK500_20160329_103800_1281_721_jpg.rf.a4e91bca320026a00f899174dae723e4.jpg,test,crack500_20160329_103800_1281_721_jpg,96,192,128,2a55bfd5f600ee697f35c43fafd3a612d3ec041ab356d84236d6f170d02a6ba9
1336,images/test/CRACK500_20160329_103800_1281_721_jpg.rf.a4e91bca320026a00f899174dae723e4.jpg,test,crack500_20160329_103800_1281_721_jpg,192,192,128,2a55bfd5f600ee697f35c43fafd3a612d3ec041ab356d84236d6f170d02a6ba9
1337,images/test/CRACK500_20160329_103800_1_641_jpg.rf.d6e85ac2c29dcf964516dcf95548acb8.jpg,test,crack500_20160329_103800_1_641_jpg,96,96,128,08eb788dffd949a1951ad9a5744546846d30509dce76bb6d387524822ec6c30f
1338,images/test/CRACK500_20160329_103800_1_641_jpg.rf.d6e85ac2c29dcf964516dcf95548acb8.jpg,test,crack500_20160329_103800_1_641_jpg,192,96,128,08eb788dffd949a1951ad9a5744546846d30509dce76bb6d387524822ec6c30f
1339,images/test/CRACK500_20160329_103800_1_641_jpg.rf.d6e85ac2c29dcf964516dcf95548acb8.jpg,test,crack500_20160329_103800_1_641_jpg,96,192,128,08eb788dffd949a1951ad9a5744546846d30509dce76bb6d387524822ec6c30f
1340,images/test/CRACK500_20160329_103800_1_641_jpg.rf.d6e85ac2c29dcf964516dcf95548acb8.jpg,test,crack500_20160329_103800_1_641_jpg,192,192,128,08eb788dffd949a1951ad9a5744546846d30509dce76bb6d387524822ec6c30f
1341,images/test/CRACK500_20160329_103800_641_721_jpg.rf.7d60dae7cf13f0bc2169242a33b63189.jpg,test,crack500_20160329_103800_641_721_jpg,96,96,128,e13c4c55f229630dcc8d1c7e758bb8feff46613330a1890491fc5f50bf1d16b5
1342,images/test/CRACK500_20160329_103800_641_721_jpg.rf.7d60dae7cf13f0bc2169242a33b63189.jpg,test,crack500_20160329_103800_641_721_jpg,192,96,128,e13c4c55f229630dcc8d1c7e758bb8feff46613330a1890491fc5f50bf1d16b5
1343,images/test/CRACK500_20160329_103800_721_1281_jpg.rf.52cb7f8b7ec62a5135424e34a80de126.jpg,test,crack500_20160329_103800_721_1281_jpg,192,96,128,07055e1d9e17614386a7ff2c054b578626956251ccd83d5e9590699bdb20631f
1344,images/test/CRACK500_20160329_103800_721_1281_jpg.rf.52cb7f8b7ec62a5135424e34a80de126.jpg,test,crack500_20160329_103800_721_1281_jpg,192,192,128,07055e1d9e17614386a7ff2c054b578626956251ccd83d5e9590699bdb20631f
1345,images/test/CRACK500_20160329_103800_721_1_jpg.rf.24a7bf588b731baa652e10ad1381b1be.jpg,test,crack500_20160329_103800_721_1_jpg,96,96,128,57ab15ff56d593095bfd9cdd96cf5f7f34922b42028cc61176d075dc49e49251
1346,images/test/CRACK500_20160329_103800_721_1_jpg.rf.24a7bf588b731baa652e10ad1381b1be.jpg,test,crack500_20160329_103800_721_1_jpg,192,96,128,57ab15ff56d593095bfd9cdd96cf5f7f34922b42028cc61176d075dc49e49251
1347,images/test/CRACK500_20160329_103800_721_1_jpg.rf.24a7bf588b731baa652e10ad1381b1be.jpg,test,crack500_20160329_103800_721_1_jpg,192,192,128,57ab15ff56d593095bfd9cdd96cf5f7f34922b42028cc61176d075dc49e49251
1348,images/test/CRACK500_20160329_103807_1081_1_jpg.rf.e5e760ddd66fbe290c8073c34e9dcb63.jpg,test,crack500_20160329_103807_1081_1_jpg,96,96,128,8e9ff7b2c0cc46d496a1dfe8e4fd351379446f22b9a66001d19ffe4a80b938ab
1349,images/test/CRACK500_20160329_103807_1081_1_jpg.rf.e5e760ddd66fbe290c8073c34e9dcb63.jpg,test,crack500_20160329_103807_1081_1_jpg,192,96,128,8e9ff7b2c0cc46d496a1dfe8e4fd351379446f22b9a66001d19ffe4a80b938ab
1350,images/test/CRACK500_20160329_103807_1081_1_jpg.rf.e5e760ddd66fbe290c8073c34e9dcb63.jpg,test,crack500_20160329_103807_1081_1_jpg,96,192,128,8e9ff7b2c0cc46d496a1dfe8e4fd351379446f22b9a66001d19ffe4a80b938ab
1351,images/test/CRACK500_20160329_103807_1081_1_jpg.rf.e5e760ddd66fbe290c8073c34e9dcb63.jpg,test,crack500_20160329_103807_1081_1_jpg,192,192,128,8e9ff7b2c0cc46d496a1dfe8e4fd351379446f22b9a66001d19ffe4a80b938ab
1352,images/test/CRACK500_20160329_104024_1281_1_jpg.rf.c540ced2c3114c1ebc70be7c41cce8e7.jpg,test,crack500_20160329_104024_1281_1_jpg,96,96,128,6e20512be17edd72866b8989159e44886906010751ac5f592ffcbf6c5a90e324
1353,images/test/CRACK500_20160329_104024_1281_1_jpg.rf.c540ced2c3114c1ebc70be7c41cce8e7.jpg,test,crack500_20160329_104024_1281_1_jpg,192,96,128,6e20512be17edd72866b8989159e44886906010751ac5f592ffcbf6c5a90e324
1354,images/test/CRACK500_20160329_104024_1281_1_jpg.rf.c540ced2c3114c1ebc70be7c41cce8e7.jpg,test,crack500_20160329_104024_1281_1_jpg,96,192,128,6e20512be17edd72866b8989159e44886906010751ac5f592ffcbf6c5a90e324
1355,images/test/CRACK500_20160329_104024_1281_1_jpg.rf.c540ced2c3114c1ebc70be7c41cce8e7.jpg,test,crack500_20160329_104024_1281_1_jpg,192,192,128,6e20512be17edd72866b8989159e44886906010751ac5f592ffcbf6c5a90e324
1356,images/test/CRACK500_20160329_104024_1921_361_jpg.rf.a5353eb95e9b55fb038693b23a001e2b.jpg,test,crack500_20160329_104024_1921_361_jpg,96,96,128,85102087d13a93410856224af21a21928e2a6a3acabbdb99eea16a8a5961b475
1357,images/test/CRACK500_20160329_104024_1921_361_jpg.rf.a5353eb95e9b55fb038693b23a001e2b.jpg,test,crack500_20160329_104024_1921_361_jpg,192,96,128,85102087d13a93410856224af21a21928e2a6a3acabbdb99eea16a8a5961b475
1358,images/test/CRACK500_20160329_104024_1921_361_jpg.rf.a5353eb95e9b55fb038693b23a001e2b.jpg,test,crack500_20160329_104024_1921_361_jpg,96,192,128,85102087d13a93410856224af21a21928e2a6a3acabbdb99eea16a8a5961b475
1359,images/test/CRACK500_20160329_104024_1921_361_jpg.rf.a5353eb95e9b55fb038693b23a001e2b.jpg,test,crack500_20160329_104024_1921_361_jpg,192,192,128,85102087d13a93410856224af21a21928e2a6a3acabbdb99eea16a8a5961b475
1360,images/test/CRACK500_20160329_104024_1_721_jpg.rf.d911f5c30b7b491b3ef011fc1d700eda.jpg,test,crack500_20160329_104024_1_721_jpg,96,96,128,3b2d94e9a19a81685b70cda274cf3848c83d84722b0261318afd616d7311523f
1361,images/test/CRACK500_20160329_104024_1_721_jpg.rf.d911f5c30b7b491b3ef011fc1d700eda.jpg,test,crack500_20160329_104024_1_721_jpg,192,96,128,3b2d94e9a19a81685b70cda274cf3848c83d84722b0261318afd616d7311523f
1362,images/test/CRACK500_20160329_104035_1921_361_jpg.rf.261425f60881bfa66af8a4b29bcc8326.jpg,test,crack500_20160329_104035_1921_361_jpg,96,96,128,f58a3312af99e8b282ebe66eadf2b38c6ba57294bc595a31eafd128922dafb14
1363,images/test/CRACK500_20160329_104035_1921_361_jpg.rf.261425f60881bfa66af8a4b29bcc8326.jpg,test,crack500_20160329_104035_1921_361_jpg,192,96,128,f58a3312af99e8b282ebe66eadf2b38c6ba57294bc595a31eafd128922dafb14
1364,images/test/CRACK500_20160329_104035_1921_361_jpg.rf.261425f60881bfa66af8a4b29bcc8326.jpg,test,crack500_20160329_104035_1921_361_jpg,96,192,128,f58a3312af99e8b282ebe66eadf2b38c6ba57294bc595a31eafd128922dafb14
1365,images/test/CRACK500_20160329_104035_1921_361_jpg.rf.261425f60881bfa66af8a4b29bcc8326.jpg,test,crack500_20160329_104035_1921_361_jpg,192,192,128,f58a3312af99e8b282ebe66eadf2b38c6ba57294bc595a31eafd128922dafb14
1366,images/test/CRACK500_20160329_104038_641_361_jpg.rf.c2f04f5fda80c3e8fc527801bc7bb207.jpg,test,crack500_20160329_104038_641_361_jpg,96,96,128,6d583af126cfcf739d96bf924e7a0eced88b43a1c7d21972aba42aa43aadab5f
1367,images/test/CRACK500_20160329_104038_641_361_jpg.rf.c2f04f5fda80c3e8fc527801bc7bb207.jpg,test,crack500_20160329_104038_641_361_jpg,192,96,128,6d583af126cfcf739d96bf924e7a0eced88b43a1c7d21972aba42aa43aadab5f
1368,images/test/CRACK500_20160329_104100_641_721_jpg.rf.8208cf505997a063cbdfa51334450a70.jpg,test,crack500_20160329_104100_641_721_jpg,96,96,128,fef5fd3f78965d8e2ad6fbc9f0cb08642c2835640115167a284eefb0b7990c02
1369,images/test/CRACK500_20160329_104100_641_721_jpg.rf.8208cf505997a063cbdfa51334450a70.jpg,test,crack500_20160329_104100_641_721_jpg,192,96,128,fef5fd3f78965d8e2ad6fbc9f0cb08642c2835640115167a284eefb0b7990c02
1370,images/test/CRACK500_20160329_104100_641_721_jpg.rf.8208cf505997a063cbdfa51334450a70.jpg,test,crack500_20160329_104100_641_721_jpg,96,192,128,fef5fd3f78965d8e2ad6fbc9f0cb08642c2835640115167a284eefb0b7990c02
1371,images/test/CRACK500_20160329_104100_641_721_jpg.rf.8208cf505997a063cbdfa51334450a70.jpg,test,crack500_20160329_104100_641_721_jpg,192,192,128,fef5fd3f78965d8e2ad6fbc9f0cb08642c2835640115167a284eefb0b7990c02
1372,images/test/CRACK500_20160329_104107_1281_721_jpg.rf.11a1654e6bff91d3862356c7442a84f8.jpg,test,crack500_20160329_104107_1281_721_jpg,96,96,128,21e7f660ae678d751af42fde6be052ef9e07356f5e89f06c4a4d9a7132644d59
1373,images/test/CRACK500_20160329_104107_1281_721_jpg.rf.11a1654e6bff91d3862356c7442a84f8.jpg,test,crack500_20160329_104107_1281_721_jpg,192,96,128,21e7f660ae678d751af42fde6be052ef9e07356f5e89f06c4a4d9a7132644d59
1374,images/test/CRACK500_20160329_104111_1921_721_jpg.rf.7eeeb442d35cb8c5c7d13752a5ef3821.jpg,test,crack500_20160329_104111_1921_721_jpg,96,192,128,bf7212be8cc6464678157635ddff27fccc7d4d5c57e6a20b181cdd4c87614539
1375,images/test/CRACK500_20160329_104111_1921_721_jpg.rf.7eeeb442d35cb8c5c7d13752a5ef3821.jpg,test,crack500_20160329_104111_1921_721_jpg,192,192,128,bf7212be8cc6464678157635ddff27fccc7d4d5c57e6a20b181cdd4c87614539
1376,images/test/CRACK500_20160329_104111_641_1_jpg.rf.6fbdd8afa599fe6944dc700bad9a0448.jpg,test,crack500_20160329_104111_641_1_jpg,96,96,128,d3ec2979525410956072917f3d7e5d51f06352084b1ca063a16510a1568af315
1377,images/test/CRACK500_20160329_104111_641_1_jpg.rf.6fbdd8afa599fe6944dc700bad9a0448.jpg,test,crack500_20160329_104111_641_1_jpg,192,96,128,d3ec2979525410956072917f3d7e5d51f06352084b1ca063a16510a1568af315
1378,images/test/CRACK500_20160329_104111_641_1_jpg.rf.6fbdd8afa599fe6944dc700bad9a0448.jpg,test,crack500_20160329_104111_641_1_jpg,96,192,128,d3ec2979525410956072917f3d7e5d51f06352084b1ca063a16510a1568af315
1379,images/test/CRACK500_20160329_104111_641_1_jpg.rf.6fbdd8afa599fe6944dc700bad9a0448.jpg,test,crack500_20160329_104111_641_1_jpg,192,192,128,d3ec2979525410956072917f3d7e5d51f06352084b1ca063a16510a1568af315
1380,images/test/CRACK500_20160329_104117_641_1_jpg.rf.5bd082136ae6181bb648878bdcac2cc6.jpg,test,crack500_20160329_104117_641_1_jpg,96,96,128,63add1c76a7832dc4baf4db0e8d8a297ebede57ed4da648209984866cd1ff75e
1381,images/test/CRACK500_20160329_104117_641_1_jpg.rf.5bd082136ae6181bb648878bdcac2cc6.jpg,test,crack500_20160329_104117_641_1_jpg,192,96,128,63add1c76a7832dc4baf4db0e8d8a297ebede57ed4da648209984866cd1ff75e
1382,images/test/CRACK500_20160329_104117_641_1_jpg.rf.5bd082136ae6181bb648878bdcac2cc6.jpg,test,crack500_20160329_104117_641_1_jpg,96,192,128,63add1c76a7832dc4baf4db0e8d8a297ebede57ed4da648209984866cd1ff75e
1383,images/test/CRACK500_20160329_104117_641_1_jpg.rf.5bd082136ae6181bb648878bdcac2cc6.jpg,test,crack500_20160329_104117_641_1_jpg,192,192,128,63add1c76a7832dc4baf4db0e8d8a297ebede57ed4da648209984866cd1ff75e
1384,images/test/CRACK500_20160329_104120_1921_1081_jpg.rf.44410936a2424a7b6503db82911175a5.jpg,test,crack500_20160329_104120_1921_1081_jpg,96,96,128,15382549927973ce1ee4ffea959675f0767c568361de519324a4fab583d22067
1385,images/test/CRACK500_20160329_104120_1921_1081_jpg.rf.44410936a2424a7b6503db82911175a5.jpg,test,crack500_20160329_104120_1921_1081_jpg,192,96,128,15382549927973ce1ee4ffea959675f0767c568361de519324a4fab583d22067
1386,images/test/CRACK500_20160329_104120_1921_1081_jpg.rf.44410936a2424a7b6503db82911175a5.jpg,test,crack500_20160329_104120_1921_1081_jpg,96,192,128,15382549927973ce1ee4ffea959675f0767c568361de519324a4fab583d22067
1387,images/test/CRACK500_20160329_104120_1921_1081_jpg.rf.44410936a2424a7b6503db82911175a5.jpg,test,crack500_20160329_104120_1921_1081_jpg,192,192,128,15382549927973ce1ee4ffea959675f0767c568361de519324a4fab583d22067
1388,images/test/CRACK500_20160329_104133_1281_721_jpg.rf.6b3e1cd78a357926526a306a80ba9e6b.jpg,test,crack500_20160329_104133_1281_721_jpg,96,96,128,862fb2b651c81122a2f04914c85c7e3962a536fb7300bebdfa95ecdf033cefe5
1389,images/test/CRACK500_20160329_104133_1281_721_jpg.rf.6b3e1cd78a357926526a306a80ba9e6b.jpg,test,crack500_20160329_104133_1281_721_jpg,192,96,128,862fb2b651c81122a2f04914c85c7e3962a536fb7300bebdfa95ecdf033cefe5
1390,images/test/CRACK500_20160329_104133_1281_721_jpg.rf.6b3e1cd78a357926526a306a80ba9e6b.jpg,test,crack500_20160329_104133_1281_721_jpg,96,192,128,862fb2b651c81122a2f04914c85c7e3962a536fb7300bebdfa95ecdf033cefe5
1391,images/test/CRACK500_20160329_104133_1281_721_jpg.rf.6b3e1cd78a357926526a306a80ba9e6b.jpg,test,crack500_20160329_104133_1281_721_jpg,192,192,128,862fb2b651c81122a2f04914c85c7e3962a536fb7300bebdfa95ecdf033cefe5
1392,images/test/CRACK500_20160329_104133_1921_721_jpg.rf.72d22fe61bd335ae52632d871cdfa191.jpg,test,crack500_20160329_104133_1921_721_jpg,96,192,128,8567909600c43d07fcf3094752967a6ac6312014c6c9ae2059a5f86736fe4b14
1393,images/test/CRACK500_20160329_104133_1921_721_jpg.rf.72d22fe61bd335ae52632d871cdfa191.jpg,test,crack500_20160329_104133_1921_721_jpg,192,192,128,8567909600c43d07fcf3094752967a6ac6312014c6c9ae2059a5f86736fe4b14
1394,images/test/CRACK500_20160329_104133_1_721_jpg.rf.5ab21000cce58a3c8d1fa49b0fa8a888.jpg,test,crack500_20160329_104133_1_721_jpg,96,192,128,039bffe6402ddb51dd270366331f8cec6f3a87739657f811044bbecc28faac00
1395,images/test/CRACK500_20160329_104133_1_721_jpg.rf.5ab21000cce58a3c8d1fa49b0fa8a888.jpg,test,crack500_20160329_104133_1_721_jpg,192,192,128,039bffe6402ddb51dd270366331f8cec6f3a87739657f811044bbecc28faac00
1396,images/test/CRACK500_20160329_104133_641_721_jpg.rf.84f53f53cf1367e37547261d1941c458.jpg,test,crack500_20160329_104133_641_721_jpg,192,96,128,2599efb47a99731b6c7b8e21dcab08126facd6ea8874711200cefd6a7e1caaca
1397,images/test/CRACK500_20160329_104133_641_721_jpg.rf.84f53f53cf1367e37547261d1941c458.jpg,test,crack500_20160329_104133_641_721_jpg,96,192,128,2599efb47a99731b6c7b8e21dcab08126facd6ea8874711200cefd6a7e1caaca
1398,images/test/CRACK500_20160329_104133_641_721_jpg.rf.84f53f53cf1367e37547261d1941c458.jpg,test,crack500_20160329_104133_641_721_jpg,192,192,128,2599efb47a99731b6c7b8e21dcab08126facd6ea8874711200cefd6a7e1caaca
1399,images/test/CRACK500_20160329_104152_1281_1081_jpg.rf.c9373d1e309a38c018e5ce4e60b4bdae.jpg,test,crack500_20160329_104152_1281_1081_jpg,96,96,128,19bb5d0b89928369c7951dfa31da2ffd67934eebb838be8f7ede705f1e276c6e
1400,images/test/CRACK500_20160329_104152_1281_1081_jpg.rf.c9373d1e309a38c018e5ce4e60b4bdae.jpg,test,crack500_20160329_104152_1281_1081_jpg,192,96,128,19bb5d0b89928369c7951dfa31da2ffd67934eebb838be8f7ede705f1e276c6e
1401,images/test/CRACK500_20160329_104152_1281_1081_jpg.rf.c9373d1e309a38c018e5ce4e60b4bdae.jpg,test,crack500_20160329_104152_1281_1081_jpg,96,192,128,19bb5d0b89928369c7951dfa31da2ffd67934eebb838be8f7ede705f1e276c6e
1402,images/test/CRACK500_20160329_104152_1281_1081_jpg.rf.c9373d1e309a38c018e5ce4e60b4bdae.jpg,test,crack500_20160329_104152_1281_1081_jpg,192,192,128,19bb5d0b89928369c7951dfa31da2ffd67934eebb838be8f7ede705f1e276c6e
1403,images/test/CRACK500_20160329_104152_1921_1081_jpg.rf.dd4b8bdb66fc88e1da31e6f79866d31a.jpg,test,crack500_20160329_104152_1921_1081_jpg,96,96,128,e94120888767ec06a7cceed60f9ff7c4ccfd8f6d5ad0c651cd8a86fa1d329281
1404,images/test/CRACK500_20160329_104152_1921_1081_jpg.rf.dd4b8bdb66fc88e1da31e6f79866d31a.jpg,test,crack500_20160329_104152_1921_1081_jpg,192,96,128,e94120888767ec06a7cceed60f9ff7c4ccfd8f6d5ad0c651cd8a86fa1d329281
1405,images/test/CRACK500_20160329_104152_1921_1081_jpg.rf.dd4b8bdb66fc88e1da31e6f79866d31a.jpg,test,crack500_20160329_104152_1921_1081_jpg,96,192,128,e94120888767ec06a7cceed60f9ff7c4ccfd8f6d5ad0c651cd8a86fa1d329281
1406,images/test/CRACK500_20160329_104152_1921_1081_jpg.rf.dd4b8bdb66fc88e1da31e6f79866d31a.jpg,test,crack500_20160329_104152_1921_1081_jpg,192,192,128,e94120888767ec06a7cceed60f9ff7c4ccfd8f6d5ad0c651cd8a86fa1d329281
1407,images/test/CRACK500_20160329_104152_1_361_jpg.rf.6e6d10aff1cac5a5c2ae445cec84a12c.jpg,test,crack500_20160329_104152_1_361_jpg,96,96,128,dbbbd928348efae510a34868dff8103f24f45bd52d4cc6a6e2c4a990a9309ea3
1408,images/test/CRACK500_20160329_104152_1_361_jpg.rf.6e6d10aff1cac5a5c2ae445cec84a12c.jpg,test,crack500_20160329_104152_1_361_jpg,192,96,128,dbbbd928348efae510a34868dff8103f24f45bd52d4cc6a6e2c4a990a9309ea3
1409,images/test/CRACK500_20160329_104152_1_361_jpg.rf.6e6d10aff1cac5a5c2ae445cec84a12c.jpg,test,crack500_20160329_104152_1_361_jpg,96,192,128,dbbbd928348efae510a34868dff8103f24f45bd52d4cc6a6e2c4a990a9309ea3
1410,images/test/CRACK500_20160329_104152_1_361_jpg.rf.6e6d10aff1cac5a5c2ae445cec84a12c.jpg,test,crack500_20160329_104152_1_361_jpg,192,192,128,dbbbd928348efae510a34868dff8103f24f45bd52d4cc6a6e2c4a990a9309ea3
1411,images/test/CRACK500_20160329_104201_1281_721_jpg.rf.6af5f78458a5246445dac59a1aa3114d.jpg,test,crack500_20160329_104201_1281_721_jpg,96,192,128,c624759b121daf125910e719e9791b5c96958fd1fa1957cf2ee9214964b65e15
1412,images/test/CRACK500_20160329_104201_1281_721_jpg.rf.6af5f78458a5246445dac59a1aa3114d.jpg,test,crack500_20160329_104201_1281_721_jpg,192,192,128,c624759b121daf125910e719e9791b5c96958fd1fa1957cf2ee9214964b65e15
1413,images/test/CRACK500_20160329_104205_1281_361_jpg.rf.d5d43eaf6c4b52b9697b349e5478c1d0.jpg,test,crack500_20160329_104205_1281_361_jpg,96,96,128,9358d09e22dc4f72cc94e8bc083eafe754ccaf63b552c7177df78255d809a18c
1414,images/test/CRACK500_20160329_104205_1281_361_jpg.rf.d5d43eaf6c4b52b9697b349e5478c1d0.jpg,test,crack500_20160329_104205_1281_361_jpg,192,96,128,9358d09e22dc4f72cc94e8bc083eafe754ccaf63b552c7177df78255d809a18c
1415,images/test/CRACK500_20160329_104205_1921_721_jpg.rf.1aad40b5812b02c4891b489bb0a3e729.jpg,test,crack500_20160329_104205_1921_721_jpg,96,192,128,27711fbdebc2be4ff1fa0261741bdc9c450aff9feb41f613cf8c698dee8d3024
1416,images/test/CRACK500_20160329_104205_1921_721_jpg.rf.1aad40b5812b02c4891b489bb0a3e729.jpg,test,crack500_20160329_104205_1921_721_jpg,192,192,128,27711fbdebc2be4ff1fa0261741bdc9c450aff9feb41f613cf8c698dee8d3024
1417,images/test/CRACK500_20160329_111111_1281_721_jpg.rf.148d0ae9b26637c0daf49fea83080dd1.jpg,test,crack500_20160329_111111_1281_721_jpg,96,96,128,051963bc9397bca02f956c9f49aab50d6c4d51ded31567178ee90fce5ebe283d
1418,images/test/CRACK500_20160329_111111_1281_721_jpg.rf.148d0ae9b26637c0daf49fea83080dd1.jpg,test,crack500_20160329_111111_1281_721_jpg,192,96,128,051963bc9397bca02f956c9f49aab50d6c4d51ded31567178ee90fce5ebe283d
1419,images/test/CRACK500_20160329_111111_1281_721_jpg.rf.148d0ae9b26637c0daf49fea83080dd1.jpg,test,crack500_20160329_111111_1281_721_jpg,96,192,128,051963bc9397bca02f956c9f49aab50d6c4d51ded31567178ee90fce5ebe283d
1420,images/test/CRACK500_20160329_111111_1281_721_jpg.rf.148d0ae9b26637c0daf49fea83080dd1.jpg,test,crack500_20160329_111111_1281_721_jpg,192,192,128,051963bc9397bca02f956c9f49aab50d6c4d51ded31567178ee90fce5ebe283d
1421,images/test/CRACK500_20160329_111111_1921_721_jpg.rf.cef7927b0e06fdfb558218c5af2aeb33.jpg,test,crack500_20160329_111111_1921_721_jpg,96,192,128,3dad30386e19c1b0bb28a8a3a339c79ee9bdfbc55dacb5d8b9e8813c4bf3a507
1422,images/test/CRACK500_20160329_111111_1921_721_jpg.rf.cef7927b0e06fdfb558218c5af2aeb33.jpg,test,crack500_20160329_111111_1921_721_jpg,192,192,128,3dad30386e19c1b0bb28a8a3a339c79ee9bdfbc55dacb5d8b9e8813c4bf3a507
1423,images/test/CRACK500_20160329_111111_361_1281_jpg.rf.e29debc75c1ac49af6d74cce08c71407.jpg,test,crack500_20160329_111111_361_1281_jpg,96,96,128,66914ec4ee25bf4b259058662d9297ea8001bbd2d03769fb75720e503f273517
1424,images/test/CRACK500_20160329_111111_361_1281_jpg.rf.e29debc75c1ac49af6d74cce08c71407.jpg,test,crack500_20160329_111111_361_1281_jpg,192,96,128,66914ec4ee25bf4b259058662d9297ea8001bbd2d03769fb75720e503f273517
1425,images/test/CRACK500_20160329_111111_361_1281_jpg.rf.e29debc75c1ac49af6d74cce08c71407.jpg,test,crack500_20160329_111111_361_1281_jpg,96,192,128,66914ec4ee25bf4b259058662d9297ea8001bbd2d03769fb75720e503f273517
1426,images/test/CRACK500_20160329_111111_361_1281_jpg.rf.e29debc75c1ac49af6d74cce08c71407.jpg,test,crack500_20160329_111111_361_1281_jpg,192,192,128,66914ec4ee25bf4b259058662d9297ea8001bbd2d03769fb75720e503f273517
1427,images/test/CRACK500_20160329_111111_641_721_jpg.rf.76884685f14a728d89a7fbddd2834223.jpg,test,crack500_20160329_111111_641_721_jpg,96,96,128,6fb11b49352787a029f0a3f3d4b2ece118f763aa781b48c4a595fca725d87180
1428,images/test/CRACK500_20160329_111111_641_721_jpg.rf.76884685f14a728d89a7fbddd2834223.jpg,test,crack500_20160329_111111_641_721_jpg,192,96,128,6fb11b49352787a029f0a3f3d4b2ece118f763aa781b48c4a595fca725d87180
1429,images/test/CRACK500_20160329_111111_641_721_jpg.rf.76884685f14a728d89a7fbddd2834223.jpg,test,crack500_20160329_111111_641_721_jpg,96,192,128,6fb11b49352787a029f0a3f3d4b2ece118f763aa781b48c4a595fca725d87180
1430,images/test/CRACK500_20160329_111111_641_721_jpg.rf.76884685f14a728d89a7fbddd2834223.jpg,test,crack500_20160329_111111_641_721_jpg,192,192,128,6fb11b49352787a029f0a3f3d4b2ece118f763aa781b48c4a595fca725d87180
1431,images/test/CRACK500_20160329_111111_721_641_jpg.rf.ebea69a938397a0097700c3c54c9b878.jpg,test,crack500_20160329_111111_721_641_jpg,96,96,128,87a499d2a04eb2899309169c69468febe4e7fcc51af7a1f9f47a82b8120b36ad
1432,images/test/CRACK500_20160329_111111_721_641_jpg.rf.ebea69a938397a0097700c3c54c9b878.jpg,test,crack500_20160329_111111_721_641_jpg,192,96,128,87a499d2a04eb2899309169c69468febe4e7fcc51af7a1f9f47a82b8120b36ad
1433,images/test/CRACK500_20160329_111111_721_641_jpg.rf.ebea69a938397a0097700c3c54c9b878.jpg,test,crack500_20160329_111111_721_641_jpg,96,192,128,87a499d2a04eb2899309169c69468febe4e7fcc51af7a1f9f47a82b8120b36ad
1434,images/test/CRACK500_20160329_111111_721_641_jpg.rf.ebea69a938397a0097700c3c54c9b878.jpg,test,crack500_20160329_111111_721_641_jpg,192,192,128,87a499d2a04eb2899309169c69468febe4e7fcc51af7a1f9f47a82b8120b36ad
1435,images/test/CRACK500_20160329_115531_1281_1081_jpg.rf.ebf2bd02dc0a3894d9f739edbae989db.jpg,test,crack500_20160329_115531_1281_1081_jpg,192,96,128,ecff09eb97a70f7c83da5fc4d846c921a9ecf69af0611942463f2c16c205ae23
1436,images/test/CRACK500_20160329_115531_1281_1081_jpg.rf.ebf2bd02dc0a3894d9f739edbae989db.jpg,test,crack500_20160329_115531_1281_1081_jpg,192,192,128,ecff09eb97a70f7c83da5fc4d846c921a9ecf69af0611942463f2c16c205ae23
1437,images/test/CRACK500_20160330_160938_1281_721_jpg.rf.24f1b3dc662ea0c8f5ec1a858269109d.jpg,test,crack500_20160330_160938_1281_721_jpg,96,96,128,9f87f1a3f3147f576dc4160a787cde3f703d0f8728d2524f510f23663c6494bc
1438,images/test/CRACK500_20160330_160938_1281_721_jpg.rf.24f1b3dc662ea0c8f5ec1a858269109d.jpg,test,crack500_20160330_160938_1281_721_jpg,192,96,128,9f87f1a3f3147f576dc4160a787cde3f703d0f8728d2524f510f23663c6494bc
1439,images/test/CRACK500_20160330_160938_1281_721_jpg.rf.24f1b3dc662ea0c8f5ec1a858269109d.jpg,test,crack500_20160330_160938_1281_721_jpg,96,192,128,9f87f1a3f3147f576dc4160a787cde3f703d0f8728d2524f510f23663c6494bc
1440,images/test/CRACK500_20160330_160938_1281_721_jpg.rf.24f1b3dc662ea0c8f5ec1a858269109d.jpg,test,crack500_20160330_160938_1281_721_jpg,192,192,128,9f87f1a3f3147f576dc4160a787cde3f703d0f8728d2524f510f23663c6494bc
1441,images/test/CRACK500_20160330_160938_1_361_jpg.rf.935509ce962c7f3ec38091cfe2efdb6e.jpg,test,crack500_20160330_160938_1_361_jpg,96,96,128,c953879f19578224cf5f6f03fe52561dd496fe3e0beb5423128cbb2742ca2872
1442,images/test/CRACK500_20160330_160938_1_361_jpg.rf.935509ce962c7f3ec38091cfe2efdb6e.jpg,test,crack500_20160330_160938_1_361_jpg,192,96,128,c953879f19578224cf5f6f03fe52561dd496fe3e0beb5423128cbb2742ca2872
1443,images/test/CRACK500_20160330_160938_1_721_jpg.rf.2e6e6d2c1494ed9e1fb099762b7d52d2.jpg,test,crack500_20160330_160938_1_721_jpg,96,96,128,f35eb0bd427210948be20f06bdbc6e8d0727a75fc98866aaa9d023e0c3bdac89
1444,images/test/CRACK500_20160330_160938_1_721_jpg.rf.2e6e6d2c1494ed9e1fb099762b7d52d2.jpg,test,crack500_20160330_160938_1_721_jpg,192,96,128,f35eb0bd427210948be20f06bdbc6e8d0727a75fc98866aaa9d023e0c3bdac89
1445,images/test/CRACK500_20160330_160938_1_721_jpg.rf.2e6e6d2c1494ed9e1fb099762b7d52d2.jpg,test,crack500_20160330_160938_1_721_jpg,96,192,128,f35eb0bd427210948be20f06bdbc6e8d0727a75fc98866aaa9d023e0c3bdac89
1446,images/test/CRACK500_20160330_160938_1_721_jpg.rf.2e6e6d2c1494ed9e1fb099762b7d52d2.jpg,test,crack500_20160330_160938_1_721_jpg,192,192,128,f35eb0bd427210948be20f06bdbc6e8d0727a75fc98866aaa9d023e0c3bdac89
1447,images/test/CRACK500_20160330_160938_641_361_jpg.rf.4b4e7fffdcb36a6c0b527a1084e2159b.jpg,test,crack500_20160330_160938_641_361_jpg,96,96,128,978e81c502dbbbf382d9fc89ebd2552e065fd51c94297a666b3b43636451ece0
1448,images/test/CRACK500_20160330_160938_641_361_jpg.rf.4b4e7fffdcb36a6c0b527a1084e2159b.jpg,test,crack500_20160330_160938_641_361_jpg,192,96,128,978e81c502dbbbf382d9fc89ebd2552e065fd51c94297a666b3b43636451ece0
1449,images/test/CRACK500_20160330_160957_1921_721_jpg.rf.f14b27a91689667cfaafb176c0393f07.jpg,test,crack500_20160330_160957_1921_721_jpg,96,96,128,c545a1182f4476510ce0a0c90d252663941b27d6128c477e6e444912e64c263c
1450,images/test/CRACK500_20160330_160957_1921_721_jpg.rf.f14b27a91689667cfaafb176c0393f07.jpg,test,crack500_20160330_160957_1921_721_jpg,96,192,128,c545a1182f4476510ce0a0c90d252663941b27d6128c477e6e444912e64c263c
1451,images/test/CRACK500_20160330_160957_1921_721_jpg.rf.f14b27a91689667cfaafb176c0393f07.jpg,test,crack500_20160330_160957_1921_721_jpg,192,192,128,c545a1182f4476510ce0a0c90d252663941b27d6128c477e6e444912e64c263c
1452,images/test/CRACK500_20160330_160957_1_361_jpg.rf.d30ffa4538b26ef0f44729443fd53225.jpg,test,crack500_20160330_160957_1_361_jpg,96,96,128,01c45eed9d7ccee26edcf04147c2ce78872dd36c2fa90206a19ac333e89ab251
1453,images/test/CRACK500_20160330_160957_1_361_jpg.rf.d30ffa4538b26ef0f44729443fd53225.jpg,test,crack500_20160330_160957_1_361_jpg,192,96,128,01c45eed9d7ccee26edcf04147c2ce78872dd36c2fa90206a19ac333e89ab251
1454,images/test/CRACK500_20160330_160957_1_361_jpg.rf.d30ffa4538b26ef0f44729443fd53225.jpg,test,crack500_20160330_160957_1_361_jpg,192,192,128,01c45eed9d7ccee26edcf04147c2ce78872dd36c2fa90206a19ac333e89ab251
1455,images/test/CRACK500_20160330_163855_1281_721_jpg.rf.e00078bbe15bf862fcbf91f66f2d8e78.jpg,test,crack500_20160330_163855_1281_721_jpg,192,192,128,f2b0e9e07c9a486d365b6ebbc3278771f4bbbf15cfa8f2499ff08d0a486c70f6
1456,images/test/CRACK500_20160330_163855_641_361_jpg.rf.9eda1c613536c355fa260cc867aa9c84.jpg,test,crack500_20160330_163855_641_361_jpg,96,96,128,51026d1d37533886f67231a1880d61b4d602676034330feff291e38456563f44
1457,images/test/CRACK500_20160330_163855_641_361_jpg.rf.9eda1c613536c355fa260cc867aa9c84.jpg,test,crack500_20160330_163855_641_361_jpg,96,192,128,51026d1d37533886f67231a1880d61b4d602676034330feff291e38456563f44
1458,images/test/CRACK500_20160330_164743_641_1081_jpg.rf.b307783b7befc358784ec0e5b0785031.jpg,test,crack500_20160330_164743_641_1081_jpg,96,96,128,6fa2d222b7314d44b695686fd69e937346ebbf06436834b37b174b1f79042975
1459,images/test/CRACK500_20160330_164743_641_1081_jpg.rf.b307783b7befc358784ec0e5b0785031.jpg,test,crack500_20160330_164743_641_1081_jpg,192,96,128,6fa2d222b7314d44b695686fd69e937346ebbf06436834b37b174b1f79042975
1460,images/test/CRACK500_20160330_164743_641_1081_jpg.rf.b307783b7befc358784ec0e5b0785031.jpg,test,crack500_20160330_164743_641_1081_jpg,96,192,128,6fa2d222b7314d44b695686fd69e937346ebbf06436834b37b174b1f79042975
1461,images/test/CRACK500_20160330_164743_641_1081_jpg.rf.b307783b7befc358784ec0e5b0785031.jpg,test,crack500_20160330_164743_641_1081_jpg,192,192,128,6fa2d222b7314d44b695686fd69e937346ebbf06436834b37b174b1f79042975
1462,images/test/CRACK500_20160330_164935_1281_1081_jpg.rf.0b08ac0b49b4ef2ff7ae51fe1de467db.jpg,test,crack500_20160330_164935_1281_1081_jpg,96,96,128,4f707e1af198bee34e0e78485c675f2ebc69cb8c01d11a3a874ed21c084e90ad
1463,images/test/CRACK500_20160330_164935_1281_1081_jpg.rf.0b08ac0b49b4ef2ff7ae51fe1de467db.jpg,test,crack500_20160330_164935_1281_1081_jpg,192,96,128,4f707e1af198bee34e0e78485c675f2ebc69cb8c01d11a3a874ed21c084e90ad
1464,images/test/CRACK500_20160330_164935_1281_1081_jpg.rf.0b08ac0b49b4ef2ff7ae51fe1de467db.jpg,test,crack500_20160330_164935_1281_1081_jpg,96,192,128,4f707e1af198bee34e0e78485c675f2ebc69cb8c01d11a3a874ed21c084e90ad
1465,images/test/CRACK500_20160330_164935_1281_1081_jpg.rf.0b08ac0b49b4ef2ff7ae51fe1de467db.jpg,test,crack500_20160330_164935_1281_1081_jpg,192,192,128,4f707e1af198bee34e0e78485c675f2ebc69cb8c01d11a3a874ed21c084e90ad
1466,images/test/CRACK500_20160330_165325_641_361_jpg.rf.aa90b7f47f074e522de2efe5b077af5d.jpg,test,crack500_20160330_165325_641_361_jpg,96,96,128,a67b6a7df038306963e8cbc56ab94f201ac89b6870f0859d8e95265e8c7c76b9
1467,images/test/CRACK500_20160330_165325_641_361_jpg.rf.aa90b7f47f074e522de2efe5b077af5d.jpg,test,crack500_20160330_165325_641_361_jpg,192,96,128,a67b6a7df038306963e8cbc56ab94f201ac89b6870f0859d8e95265e8c7c76b9
1468,images/test/CRACK500_20160330_165333_1921_361_jpg.rf.3adcf142bb5acd04952eb456f8348a9b.jpg,test,crack500_20160330_165333_1921_361_jpg,96,96,128,20ded95ffe026c99c6ca09cb330cadbad03fc76fe412438cfa7dca68703fe2f1
1469,images/test/CRACK500_20160330_165333_1921_361_jpg.rf.3adcf142bb5acd04952eb456f8348a9b.jpg,test,crack500_20160330_165333_1921_361_jpg,192,96,128,20ded95ffe026c99c6ca09cb330cadbad03fc76fe412438cfa7dca68703fe2f1
1470,images/test/CRACK500_20160330_165644_1_361_jpg.rf.252c388f25e97ac0edaf5eb90c3e7df9.jpg,test,crack500_20160330_165644_1_361_jpg,96,96,128,a99889484e021ed4e3f6eabaa2dde87d5bdbda2ce7a576f16bd58c59a482ccf7
1471,images/test/CRACK500_20160330_165644_1_361_jpg.rf.252c388f25e97ac0edaf5eb90c3e7df9.jpg,test,crack500_20160330_165644_1_361_jpg,192,96,128,a99889484e021ed4e3f6eabaa2dde87d5bdbda2ce7a576f16bd58c59a482ccf7
1472,images/test/CRACK500_20160330_165644_1_361_jpg.rf.252c388f25e97ac0edaf5eb90c3e7df9.jpg,test,crack500_20160330_165644_1_361_jpg,96,192,128,a99889484e021ed4e3f6eabaa2dde87d5bdbda2ce7a576f16bd58c59a482ccf7
1473,images/test/CRACK500_20160330_165644_1_361_jpg.rf.252c388f25e97ac0edaf5eb90c3e7df9.jpg,test,crack500_20160330_165644_1_361_jpg,192,192,128,a99889484e021ed4e3f6eabaa2dde87d5bdbda2ce7a576f16bd58c59a482ccf7
1474,images/test/CRACK500_20160330_165956_1281_721_jpg.rf.590f4b9ac270373547568f32e6ef329f.jpg,test,crack500_20160330_165956_1281_721_jpg,96,192,128,716e233818fcd3e117694b233eb389398f2657a9f7b6a20e1ca5080c61bcd575
1475,images/test/CRACK500_20160330_165956_1281_721_jpg.rf.590f4b9ac270373547568f32e6ef329f.jpg,test,crack500_20160330_165956_1281_721_jpg,192,192,128,716e233818fcd3e117694b233eb389398f2657a9f7b6a20e1ca5080c61bcd575
1476,images/test/CRACK500_20160330_170302_641_1081_jpg.rf.c4fa4994a157081f2c955966e8fd1136.jpg,test,crack500_20160330_170302_641_1081_jpg,96,96,128,39490a83e336950e8411b97fa1fcbb32ce0aa50996521a9f456998fbc1f94e02
1477,images/test/CRACK500_20160330_170302_641_1081_jpg.rf.c4fa4994a157081f2c955966e8fd1136.jpg,test,crack500_20160330_170302_641_1081_jpg,192,96,128,39490a83e336950e8411b97fa1fcbb32ce0aa50996521a9f456998fbc1f94e02
1478,images/test/CRACK500_20160330_170302_641_1081_jpg.rf.c4fa4994a157081f2c955966e8fd1136.jpg,test,crack500_20160330_170302_641_1081_jpg,96,192,128,39490a83e336950e8411b97fa1fcbb32ce0aa50996521a9f456998fbc1f94e02
1479,images/test/CRACK500_20160330_170302_641_1081_jpg.rf.c4fa4994a157081f2c955966e8fd1136.jpg,test,crack500_20160330_170302_641_1081_jpg,192,192,128,39490a83e336950e8411b97fa1fcbb32ce0aa50996521a9f456998fbc1f94e02
1480,images/test/CRACK500_20160330_170308_1_361_jpg.rf.33a1e5ed61b4a433d930700d72bc3e4e.jpg,test,crack500_20160330_170308_1_361_jpg,96,96,128,a1f666d148d01ba7ab565c7afa6fd0e423aa2f48a0d5d2dad550a2f7025be18a
1481,images/test/CRACK500_20160330_170308_1_361_jpg.rf.33a1e5ed61b4a433d930700d72bc3e4e.jpg,test,crack500_20160330_170308_1_361_jpg,192,96,128,a1f666d148d01ba7ab565c7afa6fd0e423aa2f48a0d5d2dad550a2f7025be18a
1482,images/test/CRACK500_20160330_170308_1_361_jpg.rf.33a1e5ed61b4a433d930700d72bc3e4e.jpg,test,crack500_20160330_170308_1_361_jpg,96,192,128,a1f666d148d01ba7ab565c7afa6fd0e423aa2f48a0d5d2dad550a2f7025be18a
1483,images/test/CRACK500_20160330_170308_1_361_jpg.rf.33a1e5ed61b4a433d930700d72bc3e4e.jpg,test,crack500_20160330_170308_1_361_jpg,192,192,128,a1f666d148d01ba7ab565c7afa6fd0e423aa2f48a0d5d2dad550a2f7025be18a
1484,images/test/CRACK500_20160330_170348_1281_361_jpg.rf.ac4051c33324e0a9789226a5311e53fa.jpg,test,crack500_20160330_170348_1281_361_jpg,96,96,128,a6212f12981a68bfd07eb78b60792d522802af555309b687ed47b4e7c477b9a7
1485,images/test/CRACK500_20160330_170348_1281_361_jpg.rf.ac4051c33324e0a9789226a5311e53fa.jpg,test,crack500_20160330_170348_1281_361_jpg,192,96,128,a6212f12981a68bfd07eb78b60792d522802af555309b687ed47b4e7c477b9a7
1486,images/test/CRACK500_20160330_170348_1281_361_jpg.rf.ac4051c33324e0a9789226a5311e53fa.jpg,test,crack500_20160330_170348_1281_361_jpg,192,192,128,a6212f12981a68bfd07eb78b60792d522802af555309b687ed47b4e7c477b9a7
1487,images/test/CRACK500_20160330_170348_1921_721_jpg.rf.927704f32aa56dfa68e7dbc9b773de2c.jpg,test,crack500_20160330_170348_1921_721_jpg,96,192,128,2943a69832fc5c6ecf6a178bab36811f602a260c17b39afaf3ecafde1c24889e
1488,images/test/CRACK500_20160330_170348_1921_721_jpg.rf.927704f32aa56dfa68e7dbc9b773de2c.jpg,test,crack500_20160330_170348_1921_721_jpg,192,192,128,2943a69832fc5c6ecf6a178bab36811f602a260c17b39afaf3ecafde1c24889e
1489,images/test/CRACK500_20160330_170359_1921_361_jpg.rf.2c59043403ce160402ff038dda3fe1fe.jpg,test,crack500_20160330_170359_1921_361_jpg,96,96,128,76d404934137e509c840ae1728487592981107578d851eea83736c53faf42b54
1490,images/test/CRACK500_20160330_170359_1921_361_jpg.rf.2c59043403ce160402ff038dda3fe1fe.jpg,test,crack500_20160330_170359_1921_361_jpg,192,96,128,76d404934137e509c840ae1728487592981107578d851eea83736c53faf42b54
1491,images/test/CRACK500_20160330_170359_1921_361_jpg.rf.2c59043403ce160402ff038dda3fe1fe.jpg,test,crack500_20160330_170359_1921_361_jpg,96,192,128,76d404934137e509c840ae1728487592981107578d851eea83736c53faf42b54
1492,images/test/CRACK500_20160330_170359_1921_361_jpg.rf.2c59043403ce160402ff038dda3fe1fe.jpg,test,crack500_20160330_170359_1921_361_jpg,192,192,128,76d404934137e509c840ae1728487592981107578d851eea83736c53faf42b54
1493,images/test/CRACK500_20160330_170359_1921_721_jpg.rf.a3a21954058abbb396156ceae2f4e09c.jpg,test,crack500_20160330_170359_1921_721_jpg,96,192,128,ed6746b1a5518d3b15c218b79d8830aeb2a672942e3b55476da119c026572021
1494,images/test/CRACK500_20160330_170359_1921_721_jpg.rf.a3a21954058abbb396156ceae2f4e09c.jpg,test,crack500_20160330_170359_1921_721_jpg,192,192,128,ed6746b1a5518d3b15c218b79d8830aeb2a672942e3b55476da119c026572021
1495,images/test/CRACK500_20160330_170428_721_641_jpg.rf.7679e2c75cd1eecad67d181fb064c1ff.jpg,test,crack500_20160330_170428_721_641_jpg,96,192,128,8c0225a940588d07bf130c0de8ed66b0c7d1602b71b4cf436fe7f59ff529f935
1496,images/test/CRACK500_20160330_170428_721_641_jpg.rf.7679e2c75cd1eecad67d181fb064c1ff.jpg,test,crack500_20160330_170428_721_641_jpg,192,192,128,8c0225a940588d07bf130c0de8ed66b0c7d1602b71b4cf436fe7f59ff529f935
1497,images/test/CRACK500_20160330_170501_641_361_jpg.rf.6d5e2b0054adc1e3cf1a19c229017d79.jpg,test,crack500_20160330_170501_641_361_jpg,96,96,128,b56b366d73772a01b0dbdbc2aeb2330bac338aa379b3ee763cb5b1009bf494cc
1498,images/test/CRACK500_20160330_170501_641_361_jpg.rf.6d5e2b0054adc1e3cf1a19c229017d79.jpg,test,crack500_20160330_170501_641_361_jpg,192,96,128,b56b366d73772a01b0dbdbc2aeb2330bac338aa379b3ee763cb5b1009bf494cc
1499,images/test/CRACK500_20160330_170501_641_361_jpg.rf.6d5e2b0054adc1e3cf1a19c229017d79.jpg,test,crack500_20160330_170501_641_361_jpg,96,192,128,b56b366d73772a01b0dbdbc2aeb2330bac338aa379b3ee763cb5b1009bf494cc
1500,images/test/CRACK500_20160330_170501_641_361_jpg.rf.6d5e2b0054adc1e3cf1a19c229017d79.jpg,test,crack500_20160330_170501_641_361_jpg,192,192,128,b56b366d73772a01b0dbdbc2aeb2330bac338aa379b3ee763cb5b1009bf494cc
1501,images/test/CRACK500_20160330_170504_1281_361_jpg.rf.fba728da8421975ed92f2639e82c7651.jpg,test,crack500_20160330_170504_1281_361_jpg,96,96,128,16a3cfe04d517b72eacaffc32b9429a130f8c98a1c864ce0effa9b3f778b8797
1502,images/test/CRACK500_20160330_170504_1281_361_jpg.rf.fba728da8421975ed92f2639e82c7651.jpg,test,crack500_20160330_170504_1281_361_jpg,192,96,128,16a3cfe04d517b72eacaffc32b9429a130f8c98a1c864ce0effa9b3f778b8797
1503,images/test/CRACK500_20160330_170504_1281_361_jpg.rf.fba728da8421975ed92f2639e82c7651.jpg,test,crack500_20160330_170504_1281_361_jpg,96,192,128,16a3cfe04d517b72eacaffc32b9429a130f8c98a1c864ce0effa9b3f778b8797
1504,images/test/CRACK500_20160330_170504_1281_361_jpg.rf.fba728da8421975ed92f2639e82c7651.jpg,test,crack500_20160330_170504_1281_361_jpg,192,192,128,16a3cfe04d517b72eacaffc32b9429a130f8c98a1c864ce0effa9b3f778b8797
1505,images/test/CRACK500_20160330_170504_1_361_jpg.rf.b8dd7239743a3bb86d89c48fbd3acdcd.jpg,test,crack500_20160330_170504_1_361_jpg,96,96,128,a4b54ff992402f72f143d7345913705032171a7b02d07c26172afeba71017624
1506,images/test/CRACK500_20160330_170504_1_361_jpg.rf.b8dd7239743a3bb86d89c48fbd3acdcd.jpg,test,crack500_20160330_170504_1_361_jpg,192,96,128,a4b54ff992402f72f143d7345913705032171a7b02d07c26172afeba71017624
1507,images/test/CRACK500_20160330_170507_1281_361_jpg.rf.38f01dd9e483e73764cb596ace29bf66.jpg,test,crack500_20160330_170507_1281_361_jpg,96,96,128,81bef5df31b0c57e20397ed232ca40f91454c5585de1446e56d312a6f43f3246
1508,images/test/CRACK500_20160330_170507_1281_361_jpg.rf.38f01dd9e483e73764cb596ace29bf66.jpg,test,crack500_20160330_170507_1281_361_jpg,192,96,128,81bef5df31b0c57e20397ed232ca40f91454c5585de1446e56d312a6f43f3246
1509,images/test/CRACK500_20160330_170507_1281_361_jpg.rf.38f01dd9e483e73764cb596ace29bf66.jpg,test,crack500_20160330_170507_1281_361_jpg,96,192,128,81bef5df31b0c57e20397ed232ca40f91454c5585de1446e56d312a6f43f3246
1510,images/test/CRACK500_20160330_170507_1281_361_jpg.rf.38f01dd9e483e73764cb596ace29bf66.jpg,test,crack500_20160330_170507_1281_361_jpg,192,192,128,81bef5df31b0c57e20397ed232ca40f91454c5585de1446e56d312a6f43f3246
1511,images/test/CRACK500_20160330_170507_1_361_jpg.rf.c94fff71d314471096d4d28404e2f6de.jpg,test,crack500_20160330_170507_1_361_jpg,96,96,128,21fc32d6e70714f9a4d6cbcaf0ecceddc3376ff57dd8a7b474d0086a77e0fcf4
1512,images/test/CRACK500_20160330_170507_1_361_jpg.rf.c94fff71d314471096d4d28404e2f6de.jpg,test,crack500_20160330_170507_1_361_jpg,192,96,128,21fc32d6e70714f9a4d6cbcaf0ecceddc3376ff57dd8a7b474d0086a77e0fcf4
1513,images/test/CRACK500_20160330_170507_1_361_jpg.rf.c94fff71d314471096d4d28404e2f6de.jpg,test,crack500_20160330_170507_1_361_jpg,96,192,128,21fc32d6e70714f9a4d6cbcaf0ecceddc3376ff57dd8a7b474d0086a77e0fcf4
1514,images/test/CRACK500_20160330_170507_1_361_jpg.rf.c94fff71d314471096d4d28404e2f6de.jpg,test,crack500_20160330_170507_1_361_jpg,192,192,128,21fc32d6e70714f9a4d6cbcaf0ecceddc3376ff57dd8a7b474d0086a77e0fcf4
1515,images/test/CRACK500_20160330_170507_1_721_jpg.rf.5a5799c2347cd5efde2e9fb2baf2fc52.jpg,test,crack500_20160330_170507_1_721_jpg,96,96,128,703cfe1fae096bce7607cbc970e8bffae4861e6c3d5b618af1436c529aee32d6
1516,images/test/CRACK500_20160330_170507_1_721_jpg.rf.5a5799c2347cd5efde2e9fb2baf2fc52.jpg,test,crack500_20160330_170507_1_721_jpg,192,96,128,703cfe1fae096bce7607cbc970e8bffae4861e6c3d5b618af1436c529aee32d6
1517,images/test/CRACK500_20160330_170507_1_721_jpg.rf.5a5799c2347cd5efde2e9fb2baf2fc52.jpg,test,crack500_20160330_170507_1_721_jpg,96,192,128,703cfe1fae096bce7607cbc970e8bffae4861e6c3d5b618af1436c529aee32d6
1518,images/test/CRACK500_20160330_170507_1_721_jpg.rf.5a5799c2347cd5efde2e9fb2baf2fc52.jpg,test,crack500_20160330_170507_1_721_jpg,192,192,128,703cfe1fae096bce7607cbc970e8bffae4861e6c3d5b618af1436c529aee32d6
1519,images/test/CRACK500_20160330_170848_1281_361_jpg.rf.77d3e40031b35f9f61634c9a80b34896.jpg,test,crack500_20160330_170848_1281_361_jpg,96,96,128,8831e86fd46c7420c861beaba2a3afff2399ca3f4566a0c7c2bdb2a0561740d8
1520,images/test/CRACK500_20160330_170848_1281_361_jpg.rf.77d3e40031b35f9f61634c9a80b34896.jpg,test,crack500_20160330_170848_1281_361_jpg,192,96,128,8831e86fd46c7420c861beaba2a3afff2399ca3f4566a0c7c2bdb2a0561740d8
1521,images/test/CRACK500_20160330_170848_1281_361_jpg.rf.77d3e40031b35f9f61634c9a80b34896.jpg,test,crack500_20160330_170848_1281_361_jpg,96,192,128,8831e86fd46c7420c861beaba2a3afff2399ca3f4566a0c7c2bdb2a0561740d8
1522,images/test/CRACK500_20160330_170848_1281_361_jpg.rf.77d3e40031b35f9f61634c9a80b34896.jpg,test,crack500_20160330_170848_1281_361_jpg,192,192,128,8831e86fd46c7420c861beaba2a3afff2399ca3f4566a0c7c2bdb2a0561740d8
1523,images/test/CRACK500_20160330_170848_1921_1_jpg.rf.73c4cac38306db830d33f81a4829a23c.jpg,test,crack500_20160330_170848_1921_1_jpg,96,192,128,56976c2facd955d425192fd401d6eeb1c218cc702df22485bf1fb8a02e0f7cd5
1524,images/test/CRACK500_20160330_170848_1921_1_jpg.rf.73c4cac38306db830d33f81a4829a23c.jpg,test,crack500_20160330_170848_1921_1_jpg,192,192,128,56976c2facd955d425192fd401d6eeb1c218cc702df22485bf1fb8a02e0f7cd5
1525,images/test/CRACK500_20160330_170922_641_1_jpg.rf.170aaaddc2fb0dda48af5c807b2b7b9e.jpg,test,crack500_20160330_170922_641_1_jpg,96,96,128,2d6f90b44c32771c88e999e8286cba99757e2a45523a57e1d145fd0cc81e6fb8
1526,images/test/CRACK500_20160330_170922_641_1_jpg.rf.170aaaddc2fb0dda48af5c807b2b7b9e.jpg,test,crack500_20160330_170922_641_1_jpg,192,96,128,2d6f90b44c32771c88e999e8286cba99757e2a45523a57e1d145fd0cc81e6fb8
1527,images/test/CRACK500_20160330_170922_641_1_jpg.rf.170aaaddc2fb0dda48af5c807b2b7b9e.jpg,test,crack500_20160330_170922_641_1_jpg,96,192,128,2d6f90b44c32771c88e999e8286cba99757e2a45523a57e1d145fd0cc81e6fb8
1528,images/test/CRACK500_20160330_170922_641_1_jpg.rf.170aaaddc2fb0dda48af5c807b2b7b9e.jpg,test,crack500_20160330_170922_641_1_jpg,192,192,128,2d6f90b44c32771c88e999e8286cba99757e2a45523a57e1d145fd0cc81e6fb8
1529,images/test/CRACK500_20160330_172309_1281_361_jpg.rf.cc70651e986b4d1ff7a0be227708c1c2.jpg,test,crack500_20160330_172309_1281_361_jpg,96,96,128,7773f61dfad9098cc21fb4a4279f750a71b60c897ee10427bea6838175069954
1530,images/test/CRACK500_20160330_172309_1281_361_jpg.rf.cc70651e986b4d1ff7a0be227708c1c2.jpg,test,crack500_20160330_172309_1281_361_jpg,192,96,128,7773f61dfad9098cc21fb4a4279f750a71b60c897ee10427bea6838175069954
1531,images/test/CRACK500_20160330_172309_1921_361_jpg.rf.b6f2afb244197915a43c3bb95a47992b.jpg,test,crack500_20160330_172309_1921_361_jpg,96,96,128,46649718765ed2a6bb2e759f58ff077bc9aca16610602cbf5863a24b9c951a6c
1532,images/test/CRACK500_20160330_172309_1921_361_jpg.rf.b6f2afb244197915a43c3bb95a47992b.jpg,test,crack500_20160330_172309_1921_361_jpg,192,96,128,46649718765ed2a6bb2e759f58ff077bc9aca16610602cbf5863a24b9c951a6c
1533,images/test/CRACK500_20160402_150105_1921_1081_jpg.rf.f58914f1a05e54da80d45dabb30c2bd3.jpg,test,crack500_20160402_150105_1921_1081_jpg,96,96,128,211cb6cadbb1637e9a45da446ce013c1ceacb86cbd57d96856738dd00075505b
1534,images/test/CRACK500_20160402_150105_1921_1081_jpg.rf.f58914f1a05e54da80d45dabb30c2bd3.jpg,test,crack500_20160402_150105_1921_1081_jpg,192,96,128,211cb6cadbb1637e9a45da446ce013c1ceacb86cbd57d96856738dd00075505b
1535,images/test/CRACK500_20160402_150105_1921_361_jpg.rf.8ff36c7db9b4c56ffd3e60204a7c8830.jpg,test,crack500_20160402_150105_1921_361_jpg,96,96,128,5bf562d04937121ed0befeda9003b3b0d785fe222fed0523bb0703ffa22a1e22
1536,images/test/CRACK500_20160402_150105_1921_361_jpg.rf.8ff36c7db9b4c56ffd3e60204a7c8830.jpg,test,crack500_20160402_150105_1921_361_jpg,192,96,128,5bf562d04937121ed0befeda9003b3b0d785fe222fed0523bb0703ffa22a1e22
1537,images/test/CRACK500_20160402_150110_641_1081_jpg.rf.7f61af406d32fa48ba7dd7d89597cc54.jpg,test,crack500_20160402_150110_641_1081_jpg,192,96,128,a1c855a03066293d5a70468f418198bdfd6fc50d82df5f2960ff25f9b5d597ac
1538,images/test/CRACK500_20160402_150110_641_1081_jpg.rf.7f61af406d32fa48ba7dd7d89597cc54.jpg,test,crack500_20160402_150110_641_1081_jpg,192,192,128,a1c855a03066293d5a70468f418198bdfd6fc50d82df5f2960ff25f9b5d597ac
1539,images/test/CRACK500_20160402_150314_1281_361_jpg.rf.d198f002a9aa182fd743d6098e6cb250.jpg,test,crack500_20160402_150314_1281_361_jpg,96,96,128,b9d662aff6cac67a33c1f06654b5bd7651ca08e6174103ab9827c63ef2fa1895
1540,images/test/CRACK500_20160402_150314_1281_361_jpg.rf.d198f002a9aa182fd743d6098e6cb250.jpg,test,crack500_20160402_150314_1281_361_jpg,192,96,128,b9d662aff6cac67a33c1f06654b5bd7651ca08e6174103ab9827c63ef2fa1895
1541,images/test/CRACK500_20160402_150314_1921_361_jpg.rf.4bf79b544dbe27ed336c0456c1949397.jpg,test,crack500_20160402_150314_1921_361_jpg,96,96,128,de588c763d512baf4e2bd249fffa93527b17ca91ac33119a51f26c44fd118e42
1542,images/test/CRACK500_20160402_150314_1921_361_jpg.rf.4bf79b544dbe27ed336c0456c1949397.jpg,test,crack500_20160402_150314_1921_361_jpg,192,96,128,de588c763d512baf4e2bd249fffa93527b17ca91ac33119a51f26c44fd118e42
1543,images/test/CRACK500_20160402_150314_1921_361_jpg.rf.4bf79b544dbe27ed336c0456c1949397.jpg,test,crack500_20160402_150314_1921_361_jpg,192,192,128,de588c763d512baf4e2bd249fffa93527b17ca91ac33119a51f26c44fd118e42
1544,images/test/CRACK500_20160402_150317_1281_361_jpg.rf.b2a3fa225aff579988eafda4156c3be1.jpg,test,crack500_20160402_150317_1281_361_jpg,96,96,128,3fde4e5dac527cc765a29d2f8ce6f8260e0f9d74309a8470e727430e99a19f3a
1545,images/test/CRACK500_20160402_150317_1281_361_jpg.rf.b2a3fa225aff579988eafda4156c3be1.jpg,test,crack500_20160402_150317_1281_361_jpg,192,96,128,3fde4e5dac527cc765a29d2f8ce6f8260e0f9d74309a8470e727430e99a19f3a
1546,images/test/CRACK500_20160402_150317_1281_721_jpg.rf.2454128a909ecb995cf3e8df5d90eb70.jpg,test,crack500_20160402_150317_1281_721_jpg,96,96,128,f341e666c936b39de3d254f27d9a6e821d9e4e14943f896db99b1a36fb6efee2
1547,images/test/CRACK500_20160402_150317_1281_721_jpg.rf.2454128a909ecb995cf3e8df5d90eb70.jpg,test,crack500_20160402_150317_1281_721_jpg,96,192,128,f341e666c936b39de3d254f27d9a6e821d9e4e14943f896db99b1a36fb6efee2
1548,images/test/CRACK500_20160402_150317_1_361_jpg.rf.eef357d259af45d8b091f97021a02574.jpg,test,crack500_20160402_150317_1_361_jpg,96,96,128,e1e8712711d2a3afae296c8b63498b5a3dda16115f2182b36b2ea2d7f2c6b380
1549,images/test/CRACK500_20160402_150317_1_361_jpg.rf.eef357d259af45d8b091f97021a02574.jpg,test,crack500_20160402_150317_1_361_jpg,192,96,128,e1e8712711d2a3afae296c8b63498b5a3dda16115f2182b36b2ea2d7f2c6b380
1550,images/test/CRACK500_20160402_150317_1_361_jpg.rf.eef357d259af45d8b091f97021a02574.jpg,test,crack500_20160402_150317_1_361_jpg,96,192,128,e1e8712711d2a3afae296c8b63498b5a3dda16115f2182b36b2ea2d7f2c6b380
1551,images/test/CRACK500_20160402_150317_1_361_jpg.rf.eef357d259af45d8b091f97021a02574.jpg,test,crack500_20160402_150317_1_361_jpg,192,192,128,e1e8712711d2a3afae296c8b63498b5a3dda16115f2182b36b2ea2d7f2c6b380
1552,images/test/CRACK500_20160402_150938_1921_721_jpg.rf.20425a5adb5f8d19d95f0edb0f112023.jpg,test,crack500_20160402_150938_1921_721_jpg,96,96,128,3e60afede07af6bc46f097dab79d5b59c692189f404d47fd31999ec5455baf5f
1553,images/test/CRACK500_20160402_150938_1921_721_jpg.rf.20425a5adb5f8d19d95f0edb0f112023.jpg,test,crack500_20160402_150938_1921_721_jpg,192,96,128,3e60afede07af6bc46f097dab79d5b59c692189f404d47fd31999ec5455baf5f
1554,images/test/CRACK500_20160402_150938_1921_721_jpg.rf.20425a5adb5f8d19d95f0edb0f112023.jpg,test,crack500_20160402_150938_1921_721_jpg,96,192,128,3e60afede07af6bc46f097dab79d5b59c692189f404d47fd31999ec5455baf5f
1555,images/test/CRACK500_20160402_150938_1921_721_jpg.rf.20425a5adb5f8d19d95f0edb0f112023.jpg,test,crack500_20160402_150938_1921_721_jpg,192,192,128,3e60afede07af6bc46f097dab79d5b59c692189f404d47fd31999ec5455baf5f
1556,images/test/CRACK500_20160402_150942_641_361_jpg.rf.2c860dd6d2ee22711af138cc5246ce55.jpg,test,crack500_20160402_150942_641_361_jpg,96,96,128,8fb9da4500ecbf9d9f47ae76725871cbc70d1f18ce0d356aee68e800a535fbbf
1557,images/test/CRACK500_20160402_150942_641_361_jpg.rf.2c860dd6d2ee22711af138cc5246ce55.jpg,test,crack500_20160402_150942_641_361_jpg,192,96,128,8fb9da4500ecbf9d9f47ae76725871cbc70d1f18ce0d356aee68e800a535fbbf
1558,images/test/CRACK500_20160405_171215_1921_1081_jpg.rf.d6245e6d4c58ce544ab97c87741e771a.jpg,test,crack500_20160405_171215_1921_1081_jpg,96,96,128,5bc1f7ab34d0e1d8ddc172fb086e92604dbf549b5cc865b2b050b9113f4cd5d8
1559,images/test/CRACK500_20160405_171215_1921_1081_jpg.rf.d6245e6d4c58ce544ab97c87741e771a.jpg,test,crack500_20160405_171215_1921_1081_jpg,192,96,128,5bc1f7ab34d0e1d8ddc172fb086e92604dbf549b5cc865b2b050b9113f4cd5d8
1560,images/test/CRACK500_20160405_171215_1921_1081_jpg.rf.d6245e6d4c58ce544ab97c87741e771a.jpg,test,crack500_20160405_171215_1921_1081_jpg,96,192,128,5bc1f7ab34d0e1d8ddc172fb086e92604dbf549b5cc865b2b050b9113f4cd5d8
1561,images/test/CRACK500_20160405_171215_1921_1081_jpg.rf.d6245e6d4c58ce544ab97c87741e771a.jpg,test,crack500_20160405_171215_1921_1081_jpg,192,192,128,5bc1f7ab34d0e1d8ddc172fb086e92604dbf549b5cc865b2b050b9113f4cd5d8
1562,images/test/CRACK500_20160405_171336_1921_1081_jpg.rf.8889fcf5ba175e55070766da4a81a6ff.jpg,test,crack500_20160405_171336_1921_1081_jpg,96,96,128,bf6723765aa95767f65f139569357d6d62b272c156e1fe940520eddaa94e9f72
1563,images/test/CRACK500_20160405_171336_1921_1081_jpg.rf.8889fcf5ba175e55070766da4a81a6ff.jpg,test,crack500_20160405_171336_1921_1081_jpg,192,96,128,bf6723765aa95767f65f139569357d6d62b272c156e1fe940520eddaa94e9f72
1564,images/test/CRACK500_20160405_171336_1921_1081_jpg.rf.8889fcf5ba175e55070766da4a81a6ff.jpg,test,crack500_20160405_171336_1921_1081_jpg,96,192,128,bf6723765aa95767f65f139569357d6d62b272c156e1fe940520eddaa94e9f72
1565,images/test/CRACK500_20160405_171336_1921_1081_jpg.rf.8889fcf5ba175e55070766da4a81a6ff.jpg,test,crack500_20160405_171336_1921_1081_jpg,192,192,128,bf6723765aa95767f65f139569357d6d62b272c156e1fe940520eddaa94e9f72
1566,images/test/CRACK500_20160405_171348_1281_361_jpg.rf.fb5d7a232d3d884b7062aeb21c11a6ae.jpg,test,crack500_20160405_171348_1281_361_jpg,96,96,128,fcdcca7d23819a2986d2527f3ba903b6948cc837d672a7e74ced497548a7b3fa
1567,images/test/CRACK500_20160405_171348_1281_361_jpg.rf.fb5d7a232d3d884b7062aeb21c11a6ae.jpg,test,crack500_20160405_171348_1281_361_jpg,192,96,128,fcdcca7d23819a2986d2527f3ba903b6948cc837d672a7e74ced497548a7b3fa
1568,images/test/CRACK500_20160405_171348_1281_361_jpg.rf.fb5d7a232d3d884b7062aeb21c11a6ae.jpg,test,crack500_20160405_171348_1281_361_jpg,96,192,128,fcdcca7d23819a2986d2527f3ba903b6948cc837d672a7e74ced497548a7b3fa
1569,images/test/CRACK500_20160405_171348_1281_361_jpg.rf.fb5d7a232d3d884b7062aeb21c11a6ae.jpg,test,crack500_20160405_171348_1281_361_jpg,192,192,128,fcdcca7d23819a2986d2527f3ba903b6948cc837d672a7e74ced497548a7b3fa
1570,images/test/CRACK500_20160405_171353_1921_361_jpg.rf.f92c9b46b27f730456dc5b57ef8c25b5.jpg,test,crack500_20160405_171353_1921_361_jpg,96,96,128,bc1fbb784bf708ce1ff06bd0d4e9923db02360dd8fc6d10eea27c323a1f65ce2
1571,images/test/CRACK500_20160405_171353_1921_361_jpg.rf.f92c9b46b27f730456dc5b57ef8c25b5.jpg,test,crack500_20160405_171353_1921_361_jpg,192,96,128,bc1fbb784bf708ce1ff06bd0d4e9923db02360dd8fc6d10eea27c323a1f65ce2
1572,images/test/CRACK500_20160405_171353_1921_361_jpg.rf.f92c9b46b27f730456dc5b57ef8c25b5.jpg,test,crack500_20160405_171353_1921_361_jpg,96,192,128,bc1fbb784bf708ce1ff06bd0d4e9923db02360dd8fc6d10eea27c323a1f65ce2
1573,images/test/CRACK500_20160405_171353_1921_361_jpg.rf.f92c9b46b27f730456dc5b57ef8c25b5.jpg,test,crack500_20160405_171353_1921_361_jpg,192,192,128,bc1fbb784bf708ce1ff06bd0d4e9923db02360dd8fc6d10eea27c323a1f65ce2
1574,images/test/CRACK500_20160405_171410_1921_361_jpg.rf.53dca0605f0c79ff358be26172ca5c6a.jpg,test,crack500_20160405_171410_1921_361_jpg,96,96,128,ffad4c6dc5e0c6ad8bfc414dce1fa0ddea9ff10f098b1ecef12aeccf1f4596ca
1575,images/test/CRACK500_20160405_171410_1921_361_jpg.rf.53dca0605f0c79ff358be26172ca5c6a.jpg,test,crack500_20160405_171410_1921_361_jpg,192,96,128,ffad4c6dc5e0c6ad8bfc414dce1fa0ddea9ff10f098b1ecef12aeccf1f4596ca
1576,images/test/CRACK500_20160405_171410_1921_721_jpg.rf.97d7b7847f838951350c705eb922f793.jpg,test,crack500_20160405_171410_1921_721_jpg,96,192,128,a0d61f44b2284a4171d79bb3a7007d5bbd97b4f919d694c6010bcfb2a877d74a
1577,images/test/CRACK500_20160405_171410_1921_721_jpg.rf.97d7b7847f838951350c705eb922f793.jpg,test,crack500_20160405_171410_1921_721_jpg,192,192,128,a0d61f44b2284a4171d79bb3a7007d5bbd97b4f919d694c6010bcfb2a877d74a
1578,images/test/CRACK500_20160405_171453_1281_1_jpg.rf.5d18ba4fe667806ff5c95af543cd9ef4.jpg,test,crack500_20160405_171453_1281_1_jpg,96,96,128,62f8c81488222251facd5bf0b19e4dc8316a23cbe4355017f85d798f1c75bfa4
1579,images/test/CRACK500_20160405_171453_1281_1_jpg.rf.5d18ba4fe667806ff5c95af543cd9ef4.jpg,test,crack500_20160405_171453_1281_1_jpg,192,96,128,62f8c81488222251facd5bf0b19e4dc8316a23cbe4355017f85d798f1c75bfa4
1580,images/test/CRACK500_20160405_171453_1281_1_jpg.rf.5d18ba4fe667806ff5c95af543cd9ef4.jpg,test,crack500_20160405_171453_1281_1_jpg,96,192,128,62f8c81488222251facd5bf0b19e4dc8316a23cbe4355017f85d798f1c75bfa4
1581,images/test/CRACK500_20160405_171453_1281_1_jpg.rf.5d18ba4fe667806ff5c95af543cd9ef4.jpg,test,crack500_20160405_171453_1281_1_jpg,192,192,128,62f8c81488222251facd5bf0b19e4dc8316a23cbe4355017f85d798f1c75bfa4
1582,images/test/CRACK500_20160405_171453_1281_721_jpg.rf.f02231f1270cc5d57a6404ea72c32fae.jpg,test,crack500_20160405_171453_1281_721_jpg,96,96,128,f74e32d2dcfa4f642849b5f614cd32ee38ae590a4abe08d4ad93dd10b56e1efb
1583,images/test/CRACK500_20160405_171453_1281_721_jpg.rf.f02231f1270cc5d57a6404ea72c32fae.jpg,test,crack500_20160405_171453_1281_721_jpg,192,96,128,f74e32d2dcfa4f642849b5f614cd32ee38ae590a4abe08d4ad93dd10b56e1efb
1584,images/test/CRACK500_20160405_171453_1281_721_jpg.rf.f02231f1270cc5d57a6404ea72c32fae.jpg,test,crack500_20160405_171453_1281_721_jpg,96,192,128,f74e32d2dcfa4f642849b5f614cd32ee38ae590a4abe08d4ad93dd10b56e1efb
1585,images/test/CRACK500_20160405_171453_1281_721_jpg.rf.f02231f1270cc5d57a6404ea72c32fae.jpg,test,crack500_20160405_171453_1281_721_jpg,192,192,128,f74e32d2dcfa4f642849b5f614cd32ee38ae590a4abe08d4ad93dd10b56e1efb
1586,images/test/CRACK500_20160405_171712_1921_721_jpg.rf.0991c777d0266d1d292ccd89e3fef249.jpg,test,crack500_20160405_171712_1921_721_jpg,192,96,128,3537ffc781c61b90f406b598b83c82ba58b913bd5130b25b505867403217d56d
1587,images/test/CRACK500_20160405_171712_1921_721_jpg.rf.0991c777d0266d1d292ccd89e3fef249.jpg,test,crack500_20160405_171712_1921_721_jpg,192,192,128,3537ffc781c61b90f406b598b83c82ba58b913bd5130b25b505867403217d56d
1588,images/test/CRACK500_20160405_171716_1281_361_jpg.rf.8a5e405f9405e06397016815459d4502.jpg,test,crack500_20160405_171716_1281_361_jpg,96,96,128,8797ef2681283355b2ec64ce2669cc1c946db7e9a959a03e64aba2eb6d0fab53
1589,images/test/CRACK500_20160405_171716_1281_361_jpg.rf.8a5e405f9405e06397016815459d4502.jpg,test,crack500_20160405_171716_1281_361_jpg,192,96,128,8797ef2681283355b2ec64ce2669cc1c946db7e9a959a03e64aba2eb6d0fab53
1590,images/test/CRACK500_20160405_171716_641_361_jpg.rf.6f98c8f09839deb1e2d5c2649f5edfed.jpg,test,crack500_20160405_171716_641_361_jpg,96,96,128,24965db1502ede9bed05e52c118ebd636f333545456a47320dca40e5529de2c5
1591,images/test/CRACK500_20160405_171716_641_361_jpg.rf.6f98c8f09839deb1e2d5c2649f5edfed.jpg,test,crack500_20160405_171716_641_361_jpg,192,96,128,24965db1502ede9bed05e52c118ebd636f333545456a47320dca40e5529de2c5
1592,images/test/CRACK500_20160405_171716_641_721_jpg.rf.f30a86373ccad5631956f3c3c4c8529f.jpg,test,crack500_20160405_171716_641_721_jpg,96,96,128,f5cc07e9d0eb465d436be40b01f089d231c42cf6b2281e4f38cc8090e1dbb6c4
1593,images/test/CRACK500_20160405_171716_641_721_jpg.rf.f30a86373ccad5631956f3c3c4c8529f.jpg,test,crack500_20160405_171716_641_721_jpg,192,96,128,f5cc07e9d0eb465d436be40b01f089d231c42cf6b2281e4f38cc8090e1dbb6c4
1594,images/test/CRACK500_20160405_171716_641_721_jpg.rf.f30a86373ccad5631956f3c3c4c8529f.jpg,test,crack500_20160405_171716_641_721_jpg,96,192,128,f5cc07e9d0eb465d436be40b01f089d231c42cf6b2281e4f38cc8090e1dbb6c4
1595,images/test/CRACK500_20160405_171716_641_721_jpg.rf.f30a86373ccad5631956f3c3c4c8529f.jpg,test,crack500_20160405_171716_641_721_jpg,192,192,128,f5cc07e9d0eb465d436be40b01f089d231c42cf6b2281e4f38cc8090e1dbb6c4
1596,images/test/CRACK500_20160405_172849_641_1081_jpg.rf.da86b72abc7f001e634418d1219579ae.jpg,test,crack500_20160405_172849_641_1081_jpg,96,96,128,9b55d0577fd1a5120d42ec140629606d672ee6d9ad7c2607fb5af0c213fd74ce
1597,images/test/CRACK500_20160405_172849_641_1081_jpg.rf.da86b72abc7f001e634418d1219579ae.jpg,test,crack500_20160405_172849_641_1081_jpg,96,192,128,9b55d0577fd1a5120d42ec140629606d672ee6d9ad7c2607fb5af0c213fd74ce
1598,images/test/CRACK500_20160405_172849_641_1081_jpg.rf.da86b72abc7f001e634418d1219579ae.jpg,test,crack500_20160405_172849_641_1081_jpg,192,192,128,9b55d0577fd1a5120d42ec140629606d672ee6d9ad7c2607fb5af0c213fd74ce
1599,images/test/CRACK500_20160405_172854_1921_721_jpg.rf.80fd3dc051281494272a15eca371160b.jpg,test,crack500_20160405_172854_1921_721_jpg,96,96,128,da307dcda1f98ab29a465fb709499c2f496ea390782666149a272780378a93ed
1600,images/test/CRACK500_20160405_172854_1921_721_jpg.rf.80fd3dc051281494272a15eca371160b.jpg,test,crack500_20160405_172854_1921_721_jpg,192,96,128,da307dcda1f98ab29a465fb709499c2f496ea390782666149a272780378a93ed
1601,images/test/CRACK500_20160405_172854_1921_721_jpg.rf.80fd3dc051281494272a15eca371160b.jpg,test,crack500_20160405_172854_1921_721_jpg,192,192,128,da307dcda1f98ab29a465fb709499c2f496ea390782666149a272780378a93ed
1602,images/test/CRACK500_20160405_172908_1281_1081_jpg.rf.40bc17b15ce1b30838ee7e6069156216.jpg,test,crack500_20160405_172908_1281_1081_jpg,96,192,128,a019ed9f8f03b584b5a5559416448e5a743bf75d056471bc0ac4b8dc4206b87d
1603,images/test/CRACK500_20160405_172908_1281_1081_jpg.rf.40bc17b15ce1b30838ee7e6069156216.jpg,test,crack500_20160405_172908_1281_1081_jpg,192,192,128,a019ed9f8f03b584b5a5559416448e5a743bf75d056471bc0ac4b8dc4206b87d
1604,images/test/CRACK500_20160405_172908_1281_361_jpg.rf.c695385aef1b4b9ac2455f47978fdf99.jpg,test,crack500_20160405_172908_1281_361_jpg,96,96,128,d6d4d0e45d3a2ae81450a206df66694b5bd1ad6d7f137b6d2eb516bd609514df
1605,images/test/CRACK500_20160405_172908_1281_361_jpg.rf.c695385aef1b4b9ac2455f47978fdf99.jpg,test,crack500_20160405_172908_1281_361_jpg,192,96,128,d6d4d0e45d3a2ae81450a206df66694b5bd1ad6d7f137b6d2eb516bd609514df
1606,images/test/CRACK500_20160405_172908_1281_361_jpg.rf.c695385aef1b4b9ac2455f47978fdf99.jpg,test,crack500_20160405_172908_1281_361_jpg,96,192,128,d6d4d0e45d3a2ae81450a206df66694b5bd1ad6d7f137b6d2eb516bd609514df
1607,images/test/CRACK500_20160405_172908_1281_361_jpg.rf.c695385aef1b4b9ac2455f47978fdf99.jpg,test,crack500_20160405_172908_1281_361_jpg,192,192,128,d6d4d0e45d3a2ae81450a206df66694b5bd1ad6d7f137b6d2eb516bd609514df
1608,images/test/CRACK500_20160405_172908_1921_721_jpg.rf.8a907904e0029dc1dad5da2641347461.jpg,test,crack500_20160405_172908_1921_721_jpg,96,96,128,d97f09903d5ef564e57229093bbf05c8a196c613e1cbc7b24101e84e54784b16
1609,images/test/CRACK500_20160405_172908_1921_721_jpg.rf.8a907904e0029dc1dad5da2641347461.jpg,test,crack500_20160405_172908_1921_721_jpg,192,96,128,d97f09903d5ef564e57229093bbf05c8a196c613e1cbc7b24101e84e54784b16
1610,images/test/CRACK500_20160405_172908_1921_721_jpg.rf.8a907904e0029dc1dad5da2641347461.jpg,test,crack500_20160405_172908_1921_721_jpg,96,192,128,d97f09903d5ef564e57229093bbf05c8a196c613e1cbc7b24101e84e54784b16
1611,images/test/CRACK500_20160405_172908_1921_721_jpg.rf.8a907904e0029dc1dad5da2641347461.jpg,test,crack500_20160405_172908_1921_721_jpg,192,192,128,d97f09903d5ef564e57229093bbf05c8a196c613e1cbc7b24101e84e54784b16
1612,images/test/CRACK500_20160407_163130_1_361_jpg.rf.979deedf852603b9e8ca47d530e5069e.jpg,test,crack500_20160407_163130_1_361_jpg,96,96,128,7940a1742bd4f9961104b0153dc708a15314b3dfeefec79cc238d955593669ca
1613,images/test/CRACK500_20160407_163130_1_361_jpg.rf.979deedf852603b9e8ca47d530e5069e.jpg,test,crack500_20160407_163130_1_361_jpg,192,96,128,7940a1742bd4f9961104b0153dc708a15314b3dfeefec79cc238d955593669ca
1614,images/test/CRACK500_20160407_163130_1_361_jpg.rf.979deedf852603b9e8ca47d530e5069e.jpg,test,crack500_20160407_163130_1_361_jpg,96,192,128,7940a1742bd4f9961104b0153dc708a15314b3dfeefec79cc238d955593669ca
1615,images/test/CRACK500_20160407_163130_1_361_jpg.rf.979deedf852603b9e8ca47d530e5069e.jpg,test,crack500_20160407_163130_1_361_jpg,192,192,128,7940a1742bd4f9961104b0153dc708a15314b3dfeefec79cc238d955593669ca
1616,images/test/CRACK500_20160407_163257_1281_1_jpg.rf.e611fd65bf2cff5eacbf0342f4adefb0.jpg,test,crack500_20160407_163257_1281_1_jpg,192,96,128,93adca924ba97dcd079cde9b0a9fd4cd928320e455fda242bfd5e07c761d0d52
1617,images/test/CRACK500_20160407_163257_1281_1_jpg.rf.e611fd65bf2cff5eacbf0342f4adefb0.jpg,test,crack500_20160407_163257_1281_1_jpg,192,192,128,93adca924ba97dcd079cde9b0a9fd4cd928320e455fda242bfd5e07c761d0d52
1618,images/test/CRACK500_20160407_163522_1_361_jpg.rf.ad2ef21b4f6d0759774fa4a959007b78.jpg,test,crack500_20160407_163522_1_361_jpg,96,96,128,2cb052295d89efdb339a4485f5acc49033f2bc5a4817ab2fea5db53160834dc8
1619,images/test/CRACK500_20160407_163522_1_361_jpg.rf.ad2ef21b4f6d0759774fa4a959007b78.jpg,test,crack500_20160407_163522_1_361_jpg,192,96,128,2cb052295d89efdb339a4485f5acc49033f2bc5a4817ab2fea5db53160834dc8
1620,images/test/CRACK500_20160407_163522_1_361_jpg.rf.ad2ef21b4f6d0759774fa4a959007b78.jpg,test,crack500_20160407_163522_1_361_jpg,96,192,128,2cb052295d89efdb339a4485f5acc49033f2bc5a4817ab2fea5db53160834dc8
1621,images/test/CRACK500_20160407_163522_1_361_jpg.rf.ad2ef21b4f6d0759774fa4a959007b78.jpg,test,crack500_20160407_163522_1_361_jpg,192,192,128,2cb052295d89efdb339a4485f5acc49033f2bc5a4817ab2fea5db53160834dc8
1622,images/test/CRACK500_20160407_163522_641_361_jpg.rf.c8704d851ee1db4064cf804dd02795e5.jpg,test,crack500_20160407_163522_641_361_jpg,96,96,128,a8948514d15804142833564c4c91b4647b1dfeed2406049e96224258307b1bf9
1623,images/test/CRACK500_20160407_163522_641_361_jpg.rf.c8704d851ee1db4064cf804dd02795e5.jpg,test,crack500_20160407_163522_641_361_jpg,192,96,128,a8948514d15804142833564c4c91b4647b1dfeed2406049e96224258307b1bf9
1624,images/test/CRACK500_20160407_163522_641_361_jpg.rf.c8704d851ee1db4064cf804dd02795e5.jpg,test,crack500_20160407_163522_641_361_jpg,96,192,128,a8948514d15804142833564c4c91b4647b1dfeed2406049e96224258307b1bf9
1625,images/test/CRACK500_20160407_163522_641_361_jpg.rf.c8704d851ee1db4064cf804dd02795e5.jpg,test,crack500_20160407_163522_641_361_jpg,192,192,128,a8948514d15804142833564c4c91b4647b1dfeed2406049e96224258307b1bf9
1626,images/test/CRACK500_20160407_165001_1_721_jpg.rf.4e52aef66d116caae928ba714422d461.jpg,test,crack500_20160407_165001_1_721_jpg,96,192,128,7b8576a30a84f4200c0bcc0b65163d6ddf7eb2b207b51a6985b11142f3edafd4
1627,images/test/CRACK500_20160407_165001_1_721_jpg.rf.4e52aef66d116caae928ba714422d461.jpg,test,crack500_20160407_165001_1_721_jpg,192,192,128,7b8576a30a84f4200c0bcc0b65163d6ddf7eb2b207b51a6985b11142f3edafd4
1628,images/test/CRACK500_20160407_165009_1_361_jpg.rf.2a618029e30bec37cdbc25b6ce34d1da.jpg,test,crack500_20160407_165009_1_361_jpg,96,192,128,63673a5e5c09c3706fa68faaddc0d7dfa4c8e4528f6cf3e12de92634ffcc3094
1629,images/test/CRACK500_20160407_165009_1_361_jpg.rf.2a618029e30bec37cdbc25b6ce34d1da.jpg,test,crack500_20160407_165009_1_361_jpg,192,192,128,63673a5e5c09c3706fa68faaddc0d7dfa4c8e4528f6cf3e12de92634ffcc3094
1630,images/test/CRACK500_20160407_165009_641_721_jpg.rf.054e2b477aaabbd09f7ffe96920d018a.jpg,test,crack500_20160407_165009_641_721_jpg,96,96,128,bbaa2e7871117d0df7ec908c0dc57cbee3b1bf6dbc165ca62e20e0fe61b8b6c8
1631,images/test/CRACK500_20160407_165009_641_721_jpg.rf.054e2b477aaabbd09f7ffe96920d018a.jpg,test,crack500_20160407_165009_641_721_jpg,192,96,128,bbaa2e7871117d0df7ec908c0dc57cbee3b1bf6dbc165ca62e20e0fe61b8b6c8
1632,images/test/CRACK500_20160407_165210_1921_361_jpg.rf.711fa41c0a9141522afe46ddebb08b2b.jpg,test,crack500_20160407_165210_1921_361_jpg,96,96,128,9677f0ca333d2d025c62bafe84db05388f9a54c3d68293615a96f54cab40f411
1633,images/test/CRACK500_20160407_165210_1921_361_jpg.rf.711fa41c0a9141522afe46ddebb08b2b.jpg,test,crack500_20160407_165210_1921_361_jpg,192,96,128,9677f0ca333d2d025c62bafe84db05388f9a54c3d68293615a96f54cab40f411
1634,images/test/CRACK500_20160407_165210_1921_361_jpg.rf.711fa41c0a9141522afe46ddebb08b2b.jpg,test,crack500_20160407_165210_1921_361_jpg,96,192,128,9677f0ca333d2d025c62bafe84db05388f9a54c3d68293615a96f54cab40f411
1635,images/test/CRACK500_20160407_165210_1921_361_jpg.rf.711fa41c0a9141522afe46ddebb08b2b.jpg,test,crack500_20160407_165210_1921_361_jpg,192,192,128,9677f0ca333d2d025c62bafe84db05388f9a54c3d68293615a96f54cab40f411
1636,images/test/CRACK500_20160415_191330_1_721_jpg.rf.f1c4252a1117b5db473857acbeeca839.jpg,test,crack500_20160415_191330_1_721_jpg,96,192,128,3af64dba1fbc7f60303a9788193c45a5eef8a63d69c9c3177ad27f204415d047
1637,images/test/CRACK500_20160415_191330_1_721_jpg.rf.f1c4252a1117b5db473857acbeeca839.jpg,test,crack500_20160415_191330_1_721_jpg,192,192,128,3af64dba1fbc7f60303a9788193c45a5eef8a63d69c9c3177ad27f204415d047
1638,images/test/CRACK500_IMG_2930_1_969_jpg.rf.deaee06cc3cd7000b02b45107036eb8b.jpg,test,crack500_img_2930_1_969_jpg,96,192,128,3d171cb6b853ac48d31a3c9c74c61694dba0e79d858afa844423deab64bad8ad
1639,images/test/CRACK500_IMG_2930_1_969_jpg.rf.deaee06cc3cd7000b02b45107036eb8b.jpg,test,crack500_img_2930_1_969_jpg,192,192,128,3d171cb6b853ac48d31a3c9c74c61694dba0e79d858afa844423deab64bad8ad
1640,images/test/CRACK500_IMG_2931_649_485_jpg.rf.8bf39ecd8d0b597f8132850089aa0999.jpg,test,crack500_img_2931_649_485_jpg,96,96,128,dba8e7ad51fa2772f2876763dd3d0de82ce100b9e8fee8e3753061c15fc6613e
1641,images/test/CRACK500_IMG_2931_649_485_jpg.rf.8bf39ecd8d0b597f8132850089aa0999.jpg,test,crack500_img_2931_649_485_jpg,192,96,128,dba8e7ad51fa2772f2876763dd3d0de82ce100b9e8fee8e3753061c15fc6613e
1642,images/test/CRACK500_IMG_2932_1945_969_jpg.rf.99a13f04506462a6cb6fccf83fea4a0c.jpg,test,crack500_img_2932_1945_969_jpg,96,96,128,4bc716e14cae763baf21a2ce8c1c1e7e0fbdba6ee737a015fcca545d099cb1c3
1643,images/test/CRACK500_IMG_2932_1945_969_jpg.rf.99a13f04506462a6cb6fccf83fea4a0c.jpg,test,crack500_img_2932_1945_969_jpg,192,96,128,4bc716e14cae763baf21a2ce8c1c1e7e0fbdba6ee737a015fcca545d099cb1c3
1644,images/test/CRACK500_IMG_2932_1945_969_jpg.rf.99a13f04506462a6cb6fccf83fea4a0c.jpg,test,crack500_img_2932_1945_969_jpg,96,192,128,4bc716e14cae763baf21a2ce8c1c1e7e0fbdba6ee737a015fcca545d099cb1c3
1645,images/test/CRACK500_IMG_2932_1945_969_jpg.rf.99a13f04506462a6cb6fccf83fea4a0c.jpg,test,crack500_img_2932_1945_969_jpg,192,192,128,4bc716e14cae763baf21a2ce8c1c1e7e0fbdba6ee737a015fcca545d099cb1c3
1646,images/test/CRACK500_IMG_2932_649_969_jpg.rf.d4fa158a2d2914a97b3d7fbe84c6725f.jpg,test,crack500_img_2932_649_969_jpg,96,192,128,15d9b7daadf721418139db6b8822531762a18108539e51e07634fc76c3bf6d6c
1647,images/test/CRACK500_IMG_2932_649_969_jpg.rf.d4fa158a2d2914a97b3d7fbe84c6725f.jpg,test,crack500_img_2932_649_969_jpg,192,192,128,15d9b7daadf721418139db6b8822531762a18108539e51e07634fc76c3bf6d6c
1648,images/test/CRACK500_IMG_2934_1945_485_jpg.rf.43fe8f2db0b8d7d98297b6bd0e2b11d8.jpg,test,crack500_img_2934_1945_485_jpg,96,96,128,ffda604f287da475c25fe51759c9dee27cf33c8e8b671464321dee1dde3a9a09
1649,images/test/CRACK500_IMG_2934_1945_485_jpg.rf.43fe8f2db0b8d7d98297b6bd0e2b11d8.jpg,test,crack500_img_2934_1945_485_jpg,192,96,128,ffda604f287da475c25fe51759c9dee27cf33c8e8b671464321dee1dde3a9a09
1650,images/test/CRACK500_IMG_2934_1945_485_jpg.rf.43fe8f2db0b8d7d98297b6bd0e2b11d8.jpg,test,crack500_img_2934_1945_485_jpg,96,192,128,ffda604f287da475c25fe51759c9dee27cf33c8e8b671464321dee1dde3a9a09
1651,images/test/CRACK500_IMG_2934_1945_485_jpg.rf.43fe8f2db0b8d7d98297b6bd0e2b11d8.jpg,test,crack500_img_2934_1945_485_jpg,192,192,128,ffda604f287da475c25fe51759c9dee27cf33c8e8b671464321dee1dde3a9a09
1652,images/test/CRACK500_IMG_2935_1297_485_jpg.rf.09c760d22d86fecbe1d699eec07ca1a8.jpg,test,crack500_img_2935_1297_485_jpg,96,96,128,4659b6ce08835a52fb51842922058be85c242728750ed5a695a82d81881580a8
1653,images/test/CRACK500_IMG_2935_1297_485_jpg.rf.09c760d22d86fecbe1d699eec07ca1a8.jpg,test,crack500_img_2935_1297_485_jpg,192,96,128,4659b6ce08835a52fb51842922058be85c242728750ed5a695a82d81881580a8
1654,images/test/CRACK500_IMG_2935_1297_485_jpg.rf.09c760d22d86fecbe1d699eec07ca1a8.jpg,test,crack500_img_2935_1297_485_jpg,96,192,128,4659b6ce08835a52fb51842922058be85c242728750ed5a695a82d81881580a8
1655,images/test/CRACK500_IMG_2935_1297_485_jpg.rf.09c760d22d86fecbe1d699eec07ca1a8.jpg,test,crack500_img_2935_1297_485_jpg,192,192,128,4659b6ce08835a52fb51842922058be85c242728750ed5a695a82d81881580a8
1656,images/test/CRACK500_IMG_2935_649_485_jpg.rf.479465c8fc0a8a3d347856d901e2699d.jpg,test,crack500_img_2935_649_485_jpg,96,96,128,b0af639792518040a9c12b69365cf528507937b5bcbeb2c74767bf73aaf29e58
1657,images/test/CRACK500_IMG_2935_649_485_jpg.rf.479465c8fc0a8a3d347856d901e2699d.jpg,test,crack500_img_2935_649_485_jpg,192,96,128,b0af639792518040a9c12b69365cf528507937b5bcbeb2c74767bf73aaf29e58
1658,images/test/CRACK500_IMG_2935_649_485_jpg.rf.479465c8fc0a8a3d347856d901e2699d.jpg,test,crack500_img_2935_649_485_jpg,96,192,128,b0af639792518040a9c12b69365cf528507937b5bcbeb2c74767bf73aaf29e58
1659,images/test/CRACK500_IMG_2935_649_485_jpg.rf.479465c8fc0a8a3d347856d901e2699d.jpg,test,crack500_img_2935_649_485_jpg,192,192,128,b0af639792518040a9c12b69365cf528507937b5bcbeb2c74767bf73aaf29e58
1660,images/test/CRACK500_IMG_2936_1945_485_jpg.rf.12046bc5ba1f2edafb4f6e75d23770ce.jpg,test,crack500_img_2936_1945_485_jpg,96,96,128,7e24b7f16ab24e1fc222e5d97dc67c90bfd46e405032e84d3ae7aa352c96c829
1661,images/test/CRACK500_IMG_2936_1945_485_jpg.rf.12046bc5ba1f2edafb4f6e75d23770ce.jpg,test,crack500_img_2936_1945_485_jpg,192,96,128,7e24b7f16ab24e1fc222e5d97dc67c90bfd46e405032e84d3ae7aa352c96c829
1662,images/test/CRACK500_IMG_2936_1945_485_jpg.rf.12046bc5ba1f2edafb4f6e75d23770ce.jpg,test,crack500_img_2936_1945_485_jpg,96,192,128,7e24b7f16ab24e1fc222e5d97dc67c90bfd46e405032e84d3ae7aa352c96c829
1663,images/test/CRACK500_IMG_2936_1945_485_jpg.rf.12046bc5ba1f2edafb4f6e75d23770ce.jpg,test,crack500_img_2936_1945_485_jpg,192,192,128,7e24b7f16ab24e1fc222e5d97dc67c90bfd46e405032e84d3ae7aa352c96c829
1664,images/test/CRACK500_IMG_2936_1_969_jpg.rf.bef57b8427b46769843c28f8b73ef89e.jpg,test,crack500_img_2936_1_969_jpg,96,192,128,02d6080dd9598e04860616cf0b87d240308085ca8c20ba52bc67b4eb2fe2248e
1665,images/test/CRACK500_IMG_2936_1_969_jpg.rf.bef57b8427b46769843c28f8b73ef89e.jpg,test,crack500_img_2936_1_969_jpg,192,192,128,02d6080dd9598e04860616cf0b87d240308085ca8c20ba52bc67b4eb2fe2248e
1666,images/test/CRACK500_IMG_2936_649_969_jpg.rf.1cb1a29fe956d60b6bf132ff501b25a5.jpg,test,crack500_img_2936_649_969_jpg,96,192,128,60336054fc9ee7eac83097b7deacc17bcec17d63ae3aa333fe5f3277cd83da80
1667,images/test/CRACK500_IMG_2936_649_969_jpg.rf.1cb1a29fe956d60b6bf132ff501b25a5.jpg,test,crack500_img_2936_649_969_jpg,192,192,128,60336054fc9ee7eac83097b7deacc17bcec17d63ae3aa333fe5f3277cd83da80
1668,images/test/CRACK500_IMG_2937_1945_969_jpg.rf.e64ab51a83ac7951d180f3d0789bd1ff.jpg,test,crack500_img_2937_1945_969_jpg,96,192,128,ca54609b8981947f0c9e0624a5d9f8baf1ec0ca8446c11d3d4c1be414140d63e
1669,images/test/CRACK500_IMG_2937_1945_969_jpg.rf.e64ab51a83ac7951d180f3d0789bd1ff.jpg,test,crack500_img_2937_1945_969_jpg,192,192,128,ca54609b8981947f0c9e0624a5d9f8baf1ec0ca8446c11d3d4c1be414140d63e
1670,images/test/CRACK500_IMG_2938_1297_1453_jpg.rf.b57b535a483e8416c899485cd9c2a70a.jpg,test,crack500_img_2938_1297_1453_jpg,192,96,128,89368cdae081aa73c382b17f8b525d697253c7cd3cc75dec4172af3d868f7304
1671,images/test/CRACK500_IMG_2938_1297_1453_jpg.rf.b57b535a483e8416c899485cd9c2a70a.jpg,test,crack500_img_2938_1297_1453_jpg,192,192,128,89368cdae081aa73c382b17f8b525d697253c7cd3cc75dec4172af3d868f7304
1672,images/test/CRACK500_IMG_2938_1297_485_jpg.rf.768827ad78510f45385e158992f3eeb7.jpg,test,crack500_img_2938_1297_485_jpg,96,96,128,752088071dc8fd38ae0a9e4e27f5d3fa395a76dc70269db74a9091697b13c1ee
1673,images/test/CRACK500_IMG_2938_1297_485_jpg.rf.768827ad78510f45385e158992f3eeb7.jpg,test,crack500_img_2938_1297_485_jpg,192,96,128,752088071dc8fd38ae0a9e4e27f5d3fa395a76dc70269db74a9091697b13c1ee
1674,images/test/CRACK500_IMG_2938_1_969_jpg.rf.7de9817a2c66ab3b5f656682f5ad552c.jpg,test,crack500_img_2938_1_969_jpg,96,192,128,3bcada53b2c9f730b13d26ff1a5b1f696cda6ff8feefb394d0f99b932f9d5de8
1675,images/test/CRACK500_IMG_2938_1_969_jpg.rf.7de9817a2c66ab3b5f656682f5ad552c.jpg,test,crack500_img_2938_1_969_jpg,192,192,128,3bcada53b2c9f730b13d26ff1a5b1f696cda6ff8feefb394d0f99b932f9d5de8
1676,images/test/CRACK500_IMG_2941_1297_969_jpg.rf.15446ccff71c58c9f1225872e7bdc8b6.jpg,test,crack500_img_2941_1297_969_jpg,192,96,128,659400100b93605c2fac006774a23f04d80188ab583c2fb6ad73588aa4571557
1677,images/test/CRACK500_IMG_2941_1297_969_jpg.rf.15446ccff71c58c9f1225872e7bdc8b6.jpg,test,crack500_img_2941_1297_969_jpg,96,192,128,659400100b93605c2fac006774a23f04d80188ab583c2fb6ad73588aa4571557
1678,images/test/CRACK500_IMG_2941_1297_969_jpg.rf.15446ccff71c58c9f1225872e7bdc8b6.jpg,test,crack500_img_2941_1297_969_jpg,192,192,128,659400100b93605c2fac006774a23f04d80188ab583c2fb6ad73588aa4571557
1679,images/test/CRACK500_IMG_2942_1297_485_jpg.rf.8caa8fd0e5fce299a81f4b0d3c8bffb8.jpg,test,crack500_img_2942_1297_485_jpg,96,96,128,8efe260b857bfbf9dc2e48349f8d44a5c74b54f995e9ca53ebaa8132ce807836
1680,images/test/CRACK500_IMG_2942_1297_485_jpg.rf.8caa8fd0e5fce299a81f4b0d3c8bffb8.jpg,test,crack500_img_2942_1297_485_jpg,192,96,128,8efe260b857bfbf9dc2e48349f8d44a5c74b54f995e9ca53ebaa8132ce807836
1681,images/test/CRACK500_IMG_2942_1945_485_jpg.rf.b288d31426f4a6fb52a71d0aa8d44d3d.jpg,test,crack500_img_2942_1945_485_jpg,96,96,128,bdb225baabf4162c589d3d149c088529ec0b05a643ca1e813e51ae373f23d801
1682,images/test/CRACK500_IMG_2942_1945_485_jpg.rf.b288d31426f4a6fb52a71d0aa8d44d3d.jpg,test,crack500_img_2942_1945_485_jpg,192,96,128,bdb225baabf4162c589d3d149c088529ec0b05a643ca1e813e51ae373f23d801
1683,images/test/CRACK500_IMG_2942_1_485_jpg.rf.313e8464fcb21f39f1771b17e5345801.jpg,test,crack500_img_2942_1_485_jpg,96,96,128,035706623559265624cfe7fc596f4f2794a495ceabc61d9eafae05bba57acee3
1684,images/test/CRACK500_IMG_2942_1_485_jpg.rf.313e8464fcb21f39f1771b17e5345801.jpg,test,crack500_img_2942_1_485_jpg,192,96,128,035706623559265624cfe7fc596f4f2794a495ceabc61d9eafae05bba57acee3
1685,images/test/cracktree200_6219_jpg.rf.028a143cf0c296cfea18b6927da218fc.jpg,test,cracktree200_6219_jpg,96,96,128,4c53c04876d62d660c3789c7889ba5b3e73492a30cf7b2c4712db75c85a5786d
1686,images/test/cracktree200_6324_jpg.rf.b135466e24d7dfca8322b74492ead90d.jpg,test,cracktree200_6324_jpg,96,192,128,0e5bce9176f5ff8101201060706821b5524255ce10592abe7f25d4f84408d7cd
1687,images/test/cracktree200_6356_jpg.rf.799d6876e640c81735b6316f23d1918d.jpg,test,cracktree200_6356_jpg,96,96,128,37a2947bde752a5fb8bb93726993519faa685c6596982a055b2a1adbee636d99
1688,images/test/cracktree200_6654_jpg.rf.82fbd1b9c912e2d2947a2172c3c70f81.jpg,test,cracktree200_6654_jpg,96,96,128,60dd2355888c26cce0f97edaced19c0ab0d47e001666059df2255c4a0e6ccdbd
1689,images/test/cracktree200_6712_jpg.rf.ab10b5d6922cf4cb764f48e5ea5e90e7.jpg,test,cracktree200_6712_jpg,96,192,128,84ace0561566f53948b620cedf029bab8b3f0f23c990d71191c65f75de6090ba
1690,images/test/cracktree200_6713_jpg.rf.c34baf94947a3e0291a5755eb0d93550.jpg,test,cracktree200_6713_jpg,96,192,128,66a7ba1a655413ad0578cc055a8cdbf68a327c1adf4c1a115d42da354a41fe1d
1691,images/test/DeepCrack_11122-1_jpg.rf.571fab0aaafde254c897de886f02d3ad.jpg,test,deepcrack_11122-1_jpg,192,96,128,56908669038a945a94382d02076a6b519e5d4604de9d570f080db61081b33199
1692,images/test/DeepCrack_11141_jpg.rf.ca8839f96b1e27b710c1a6e70ee4f0dc.jpg,test,deepcrack_11141_jpg,96,192,128,40088c79a0fb18527be57d62fc7e0c4a03edd9a9420fccdc01661f61ffbcc2bd
1693,images/test/DeepCrack_11185_jpg.rf.504f5ac81b289c7366235e7b751463d4.jpg,test,deepcrack_11185_jpg,96,96,128,559a45f4f1e13c04e6de26163331ca0ec22cab886e3596c3acf296633a0dfebf
1694,images/test/DeepCrack_11185_jpg.rf.504f5ac81b289c7366235e7b751463d4.jpg,test,deepcrack_11185_jpg,96,192,128,559a45f4f1e13c04e6de26163331ca0ec22cab886e3596c3acf296633a0dfebf
1695,images/test/DeepCrack_11189-2_jpg.rf.07160347fe5cb32e62900633b538fd35.jpg,test,deepcrack_11189-2_jpg,192,96,128,8a1f5646fe0e3343d967ab5f02560061bda2e7612823721222a9402bd011a1f3
1696,images/test/DeepCrack_11189-2_jpg.rf.07160347fe5cb32e62900633b538fd35.jpg,test,deepcrack_11189-2_jpg,192,192,128,8a1f5646fe0e3343d967ab5f02560061bda2e7612823721222a9402bd011a1f3
1697,images/test/DeepCrack_11236-7_jpg.rf.34df4357a9a0a8a52aec0ed7147504da.jpg,test,deepcrack_11236-7_jpg,96,192,128,5d1a9c3ea6cef69cb89ed143a77d65da97ad270378b253ba189e68b90c0e7c5b
1698,images/test/DeepCrack_11236-7_jpg.rf.34df4357a9a0a8a52aec0ed7147504da.jpg,test,deepcrack_11236-7_jpg,192,192,128,5d1a9c3ea6cef69cb89ed143a77d65da97ad270378b253ba189e68b90c0e7c5b
1699,images/test/DeepCrack_11266-1_jpg.rf.243eb2dcfa553cb92abc7984dd823341.jpg,test,deepcrack_11266-1_jpg,96,96,128,8246a34425e70214dec95805d1b138427c7568abc0c9d8526cb799b6022d2211
1700,images/test/DeepCrack_11266-1_jpg.rf.243eb2dcfa553cb92abc7984dd823341.jpg,test,deepcrack_11266-1_jpg,192,96,128,8246a34425e70214dec95805d1b138427c7568abc0c9d8526cb799b6022d2211
1701,images/test/DeepCrack_11266-2_jpg.rf.a0251aadfdae4e738fceabda3dbaaa00.jpg,test,deepcrack_11266-2_jpg,96,96,128,deb8933d0ded67209956ef3d1a69d38d94a9e5c2758015e74e61346a189f9e52
1702,images/test/DeepCrack_11266-2_jpg.rf.a0251aadfdae4e738fceabda3dbaaa00.jpg,test,deepcrack_11266-2_jpg,192,96,128,deb8933d0ded67209956ef3d1a69d38d94a9e5c2758015e74e61346a189f9e52
1703,images/test/DeepCrack_11296-16_jpg.rf.1b323fc567fbbf9028d1a13e4703a9c6.jpg,test,deepcrack_11296-16_jpg,192,96,128,38ab1ae8906c9f266fda6af646a408993003a2dd09b91b8f6fffe38c879a3720
1704,images/test/DeepCrack_11300_jpg.rf.f2db59d4ec89fcb971b9de99e177716f.jpg,test,deepcrack_11300_jpg,96,96,128,8cb4afc6991cc0540af30839fa0c29069b459462daa068673ca7269d093abcb0
1705,images/test/DeepCrack_11300_jpg.rf.f2db59d4ec89fcb971b9de99e177716f.jpg,test,deepcrack_11300_jpg,192,96,128,8cb4afc6991cc0540af30839fa0c29069b459462daa068673ca7269d093abcb0
1706,images/test/DeepCrack_11308-1_jpg.rf.a4a7118dbfdcb9614686d5f810e96d1f.jpg,test,deepcrack_11308-1_jpg,96,96,128,ec7b7ba6121288865469f5d75e0c7cbb9680e0294626c3cc2fe04686b7c4d9dc
1707,images/test/DeepCrack_IMG136_jpg.rf.f715c7b4fe933c29d52e5710424f0fb3.jpg,test,deepcrack_img136_jpg,96,192,128,2c3578b5c5585018f2d346ac704c2dae739b3cf7b72e88c22ddd7d3491aa5403
1708,images/test/DeepCrack_IMG136_jpg.rf.f715c7b4fe933c29d52e5710424f0fb3.jpg,test,deepcrack_img136_jpg,192,192,128,2c3578b5c5585018f2d346ac704c2dae739b3cf7b72e88c22ddd7d3491aa5403
1709,images/test/DeepCrack_IMG24-2_jpg.rf.fcd86e1cc97d995a9316447c433e7e7c.jpg,test,deepcrack_img24-2_jpg,96,192,128,d4ec2e2a4d9474c7701d5f66149cf5a2517914f8b9bc3e7628ebe5145ef8bafd
1710,images/test/DeepCrack_IMG24-2_jpg.rf.fcd86e1cc97d995a9316447c433e7e7c.jpg,test,deepcrack_img24-2_jpg,192,192,128,d4ec2e2a4d9474c7701d5f66149cf5a2517914f8b9bc3e7628ebe5145ef8bafd
1711,images/test/DeepCrack_IMG33-13_jpg.rf.1a387ff16e02374f8694f780aa0a0d96.jpg,test,deepcrack_img33-13_jpg,96,192,128,235d1d8963deec473f3162de77fd847abeb4ec72d1113c217e0a0f6d74bc61e5
1712,images/test/DeepCrack_IMG33-13_jpg.rf.1a387ff16e02374f8694f780aa0a0d96.jpg,test,deepcrack_img33-13_jpg,192,192,128,235d1d8963deec473f3162de77fd847abeb4ec72d1113c217e0a0f6d74bc61e5
1713,images/test/DeepCrack_IMG33-5_jpg.rf.1d3156bb02a0a34b35d1f8cb32137ca5.jpg,test,deepcrack_img33-5_jpg,96,192,128,6bc90aff15242c7f1835a8640ad8cda970196126769a9238ace1a5c54ce26c19
1714,images/test/DeepCrack_IMG_5776-2_jpg.rf.576e25e769415021f3151ab6ca1afaa2.jpg,test,deepcrack_img_5776-2_jpg,96,96,128,3bc7d76c09f8497580824d5bade911956c4f46d2911ebf8d7a90d5af6bcc1a4d
1715,images/test/DeepCrack_IMG_5776-2_jpg.rf.576e25e769415021f3151ab6ca1afaa2.jpg,test,deepcrack_img_5776-2_jpg,96,192,128,3bc7d76c09f8497580824d5bade911956c4f46d2911ebf8d7a90d5af6bcc1a4d
1716,images/test/DeepCrack_IMG_6472-6_jpg.rf.d81fdedef6499717b1a59763153c5ab0.jpg,test,deepcrack_img_6472-6_jpg,192,96,128,76130373de054b7af759cbfb87016138753e5b0e2ae9cd744042db8423c94c2d
1717,images/test/DeepCrack_IMG_6472-6_jpg.rf.d81fdedef6499717b1a59763153c5ab0.jpg,test,deepcrack_img_6472-6_jpg,192,192,128,76130373de054b7af759cbfb87016138753e5b0e2ae9cd744042db8423c94c2d
1718,images/test/DeepCrack_IMG_6472-8_jpg.rf.876c4cc2464d7adcea64dcc7f62f47a3.jpg,test,deepcrack_img_6472-8_jpg,192,96,128,3084be7dcf55f2a5dc131a1ead0b8132e4dd9ae26145e1a61fc89656099b2d16
1719,images/test/DeepCrack_IMG_6472-8_jpg.rf.876c4cc2464d7adcea64dcc7f62f47a3.jpg,test,deepcrack_img_6472-8_jpg,192,192,128,3084be7dcf55f2a5dc131a1ead0b8132e4dd9ae26145e1a61fc89656099b2d16
1720,images/test/Eugen_Muller_7723_382_146_299_267_jpg.rf.4fa0f5ae431f2b799674ec728ea5bd20.jpg,test,eugen_muller_7723_382_146_299_267_jpg,96,96,128,1eb166d44fa666d29d06251eba307aaac36ea8cf2140347ecc80449095078920
1721,images/test/Eugen_Muller_7723_382_146_299_267_jpg.rf.4fa0f5ae431f2b799674ec728ea5bd20.jpg,test,eugen_muller_7723_382_146_299_267_jpg,192,96,128,1eb166d44fa666d29d06251eba307aaac36ea8cf2140347ecc80449095078920
1722,images/test/Eugen_Muller_7723_382_146_299_267_jpg.rf.4fa0f5ae431f2b799674ec728ea5bd20.jpg,test,eugen_muller_7723_382_146_299_267_jpg,96,192,128,1eb166d44fa666d29d06251eba307aaac36ea8cf2140347ecc80449095078920
1723,images/test/Eugen_Muller_7723_382_146_299_267_jpg.rf.4fa0f5ae431f2b799674ec728ea5bd20.jpg,test,eugen_muller_7723_382_146_299_267_jpg,192,192,128,1eb166d44fa666d29d06251eba307aaac36ea8cf2140347ecc80449095078920
1724,images/test/Eugen_Muller_9360_149_443_672_554_jpg.rf.a320d6c72fed9f3bd50fdaace08e6234.jpg,test,eugen_muller_9360_149_443_672_554_jpg,96,192,128,1a59ffdf6547c2ec50cd978e129a4432406d5ebe4d81e14f421c04cc170c8d69
1725,images/test/Eugen_Muller_9360_149_443_672_554_jpg.rf.a320d6c72fed9f3bd50fdaace08e6234.jpg,test,eugen_muller_9360_149_443_672_554_jpg,192,192,128,1a59ffdf6547c2ec50cd978e129a4432406d5ebe4d81e14f421c04cc170c8d69
1726,images/test/GAPS384_test_0028_541_1_jpg.rf.9d498dc35e8c13581d76b3f641e17420.jpg,test,gaps384_test_0028_541_1_jpg,96,96,128,5f3a77bc5b8463630749fcd58e9882723e13412f081da02b533ba5d2f1175419
1727,images/test/GAPS384_test_0028_541_1_jpg.rf.9d498dc35e8c13581d76b3f641e17420.jpg,test,gaps384_test_0028_541_1_jpg,192,96,128,5f3a77bc5b8463630749fcd58e9882723e13412f081da02b533ba5d2f1175419
1728,images/test/GAPS384_test_0034_541_1_jpg.rf.2aee6cdd8f7de38f138b3230bcf0491d.jpg,test,gaps384_test_0034_541_1_jpg,96,96,128,cece3c0f8c9edf78762f3f245501db155d7349db83f76e42c29f7d4fbfd2faf2
1729,images/test/GAPS384_test_0034_541_1_jpg.rf.2aee6cdd8f7de38f138b3230bcf0491d.jpg,test,gaps384_test_0034_541_1_jpg,192,96,128,cece3c0f8c9edf78762f3f245501db155d7349db83f76e42c29f7d4fbfd2faf2
1730,images/test/GAPS384_test_0034_541_1_jpg.rf.2aee6cdd8f7de38f138b3230bcf0491d.jpg,test,gaps384_test_0034_541_1_jpg,192,192,128,cece3c0f8c9edf78762f3f245501db155d7349db83f76e42c29f7d4fbfd2faf2
1731,images/test/GAPS384_test_0034_541_641_jpg.rf.d9a6466e4cdd00de596b2aeba01d96d1.jpg,test,gaps384_test_0034_541_641_jpg,192,96,128,5e4e402301e1afc2995d95eac1d17e84dfcaedb7802e7cc0fff569c2998c1cd6
1732,images/test/GAPS384_test_0034_541_641_jpg.rf.d9a6466e4cdd00de596b2aeba01d96d1.jpg,test,gaps384_test_0034_541_641_jpg,192,192,128,5e4e402301e1afc2995d95eac1d17e84dfcaedb7802e7cc0fff569c2998c1cd6
1733,images/test/GAPS384_test_0041_541_641_jpg.rf.29cb8a62b341ce830a739d32468b52b4.jpg,test,gaps384_test_0041_541_641_jpg,192,96,128,9c411d9f87b9b3c358b46709b3980b14a6e3364b81fc862aaa95b183685c0034
1734,images/test/GAPS384_test_0041_541_641_jpg.rf.29cb8a62b341ce830a739d32468b52b4.jpg,test,gaps384_test_0041_541_641_jpg,96,192,128,9c411d9f87b9b3c358b46709b3980b14a6e3364b81fc862aaa95b183685c0034
1735,images/test/GAPS384_test_0041_541_641_jpg.rf.29cb8a62b341ce830a739d32468b52b4.jpg,test,gaps384_test_0041_541_641_jpg,192,192,128,9c411d9f87b9b3c358b46709b3980b14a6e3364b81fc862aaa95b183685c0034
1736,images/test/GAPS384_test_0251_1_1_jpg.rf.868d343ca3f28377dc27e4996aca2e70.jpg,test,gaps384_test_0251_1_1_jpg,96,192,128,b6c5347e69bbfc4a9d979b3c09dd2a823ea907ee350e74286b99b09de031ce42
1737,images/test/GAPS384_test_0251_1_1_jpg.rf.868d343ca3f28377dc27e4996aca2e70.jpg,test,gaps384_test_0251_1_1_jpg,192,192,128,b6c5347e69bbfc4a9d979b3c09dd2a823ea907ee350e74286b99b09de031ce42
1738,images/test/GAPS384_test_0251_541_1_jpg.rf.ddbe464ff69a22c670a5ecea79d7ba20.jpg,test,gaps384_test_0251_541_1_jpg,96,192,128,4f68a246f75fac413550e9c085bc00cabfcd4d71f03851172a957e42aee00f6b
1739,images/test/GAPS384_test_0251_541_1_jpg.rf.ddbe464ff69a22c670a5ecea79d7ba20.jpg,test,gaps384_test_0251_541_1_jpg,192,192,128,4f68a246f75fac413550e9c085bc00cabfcd4d71f03851172a957e42aee00f6b
1740,images/test/GAPS384_test_0274_1_1_jpg.rf.cdc788ad157a19b63fd1414473fbdf21.jpg,test,gaps384_test_0274_1_1_jpg,96,192,128,8fb3521721e7ae35a1c47483ab9e8000dd54e3abd8e519302baa75c46e623bf8
1741,images/test/GAPS384_test_0274_1_1_jpg.rf.cdc788ad157a19b63fd1414473fbdf21.jpg,test,gaps384_test_0274_1_1_jpg,192,192,128,8fb3521721e7ae35a1c47483ab9e8000dd54e3abd8e519302baa75c46e623bf8
1742,images/test/GAPS384_test_0275_1_641_jpg.rf.3c433f743d89796a029dca9b179f33a0.jpg,test,gaps384_test_0275_1_641_jpg,96,96,128,a32ec8df0c7d1eb0dfc29d4f61b37cc171e8e52e9cc6a51ecfa0e50917f07e11
1743,images/test/GAPS384_test_0275_1_641_jpg.rf.3c433f743d89796a029dca9b179f33a0.jpg,test,gaps384_test_0275_1_641_jpg,192,96,128,a32ec8df0c7d1eb0dfc29d4f61b37cc171e8e52e9cc6a51ecfa0e50917f07e11
1744,images/test/GAPS384_test_0275_1_641_jpg.rf.3c433f743d89796a029dca9b179f33a0.jpg,test,gaps384_test_0275_1_641_jpg,96,192,128,a32ec8df0c7d1eb0dfc29d4f61b37cc171e8e52e9cc6a51ecfa0e50917f07e11
1745,images/test/GAPS384_test_0275_1_641_jpg.rf.3c433f743d89796a029dca9b179f33a0.jpg,test,gaps384_test_0275_1_641_jpg,192,192,128,a32ec8df0c7d1eb0dfc29d4f61b37cc171e8e52e9cc6a51ecfa0e50917f07e11
1746,images/test/GAPS384_test_0363_1_1_jpg.rf.f881d66960aaeba5d9289748fd6b4718.jpg,test,gaps384_test_0363_1_1_jpg,96,96,128,574075fa454c466c46beabee2c89693a26fe9f5bb54319f7cbb3efcf5329956d
1747,images/test/GAPS384_test_0363_1_1_jpg.rf.f881d66960aaeba5d9289748fd6b4718.jpg,test,gaps384_test_0363_1_1_jpg,192,96,128,574075fa454c466c46beabee2c89693a26fe9f5bb54319f7cbb3efcf5329956d
1748,images/test/GAPS384_train_0420_1_641_jpg.rf.07853b4479788c7fa37871fda12ea527.jpg,test,gaps384_train_0420_1_641_jpg,96,96,128,5af7c0d6041cc6f71dbdf2ee87ba1105dc23449904166af570509333722d8a65
1749,images/test/GAPS384_train_0420_1_641_jpg.rf.07853b4479788c7fa37871fda12ea527.jpg,test,gaps384_train_0420_1_641_jpg,192,96,128,5af7c0d6041cc6f71dbdf2ee87ba1105dc23449904166af570509333722d8a65
1750,images/test/GAPS384_train_0420_1_641_jpg.rf.07853b4479788c7fa37871fda12ea527.jpg,test,gaps384_train_0420_1_641_jpg,96,192,128,5af7c0d6041cc6f71dbdf2ee87ba1105dc23449904166af570509333722d8a65
1751,images/test/GAPS384_train_0420_1_641_jpg.rf.07853b4479788c7fa37871fda12ea527.jpg,test,gaps384_train_0420_1_641_jpg,192,192,128,5af7c0d6041cc6f71dbdf2ee87ba1105dc23449904166af570509333722d8a65
1752,images/test/GAPS384_train_0421_1_641_jpg.rf.e6347461c3232e44dae1412568bc3532.jpg,test,gaps384_train_0421_1_641_jpg,96,96,128,c095b991cb83ec4916306797213a9023f8e9f764f47e59102d9c5266dfb69ac4
1753,images/test/GAPS384_train_0421_1_641_jpg.rf.e6347461c3232e44dae1412568bc3532.jpg,test,gaps384_train_0421_1_641_jpg,192,96,128,c095b991cb83ec4916306797213a9023f8e9f764f47e59102d9c5266dfb69ac4
1754,images/test/GAPS384_train_0421_1_641_jpg.rf.e6347461c3232e44dae1412568bc3532.jpg,test,gaps384_train_0421_1_641_jpg,96,192,128,c095b991cb83ec4916306797213a9023f8e9f764f47e59102d9c5266dfb69ac4
1755,images/test/GAPS384_train_0421_1_641_jpg.rf.e6347461c3232e44dae1412568bc3532.jpg,test,gaps384_train_0421_1_641_jpg,192,192,128,c095b991cb83ec4916306797213a9023f8e9f764f47e59102d9c5266dfb69ac4
1756,images/test/GAPS384_train_0422_1_1_jpg.rf.a0341d345de3e1176e93257d4c262084.jpg,test,gaps384_train_0422_1_1_jpg,96,96,128,5335457f11d024a4aa6d29671ca82c0b62497944d7f702f08ef2c6f092612441
1757,images/test/GAPS384_train_0422_1_1_jpg.rf.a0341d345de3e1176e93257d4c262084.jpg,test,gaps384_train_0422_1_1_jpg,192,96,128,5335457f11d024a4aa6d29671ca82c0b62497944d7f702f08ef2c6f092612441
1758,images/test/GAPS384_train_0422_1_1_jpg.rf.a0341d345de3e1176e93257d4c262084.jpg,test,gaps384_train_0422_1_1_jpg,96,192,128,5335457f11d024a4aa6d29671ca82c0b62497944d7f702f08ef2c6f092612441
1759,images/test/GAPS384_train_0422_1_1_jpg.rf.a0341d345de3e1176e93257d4c262084.jpg,test,gaps384_train_0422_1_1_jpg,192,192,128,5335457f11d024a4aa6d29671ca82c0b62497944d7f702f08ef2c6f092612441
1760,images/test/GAPS384_train_0422_1_641_jpg.rf.0736c04c99e5a111ce8b8eec09655aac.jpg,test,gaps384_train_0422_1_641_jpg,96,96,128,802e4ccb6456b6e4007ce1c0518fdf4b51d29ec3c3ef7231f50f5e0f2e6dd9b4
1761,images/test/GAPS384_train_0422_1_641_jpg.rf.0736c04c99e5a111ce8b8eec09655aac.jpg,test,gaps384_train_0422_1_641_jpg,192,96,128,802e4ccb6456b6e4007ce1c0518fdf4b51d29ec3c3ef7231f50f5e0f2e6dd9b4
1762,images/test/GAPS384_train_0422_1_641_jpg.rf.0736c04c99e5a111ce8b8eec09655aac.jpg,test,gaps384_train_0422_1_641_jpg,96,192,128,802e4ccb6456b6e4007ce1c0518fdf4b51d29ec3c3ef7231f50f5e0f2e6dd9b4
1763,images/test/GAPS384_train_0422_1_641_jpg.rf.0736c04c99e5a111ce8b8eec09655aac.jpg,test,gaps384_train_0422_1_641_jpg,192,192,128,802e4ccb6456b6e4007ce1c0518fdf4b51d29ec3c3ef7231f50f5e0f2e6dd9b4
1764,images/test/GAPS384_train_0423_1_641_jpg.rf.c3aca94ce0e78eecb4c19b421414e94e.jpg,test,gaps384_train_0423_1_641_jpg,96,96,128,f604e9c6912d9a926a8b3f9a4a3755e7f6df63c9d63f8932694dd2ffcd128866
1765,images/test/GAPS384_train_0423_1_641_jpg.rf.c3aca94ce0e78eecb4c19b421414e94e.jpg,test,gaps384_train_0423_1_641_jpg,192,96,128,f604e9c6912d9a926a8b3f9a4a3755e7f6df63c9d63f8932694dd2ffcd128866
1766,images/test/GAPS384_train_0423_1_641_jpg.rf.c3aca94ce0e78eecb4c19b421414e94e.jpg,test,gaps384_train_0423_1_641_jpg,96,192,128,f604e9c6912d9a926a8b3f9a4a3755e7f6df63c9d63f8932694dd2ffcd128866
1767,images/test/GAPS384_train_0423_1_641_jpg.rf.c3aca94ce0e78eecb4c19b421414e94e.jpg,test,gaps384_train_0423_1_641_jpg,192,192,128,f604e9c6912d9a926a8b3f9a4a3755e7f6df63c9d63f8932694dd2ffcd128866
1768,images/test/GAPS384_train_0448_541_1_jpg.rf.f122b37e1d82326c05eef98cefe8607e.jpg,test,gaps384_train_0448_541_1_jpg,96,96,128,84d4e66815c92deac64a46fc39920d02b92872aa87796e625826cfe2bfa4775b
1769,images/test/GAPS384_train_0448_541_1_jpg.rf.f122b37e1d82326c05eef98cefe8607e.jpg,test,gaps384_train_0448_541_1_jpg,192,96,128,84d4e66815c92deac64a46fc39920d02b92872aa87796e625826cfe2bfa4775b
1770,images/test/GAPS384_train_0448_541_1_jpg.rf.f122b37e1d82326c05eef98cefe8607e.jpg,test,gaps384_train_0448_541_1_jpg,96,192,128,84d4e66815c92deac64a46fc39920d02b92872aa87796e625826cfe2bfa4775b
1771,images/test/GAPS384_train_0448_541_1_jpg.rf.f122b37e1d82326c05eef98cefe8607e.jpg,test,gaps384_train_0448_541_1_jpg,192,192,128,84d4e66815c92deac64a46fc39920d02b92872aa87796e625826cfe2bfa4775b
1772,images/test/GAPS384_train_0451_541_641_jpg.rf.fe8dd1330cac935d00a9e54497c3827a.jpg,test,gaps384_train_0451_541_641_jpg,96,96,128,84ae540c643a5a0b56d89ed7fe9a2d1dd7308ea8e9593da361bfc129315bc9b8
1773,images/test/GAPS384_train_0451_541_641_jpg.rf.fe8dd1330cac935d00a9e54497c3827a.jpg,test,gaps384_train_0451_541_641_jpg,96,192,128,84ae540c643a5a0b56d89ed7fe9a2d1dd7308ea8e9593da361bfc129315bc9b8
1774,images/test/GAPS384_train_0454_541_1_jpg.rf.6e1c720db6117a2b06a5da89977cb88e.jpg,test,gaps384_train_0454_541_1_jpg,96,96,128,7ba4418d373f0c4dc580fdb11c7f738f755549b89e94d2e815de19a680fa16a9
1775,images/test/GAPS384_train_0454_541_1_jpg.rf.6e1c720db6117a2b06a5da89977cb88e.jpg,test,gaps384_train_0454_541_1_jpg,96,192,128,7ba4418d373f0c4dc580fdb11c7f738f755549b89e94d2e815de19a680fa16a9
1776,images/test/GAPS384_train_0455_541_641_jpg.rf.a268d8f41df1277577299ca7bf3bbdab.jpg,test,gaps384_train_0455_541_641_jpg,96,96,128,182c8d56f7412ea2940e9eb9be508aa118c3ceafa7bacca5474e42597173c910
1777,images/test/GAPS384_train_0455_541_641_jpg.rf.a268d8f41df1277577299ca7bf3bbdab.jpg,test,gaps384_train_0455_541_641_jpg,96,192,128,182c8d56f7412ea2940e9eb9be508aa118c3ceafa7bacca5474e42597173c910
1778,images/test/GAPS384_train_0470_541_641_jpg.rf.115f40de696eca46646979d24aec1da0.jpg,test,gaps384_train_0470_541_641_jpg,96,96,128,f37791e8482f72c77793ec6881eec59f34bd66a9e2608c14fa79006b0b0c708d
1779,images/test/GAPS384_train_0470_541_641_jpg.rf.115f40de696eca46646979d24aec1da0.jpg,test,gaps384_train_0470_541_641_jpg,96,192,128,f37791e8482f72c77793ec6881eec59f34bd66a9e2608c14fa79006b0b0c708d
1780,images/test/GAPS384_train_0472_541_1_jpg.rf.9420a384a773f522cf77ca4b09b818ad.jpg,test,gaps384_train_0472_541_1_jpg,96,96,128,e6c8214659779203f83b34a0aea9d2ae3a7216dd0c859cefd79d0496d487ac19
1781,images/test/GAPS384_train_0472_541_1_jpg.rf.9420a384a773f522cf77ca4b09b818ad.jpg,test,gaps384_train_0472_541_1_jpg,192,96,128,e6c8214659779203f83b34a0aea9d2ae3a7216dd0c859cefd79d0496d487ac19
1782,images/test/GAPS384_train_0506_541_641_jpg.rf.706f9a34935f4e0b32f404cb1a09a392.jpg,test,gaps384_train_0506_541_641_jpg,96,96,128,341c36cfd517dee0af26e1de1eb2dfeb314eefbcbcad8b04a068b9e51907da1f
1783,images/test/GAPS384_train_0506_541_641_jpg.rf.706f9a34935f4e0b32f404cb1a09a392.jpg,test,gaps384_train_0506_541_641_jpg,96,192,128,341c36cfd517dee0af26e1de1eb2dfeb314eefbcbcad8b04a068b9e51907da1f
1784,images/test/GAPS384_train_0513_541_1_jpg.rf.4150d8dbb8c91a00038997af7e852223.jpg,test,gaps384_train_0513_541_1_jpg,96,96,128,63e6735bda7165227c142e13a739f983c5eced4c4abe49e3dd97f086300f1d92
1785,images/test/GAPS384_train_0513_541_1_jpg.rf.4150d8dbb8c91a00038997af7e852223.jpg,test,gaps384_train_0513_541_1_jpg,96,192,128,63e6735bda7165227c142e13a739f983c5eced4c4abe49e3dd97f086300f1d92
1786,images/test/GAPS384_train_0515_541_641_jpg.rf.103517b439b07f29604e1a602ff9cf15.jpg,test,gaps384_train_0515_541_641_jpg,96,96,128,2e2cde9a6185c019aea1abe6fb0c4b0482b3fbe9fa71af88153656425c1b0302
1787,images/test/GAPS384_train_0515_541_641_jpg.rf.103517b439b07f29604e1a602ff9cf15.jpg,test,gaps384_train_0515_541_641_jpg,96,192,128,2e2cde9a6185c019aea1abe6fb0c4b0482b3fbe9fa71af88153656425c1b0302
1788,images/test/GAPS384_train_0528_541_1_jpg.rf.a0408106f0215ae569fcc8a6fdf7f77a.jpg,test,gaps384_train_0528_541_1_jpg,192,96,128,8db6482ca862da6c3fedab7f3be4535c9d729b4c3c07aca82e7ab1f088ce7d29
1789,images/test/GAPS384_train_0528_541_1_jpg.rf.a0408106f0215ae569fcc8a6fdf7f77a.jpg,test,gaps384_train_0528_541_1_jpg,192,192,128,8db6482ca862da6c3fedab7f3be4535c9d729b4c3c07aca82e7ab1f088ce7d29
1790,images/test/GAPS384_train_0534_541_1_jpg.rf.f9f2a61250147990e5b302ebf89971ed.jpg,test,gaps384_train_0534_541_1_jpg,96,192,128,e2fb3407d3a816d519eb21d192f4714b0864ec180fa12d125417f710159dc9f1
1791,images/test/GAPS384_train_0534_541_1_jpg.rf.f9f2a61250147990e5b302ebf89971ed.jpg,test,gaps384_train_0534_541_1_jpg,192,192,128,e2fb3407d3a816d519eb21d192f4714b0864ec180fa12d125417f710159dc9f1
1792,images/test/GAPS384_train_0540_1_641_jpg.rf.b616e58243ca10a0cc6ffc05971ba0c1.jpg,test,gaps384_train_0540_1_641_jpg,96,96,128,c88f0d6d9e79781e438d52d392dc3dc4895c673d1f115cde8f557079a9d1d6e8
1793,images/test/GAPS384_train_0540_1_641_jpg.rf.b616e58243ca10a0cc6ffc05971ba0c1.jpg,test,gaps384_train_0540_1_641_jpg,192,96,128,c88f0d6d9e79781e438d52d392dc3dc4895c673d1f115cde8f557079a9d1d6e8
1794,images/test/GAPS384_train_0540_1_641_jpg.rf.b616e58243ca10a0cc6ffc05971ba0c1.jpg,test,gaps384_train_0540_1_641_jpg,96,192,128,c88f0d6d9e79781e438d52d392dc3dc4895c673d1f115cde8f557079a9d1d6e8
1795,images/test/GAPS384_train_0540_1_641_jpg.rf.b616e58243ca10a0cc6ffc05971ba0c1.jpg,test,gaps384_train_0540_1_641_jpg,192,192,128,c88f0d6d9e79781e438d52d392dc3dc4895c673d1f115cde8f557079a9d1d6e8
1796,images/test/GAPS384_train_0540_541_641_jpg.rf.bad5351a3bcba877d52a4855626e619c.jpg,test,gaps384_train_0540_541_641_jpg,96,96,128,77c433b71e1189f56074999153be3a5c20063763277b74692e265d56477c5fb8
1797,images/test/GAPS384_train_0540_541_641_jpg.rf.bad5351a3bcba877d52a4855626e619c.jpg,test,gaps384_train_0540_541_641_jpg,192,96,128,77c433b71e1189f56074999153be3a5c20063763277b74692e265d56477c5fb8
1798,images/test/GAPS384_train_0540_541_641_jpg.rf.bad5351a3bcba877d52a4855626e619c.jpg,test,gaps384_train_0540_541_641_jpg,96,192,128,77c433b71e1189f56074999153be3a5c20063763277b74692e265d56477c5fb8
1799,images/test/GAPS384_train_0540_541_641_jpg.rf.bad5351a3bcba877d52a4855626e619c.jpg,test,gaps384_train_0540_541_641_jpg,192,192,128,77c433b71e1189f56074999153be3a5c20063763277b74692e265d56477c5fb8
1800,images/test/GAPS384_train_0541_541_1_jpg.rf.cb68b43bef267e0938d98c31ef4043b6.jpg,test,gaps384_train_0541_541_1_jpg,96,96,128,5baf7f0c89e3ff1f2ee11377b9ff627eb930382f240ae50ae68baaf41b107d04
1801,images/test/GAPS384_train_0541_541_1_jpg.rf.cb68b43bef267e0938d98c31ef4043b6.jpg,test,gaps384_train_0541_541_1_jpg,192,96,128,5baf7f0c89e3ff1f2ee11377b9ff627eb930382f240ae50ae68baaf41b107d04
1802,images/test/GAPS384_train_0541_541_1_jpg.rf.cb68b43bef267e0938d98c31ef4043b6.jpg,test,gaps384_train_0541_541_1_jpg,96,192,128,5baf7f0c89e3ff1f2ee11377b9ff627eb930382f240ae50ae68baaf41b107d04
1803,images/test/GAPS384_train_0541_541_1_jpg.rf.cb68b43bef267e0938d98c31ef4043b6.jpg,test,gaps384_train_0541_541_1_jpg,192,192,128,5baf7f0c89e3ff1f2ee11377b9ff627eb930382f240ae50ae68baaf41b107d04
1804,images/test/GAPS384_train_0542_1_1_jpg.rf.366a5848303fe3d4375c0bd8e7a5887a.jpg,test,gaps384_train_0542_1_1_jpg,96,96,128,fa918dc9e3991f796e11868d18f2a3e557fbc1b858671564bd178cffc85417ef
1805,images/test/GAPS384_train_0542_1_1_jpg.rf.366a5848303fe3d4375c0bd8e7a5887a.jpg,test,gaps384_train_0542_1_1_jpg,192,96,128,fa918dc9e3991f796e11868d18f2a3e557fbc1b858671564bd178cffc85417ef
1806,images/test/GAPS384_train_0542_1_1_jpg.rf.366a5848303fe3d4375c0bd8e7a5887a.jpg,test,gaps384_train_0542_1_1_jpg,96,192,128,fa918dc9e3991f796e11868d18f2a3e557fbc1b858671564bd178cffc85417ef
1807,images/test/GAPS384_train_0542_1_1_jpg.rf.366a5848303fe3d4375c0bd8e7a5887a.jpg,test,gaps384_train_0542_1_1_jpg,192,192,128,fa918dc9e3991f796e11868d18f2a3e557fbc1b858671564bd178cffc85417ef
1808,images/test/GAPS384_train_0544_1_1_jpg.rf.4cade2bfe0232b3176ae216e3f8c1964.jpg,test,gaps384_train_0544_1_1_jpg,96,96,128,b5029cbe7b41331ab56dbffabaa832734b29e5d265884e42a51a841c770e7847
1809,images/test/GAPS384_train_0544_1_1_jpg.rf.4cade2bfe0232b3176ae216e3f8c1964.jpg,test,gaps384_train_0544_1_1_jpg,192,96,128,b5029cbe7b41331ab56dbffabaa832734b29e5d265884e42a51a841c770e7847
1810,images/test/GAPS384_train_0544_1_1_jpg.rf.4cade2bfe0232b3176ae216e3f8c1964.jpg,test,gaps384_train_0544_1_1_jpg,96,192,128,b5029cbe7b41331ab56dbffabaa832734b29e5d265884e42a51a841c770e7847
1811,images/test/GAPS384_train_0544_1_1_jpg.rf.4cade2bfe0232b3176ae216e3f8c1964.jpg,test,gaps384_train_0544_1_1_jpg,192,192,128,b5029cbe7b41331ab56dbffabaa832734b29e5d265884e42a51a841c770e7847
1812,images/test/GAPS384_train_0545_1_641_jpg.rf.769cc81b2333b5cc15313b246d7899c5.jpg,test,gaps384_train_0545_1_641_jpg,96,96,128,0a7ef3e3688993e635527e0937adf0e8fd9a325c9e527e0799d2d0728625656b
1813,images/test/GAPS384_train_0545_1_641_jpg.rf.769cc81b2333b5cc15313b246d7899c5.jpg,test,gaps384_train_0545_1_641_jpg,192,96,128,0a7ef3e3688993e635527e0937adf0e8fd9a325c9e527e0799d2d0728625656b
1814,images/test/GAPS384_train_0545_1_641_jpg.rf.769cc81b2333b5cc15313b246d7899c5.jpg,test,gaps384_train_0545_1_641_jpg,96,192,128,0a7ef3e3688993e635527e0937adf0e8fd9a325c9e527e0799d2d0728625656b
1815,images/test/GAPS384_train_0545_1_641_jpg.rf.769cc81b2333b5cc15313b246d7899c5.jpg,test,gaps384_train_0545_1_641_jpg,192,192,128,0a7ef3e3688993e635527e0937adf0e8fd9a325c9e527e0799d2d0728625656b
1816,images/test/GAPS384_train_0545_541_1_jpg.rf.08f706b4d008f359978d5184622621c4.jpg,test,gaps384_train_0545_541_1_jpg,96,96,128,63f72a21b39ccbbc273d8ac866b0960232bf376a7ef1ffac71879d3f01a6decc
1817,images/test/GAPS384_train_0545_541_1_jpg.rf.08f706b4d008f359978d5184622621c4.jpg,test,gaps384_train_0545_541_1_jpg,192,96,128,63f72a21b39ccbbc273d8ac866b0960232bf376a7ef1ffac71879d3f01a6decc
1818,images/test/GAPS384_train_0545_541_1_jpg.rf.08f706b4d008f359978d5184622621c4.jpg,test,gaps384_train_0545_541_1_jpg,96,192,128,63f72a21b39ccbbc273d8ac866b0960232bf376a7ef1ffac71879d3f01a6decc
1819,images/test/GAPS384_train_0545_541_1_jpg.rf.08f706b4d008f359978d5184622621c4.jpg,test,gaps384_train_0545_541_1_jpg,192,192,128,63f72a21b39ccbbc273d8ac866b0960232bf376a7ef1ffac71879d3f01a6decc
1820,images/test/GAPS384_train_0547_541_641_jpg.rf.58837787f1e527e312e634a2a2bd7386.jpg,test,gaps384_train_0547_541_641_jpg,96,96,128,e0529b59041ff134f36cf856defe722faee3306a1c96df5b5f533121405e4db1
1821,images/test/GAPS384_train_0547_541_641_jpg.rf.58837787f1e527e312e634a2a2bd7386.jpg,test,gaps384_train_0547_541_641_jpg,192,96,128,e0529b59041ff134f36cf856defe722faee3306a1c96df5b5f533121405e4db1
1822,images/test/GAPS384_train_0547_541_641_jpg.rf.58837787f1e527e312e634a2a2bd7386.jpg,test,gaps384_train_0547_541_641_jpg,96,192,128,e0529b59041ff134f36cf856defe722faee3306a1c96df5b5f533121405e4db1
1823,images/test/GAPS384_train_0547_541_641_jpg.rf.58837787f1e527e312e634a2a2bd7386.jpg,test,gaps384_train_0547_541_641_jpg,192,192,128,e0529b59041ff134f36cf856defe722faee3306a1c96df5b5f533121405e4db1
1824,images/test/GAPS384_train_0551_1_1_jpg.rf.9a0492836ee5e8e4a5604a6d5369eaf7.jpg,test,gaps384_train_0551_1_1_jpg,96,96,128,345e43a1a19e4c97b502e8f5dad4ad620f1e95dc6175e5a79c1877cda1ed0c55
1825,images/test/GAPS384_train_0551_1_1_jpg.rf.9a0492836ee5e8e4a5604a6d5369eaf7.jpg,test,gaps384_train_0551_1_1_jpg,192,96,128,345e43a1a19e4c97b502e8f5dad4ad620f1e95dc6175e5a79c1877cda1ed0c55
1826,images/test/GAPS384_train_0551_1_1_jpg.rf.9a0492836ee5e8e4a5604a6d5369eaf7.jpg,test,gaps384_train_0551_1_1_jpg,96,192,128,345e43a1a19e4c97b502e8f5dad4ad620f1e95dc6175e5a79c1877cda1ed0c55
1827,images/test/GAPS384_train_0551_1_1_jpg.rf.9a0492836ee5e8e4a5604a6d5369eaf7.jpg,test,gaps384_train_0551_1_1_jpg,192,192,128,345e43a1a19e4c97b502e8f5dad4ad620f1e95dc6175e5a79c1877cda1ed0c55
1828,images/test/GAPS384_train_0551_541_641_jpg.rf.99771fe151533dce5f4db9191fd50384.jpg,test,gaps384_train_0551_541_641_jpg,192,96,128,ccc1490e767c5685a6351e2770b1b675a7fe68fc545e5b00b5ba79c4f51ea961
1829,images/test/GAPS384_train_0551_541_641_jpg.rf.99771fe151533dce5f4db9191fd50384.jpg,test,gaps384_train_0551_541_641_jpg,192,192,128,ccc1490e767c5685a6351e2770b1b675a7fe68fc545e5b00b5ba79c4f51ea961
1830,images/test/GAPS384_train_0552_541_641_jpg.rf.a8328e132aec938986ec37387a6079ab.jpg,test,gaps384_train_0552_541_641_jpg,192,96,128,f335d5dd1b1339963d21807c90ee49baa1630596bcfc140fe8852ce164ca379c
1831,images/test/GAPS384_train_0552_541_641_jpg.rf.a8328e132aec938986ec37387a6079ab.jpg,test,gaps384_train_0552_541_641_jpg,192,192,128,f335d5dd1b1339963d21807c90ee49baa1630596bcfc140fe8852ce164ca379c
1832,images/test/GAPS384_train_0554_541_641_jpg.rf.123dfcd73ba1635661f914f96751ed4a.jpg,test,gaps384_train_0554_541_641_jpg,96,96,128,415dc333b4166d4f0be69e44838781ea386d62c3cae82d08134c8259a9c5fbbd
1833,images/test/GAPS384_train_0554_541_641_jpg.rf.123dfcd73ba1635661f914f96751ed4a.jpg,test,gaps384_train_0554_541_641_jpg,192,96,128,415dc333b4166d4f0be69e44838781ea386d62c3cae82d08134c8259a9c5fbbd
1834,images/test/GAPS384_train_0554_541_641_jpg.rf.123dfcd73ba1635661f914f96751ed4a.jpg,test,gaps384_train_0554_541_641_jpg,96,192,128,415dc333b4166d4f0be69e44838781ea386d62c3cae82d08134c8259a9c5fbbd
1835,images/test/GAPS384_train_0554_541_641_jpg.rf.123dfcd73ba1635661f914f96751ed4a.jpg,test,gaps384_train_0554_541_641_jpg,192,192,128,415dc333b4166d4f0be69e44838781ea386d62c3cae82d08134c8259a9c5fbbd
1836,images/test/GAPS384_train_0557_541_1_jpg.rf.f45d2668001aa9f2500b0fd7cb688372.jpg,test,gaps384_train_0557_541_1_jpg,96,96,128,e4e9aeecc9a24b683c7f9dee10f433bc9a207c5fa8bacdc42d7e5bb34049bd6d
1837,images/test/GAPS384_train_0557_541_1_jpg.rf.f45d2668001aa9f2500b0fd7cb688372.jpg,test,gaps384_train_0557_541_1_jpg,192,96,128,e4e9aeecc9a24b683c7f9dee10f433bc9a207c5fa8bacdc42d7e5bb34049bd6d
1838,images/test/GAPS384_train_0557_541_1_jpg.rf.f45d2668001aa9f2500b0fd7cb688372.jpg,test,gaps384_train_0557_541_1_jpg,96,192,128,e4e9aeecc9a24b683c7f9dee10f433bc9a207c5fa8bacdc42d7e5bb34049bd6d
1839,images/test/GAPS384_train_0557_541_1_jpg.rf.f45d2668001aa9f2500b0fd7cb688372.jpg,test,gaps384_train_0557_541_1_jpg,192,192,128,e4e9aeecc9a24b683c7f9dee10f433bc9a207c5fa8bacdc42d7e5bb34049bd6d
1840,images/test/GAPS384_train_0561_541_641_jpg.rf.e489fd253efd0d18b5ead2f60386ad25.jpg,test,gaps384_train_0561_541_641_jpg,96,96,128,ed8c09ced5a8a8ef178f50b6f125af70fd6834ca996db14a4bad73ed53fbd535
1841,images/test/GAPS384_train_0561_541_641_jpg.rf.e489fd253efd0d18b5ead2f60386ad25.jpg,test,gaps384_train_0561_541_641_jpg,192,96,128,ed8c09ced5a8a8ef178f50b6f125af70fd6834ca996db14a4bad73ed53fbd535
1842,images/test/GAPS384_train_0561_541_641_jpg.rf.e489fd253efd0d18b5ead2f60386ad25.jpg,test,gaps384_train_0561_541_641_jpg,96,192,128,ed8c09ced5a8a8ef178f50b6f125af70fd6834ca996db14a4bad73ed53fbd535
1843,images/test/GAPS384_train_0561_541_641_jpg.rf.e489fd253efd0d18b5ead2f60386ad25.jpg,test,gaps384_train_0561_541_641_jpg,192,192,128,ed8c09ced5a8a8ef178f50b6f125af70fd6834ca996db14a4bad73ed53fbd535
1844,images/test/GAPS384_train_0568_541_641_jpg.rf.d717fcaef459d737eab7d0f8d929ae36.jpg,test,gaps384_train_0568_541_641_jpg,96,96,128,e33d44bf5376dae6b4fe3e89764d0aaff97e1daa1ebd73850fcf44ce94ce64fc
1845,images/test/GAPS384_train_0568_541_641_jpg.rf.d717fcaef459d737eab7d0f8d929ae36.jpg,test,gaps384_train_0568_541_641_jpg,192,96,128,e33d44bf5376dae6b4fe3e89764d0aaff97e1daa1ebd73850fcf44ce94ce64fc
1846,images/test/GAPS384_train_0568_541_641_jpg.rf.d717fcaef459d737eab7d0f8d929ae36.jpg,test,gaps384_train_0568_541_641_jpg,96,192,128,e33d44bf5376dae6b4fe3e89764d0aaff97e1daa1ebd73850fcf44ce94ce64fc
1847,images/test/GAPS384_train_0568_541_641_jpg.rf.d717fcaef459d737eab7d0f8d929ae36.jpg,test,gaps384_train_0568_541_641_jpg,192,192,128,e33d44bf5376dae6b4fe3e89764d0aaff97e1daa1ebd73850fcf44ce94ce64fc
1848,images/test/GAPS384_train_0570_541_1_jpg.rf.1b0f209706e07f18b5bb182a3dfac753.jpg,test,gaps384_train_0570_541_1_jpg,96,96,128,8f6045efa5c1d420050feceb6f0042ad188876235189a910cd08cade8cbd328a
1849,images/test/GAPS384_train_0574_1_1_jpg.rf.ae5dadfb2daca7429f06adf54edfee4d.jpg,test,gaps384_train_0574_1_1_jpg,192,96,128,cbe101b7f104fff4f829fcd534470b1505abc44751c03f47d6f43623690e33c8
1850,images/test/GAPS384_train_0574_1_1_jpg.rf.ae5dadfb2daca7429f06adf54edfee4d.jpg,test,gaps384_train_0574_1_1_jpg,192,192,128,cbe101b7f104fff4f829fcd534470b1505abc44751c03f47d6f43623690e33c8
1851,images/test/GAPS384_train_0575_1_641_jpg.rf.e6d063644ffe5a61ae3dde2164454cf7.jpg,test,gaps384_train_0575_1_641_jpg,192,96,128,c812e7f31cafdc18186bf24029ea2e4b53dbff69120b0fb3d92bd1aa8012b00e
1852,images/test/GAPS384_train_0575_1_641_jpg.rf.e6d063644ffe5a61ae3dde2164454cf7.jpg,test,gaps384_train_0575_1_641_jpg,192,192,128,c812e7f31cafdc18186bf24029ea2e4b53dbff69120b0fb3d92bd1aa8012b00e
1853,images/test/GAPS384_train_0576_1_1_jpg.rf.6ad77015228ce5186ebb48e280c1cae0.jpg,test,gaps384_train_0576_1_1_jpg,192,96,128,86c974e2ad06a6ceb33ca01d0324e1a09f790cada760018e906c355ab757cee0
1854,images/test/GAPS384_train_0576_1_1_jpg.rf.6ad77015228ce5186ebb48e280c1cae0.jpg,test,gaps384_train_0576_1_1_jpg,192,192,128,86c974e2ad06a6ceb33ca01d0324e1a09f790cada760018e906c355ab757cee0
1855,images/test/GAPS384_train_0576_1_641_jpg.rf.740da77e546c899d0ec83a30f60647e7.jpg,test,gaps384_train_0576_1_641_jpg,192,96,128,2b68f5c658cdf286be0737882cc0b77e0417fc30e8bf6ce11235ef7a68cbfb7e
1856,images/test/GAPS384_train_0576_1_641_jpg.rf.740da77e546c899d0ec83a30f60647e7.jpg,test,gaps384_train_0576_1_641_jpg,192,192,128,2b68f5c658cdf286be0737882cc0b77e0417fc30e8bf6ce11235ef7a68cbfb7e
1857,images/test/GAPS384_train_0578_541_1_jpg.rf.90f9ad3c14335a9ac8bb15096190a78d.jpg,test,gaps384_train_0578_541_1_jpg,96,96,128,9eb05c5d23a284b69f997d406e978c069d4dd363f2c801460a3abfbe7315dd0c
1858,images/test/GAPS384_train_0578_541_1_jpg.rf.90f9ad3c14335a9ac8bb15096190a78d.jpg,test,gaps384_train_0578_541_1_jpg,192,96,128,9eb05c5d23a284b69f997d406e978c069d4dd363f2c801460a3abfbe7315dd0c
1859,images/test/GAPS384_train_0578_541_1_jpg.rf.90f9ad3c14335a9ac8bb15096190a78d.jpg,test,gaps384_train_0578_541_1_jpg,96,192,128,9eb05c5d23a284b69f997d406e978c069d4dd363f2c801460a3abfbe7315dd0c
1860,images/test/GAPS384_train_0578_541_1_jpg.rf.90f9ad3c14335a9ac8bb15096190a78d.jpg,test,gaps384_train_0578_541_1_jpg,192,192,128,9eb05c5d23a284b69f997d406e978c069d4dd363f2c801460a3abfbe7315dd0c
1861,images/test/GAPS384_train_0594_1_1_jpg.rf.9906751e80b14fb44f92f8f440bb3227.jpg,test,gaps384_train_0594_1_1_jpg,192,96,128,f0091116234b862bf15213f7f0176d99a307163b69fdf6b0ddd3eccbcbe80605
1862,images/test/GAPS384_train_0594_1_1_jpg.rf.9906751e80b14fb44f92f8f440bb3227.jpg,test,gaps384_train_0594_1_1_jpg,192,192,128,f0091116234b862bf15213f7f0176d99a307163b69fdf6b0ddd3eccbcbe80605
1863,images/test/GAPS384_train_0602_541_641_jpg.rf.ff4fce3f1129fb306b42fdc99df12654.jpg,test,gaps384_train_0602_541_641_jpg,192,96,128,b482335090167c21a9f2a776c60b727388dd1a72787450b5da5abc4ab555de6d
1864,images/test/GAPS384_train_0602_541_641_jpg.rf.ff4fce3f1129fb306b42fdc99df12654.jpg,test,gaps384_train_0602_541_641_jpg,96,192,128,b482335090167c21a9f2a776c60b727388dd1a72787450b5da5abc4ab555de6d
1865,images/test/GAPS384_train_0602_541_641_jpg.rf.ff4fce3f1129fb306b42fdc99df12654.jpg,test,gaps384_train_0602_541_641_jpg,192,192,128,b482335090167c21a9f2a776c60b727388dd1a72787450b5da5abc4ab555de6d
1866,images/test/GAPS384_train_0604_541_1_jpg.rf.0122ac2c5334aee50d26ae654404a0fa.jpg,test,gaps384_train_0604_541_1_jpg,192,96,128,bb7848b35a6e652614b937b2c336df19c40cb6670b3e9215c10fab9e5ca9aa41
1867,images/test/GAPS384_train_0607_541_1_jpg.rf.6510de80c1c3aa6a6fec34de3d46740f.jpg,test,gaps384_train_0607_541_1_jpg,96,96,128,ca07b1fd24300abbab189d67d8cd74ed296718acf5c39f94d7c5e1761acdaf25
1868,images/test/GAPS384_train_0607_541_1_jpg.rf.6510de80c1c3aa6a6fec34de3d46740f.jpg,test,gaps384_train_0607_541_1_jpg,192,96,128,ca07b1fd24300abbab189d67d8cd74ed296718acf5c39f94d7c5e1761acdaf25
1869,images/test/GAPS384_train_0607_541_1_jpg.rf.6510de80c1c3aa6a6fec34de3d46740f.jpg,test,gaps384_train_0607_541_1_jpg,96,192,128,ca07b1fd24300abbab189d67d8cd74ed296718acf5c39f94d7c5e1761acdaf25
1870,images/test/GAPS384_train_0607_541_1_jpg.rf.6510de80c1c3aa6a6fec34de3d46740f.jpg,test,gaps384_train_0607_541_1_jpg,192,192,128,ca07b1fd24300abbab189d67d8cd74ed296718acf5c39f94d7c5e1761acdaf25
1871,images/test/GAPS384_train_0611_541_1_jpg.rf.77624778611a4bcbc14fd0ec541a0b47.jpg,test,gaps384_train_0611_541_1_jpg,96,96,128,8f61ad45069e5e6ffabf34318c507e9506adb2e9250f5a5634a6b2162df30da0
1872,images/test/GAPS384_train_0611_541_1_jpg.rf.77624778611a4bcbc14fd0ec541a0b47.jpg,test,gaps384_train_0611_541_1_jpg,96,192,128,8f61ad45069e5e6ffabf34318c507e9506adb2e9250f5a5634a6b2162df30da0
1873,images/test/GAPS384_train_0621_1_1_jpg.rf.f96c13d658c51f00cea35d9d40d71872.jpg,test,gaps384_train_0621_1_1_jpg,96,96,128,70dbc11d80173d7d0b5463d1cee8f6fcf91c6a58c3bc21df45dcdf0194a15402
1874,images/test/GAPS384_train_0621_1_1_jpg.rf.f96c13d658c51f00cea35d9d40d71872.jpg,test,gaps384_train_0621_1_1_jpg,192,96,128,70dbc11d80173d7d0b5463d1cee8f6fcf91c6a58c3bc21df45dcdf0194a15402
1875,images/test/GAPS384_train_0621_1_1_jpg.rf.f96c13d658c51f00cea35d9d40d71872.jpg,test,gaps384_train_0621_1_1_jpg,96,192,128,70dbc11d80173d7d0b5463d1cee8f6fcf91c6a58c3bc21df45dcdf0194a15402
1876,images/test/GAPS384_train_0621_1_1_jpg.rf.f96c13d658c51f00cea35d9d40d71872.jpg,test,gaps384_train_0621_1_1_jpg,192,192,128,70dbc11d80173d7d0b5463d1cee8f6fcf91c6a58c3bc21df45dcdf0194a15402
1877,images/test/GAPS384_train_0621_541_1_jpg.rf.69d94e88acc7b438e9557bba84714115.jpg,test,gaps384_train_0621_541_1_jpg,96,96,128,a03c808f7faaeff0f5ea51621f0556f67c1e3404e5676cc261b8fc7620f47d12
1878,images/test/GAPS384_train_0621_541_1_jpg.rf.69d94e88acc7b438e9557bba84714115.jpg,test,gaps384_train_0621_541_1_jpg,192,96,128,a03c808f7faaeff0f5ea51621f0556f67c1e3404e5676cc261b8fc7620f47d12
1879,images/test/GAPS384_train_0621_541_1_jpg.rf.69d94e88acc7b438e9557bba84714115.jpg,test,gaps384_train_0621_541_1_jpg,96,192,128,a03c808f7faaeff0f5ea51621f0556f67c1e3404e5676cc261b8fc7620f47d12
1880,images/test/GAPS384_train_0621_541_641_jpg.rf.9bb4a993892fe91a7508e727595e6dc9.jpg,test,gaps384_train_0621_541_641_jpg,96,96,128,968324ab1bbf900c79785a447226a156286a83f86cc1d66f83c80722f9f5c7bf
1881,images/test/GAPS384_train_0621_541_641_jpg.rf.9bb4a993892fe91a7508e727595e6dc9.jpg,test,gaps384_train_0621_541_641_jpg,192,96,128,968324ab1bbf900c79785a447226a156286a83f86cc1d66f83c80722f9f5c7bf
1882,images/test/GAPS384_train_0622_541_641_jpg.rf.884d774ae94d2df437f46a20902c5c1a.jpg,test,gaps384_train_0622_541_641_jpg,192,96,128,d5d38e561683903a4930c4e61adf3a8a3d6cea9499337f2e7265b38f560acea4
1883,images/test/GAPS384_train_0622_541_641_jpg.rf.884d774ae94d2df437f46a20902c5c1a.jpg,test,gaps384_train_0622_541_641_jpg,192,192,128,d5d38e561683903a4930c4e61adf3a8a3d6cea9499337f2e7265b38f560acea4
1884,images/test/GAPS384_train_0623_541_1_jpg.rf.cc6bac1aa5f38cc19fef5dc52dcac131.jpg,test,gaps384_train_0623_541_1_jpg,96,96,128,4e2da28f36ca196fe980f7392374ba802158882fd5a3571f7f600ce94c2323d6
1885,images/test/GAPS384_train_0623_541_1_jpg.rf.cc6bac1aa5f38cc19fef5dc52dcac131.jpg,test,gaps384_train_0623_541_1_jpg,96,192,128,4e2da28f36ca196fe980f7392374ba802158882fd5a3571f7f600ce94c2323d6
1886,images/test/GAPS384_train_0623_541_641_jpg.rf.3716774c4602b3899085811ad6445c0c.jpg,test,gaps384_train_0623_541_641_jpg,96,96,128,de4a261c40d01b1e6747fd3e4f08e52a900c984184c323ccbca3fc6ee8b572d9
1887,images/test/GAPS384_train_0623_541_641_jpg.rf.3716774c4602b3899085811ad6445c0c.jpg,test,gaps384_train_0623_541_641_jpg,192,96,128,de4a261c40d01b1e6747fd3e4f08e52a900c984184c323ccbca3fc6ee8b572d9
1888,images/test/GAPS384_train_0636_541_641_jpg.rf.5f329d9e20d90babfcf0d04f5f0e0c91.jpg,test,gaps384_train_0636_541_641_jpg,192,192,128,77adb4b9f1f75175298582a0fb35f78ea14c84fecd093ea64b2ad0dfbc66ce0f
1889,images/test/GAPS384_train_0642_1_641_jpg.rf.76bb87a73985af21430bc6311ba97631.jpg,test,gaps384_train_0642_1_641_jpg,96,96,128,5617186838acc9d88dfbace99e82ae5b2af61489e766945f4cd557194f3120f2
1890,images/test/GAPS384_train_0642_1_641_jpg.rf.76bb87a73985af21430bc6311ba97631.jpg,test,gaps384_train_0642_1_641_jpg,192,96,128,5617186838acc9d88dfbace99e82ae5b2af61489e766945f4cd557194f3120f2
1891,images/test/GAPS384_train_0643_1_641_jpg.rf.a0c6ee479886cd20cb76ded6ef1c8ea0.jpg,test,gaps384_train_0643_1_641_jpg,192,96,128,7804cd39f4925184d61f42cd98222ad8f34ce26109d1ff3bc5c56aa0ffbe1341
1892,images/test/GAPS384_train_0645_1_1_jpg.rf.1a44a43de9a593c3f5f828f6ab1359c9.jpg,test,gaps384_train_0645_1_1_jpg,96,96,128,5675e5d6822127efc26c73f65fb666ee99d8d8bc18d573e9fdae007710819af3
1893,images/test/GAPS384_train_0645_1_1_jpg.rf.1a44a43de9a593c3f5f828f6ab1359c9.jpg,test,gaps384_train_0645_1_1_jpg,96,192,128,5675e5d6822127efc26c73f65fb666ee99d8d8bc18d573e9fdae007710819af3
1894,images/test/GAPS384_train_0645_1_1_jpg.rf.1a44a43de9a593c3f5f828f6ab1359c9.jpg,test,gaps384_train_0645_1_1_jpg,192,192,128,5675e5d6822127efc26c73f65fb666ee99d8d8bc18d573e9fdae007710819af3
1895,images/test/GAPS384_train_0660_1_1_jpg.rf.98418a9dec82bcc4798633c709936927.jpg,test,gaps384_train_0660_1_1_jpg,192,96,128,44d14c44ee4b58e3b413e0e33c9d90c6a2f9273f3be6d39e256dbd1b4ae53629
1896,images/test/GAPS384_train_0660_1_1_jpg.rf.98418a9dec82bcc4798633c709936927.jpg,test,gaps384_train_0660_1_1_jpg,192,192,128,44d14c44ee4b58e3b413e0e33c9d90c6a2f9273f3be6d39e256dbd1b4ae53629
1897,images/test/GAPS384_train_0660_1_641_jpg.rf.64d336dc1cffbccc8591720a866157d4.jpg,test,gaps384_train_0660_1_641_jpg,192,96,128,ab70d7291c9ca5359c31b1cfd51f6a44f53c8dc24405d4ec95f8d7e959ca9ed5
1898,images/test/GAPS384_train_0660_1_641_jpg.rf.64d336dc1cffbccc8591720a866157d4.jpg,test,gaps384_train_0660_1_641_jpg,192,192,128,ab70d7291c9ca5359c31b1cfd51f6a44f53c8dc24405d4ec95f8d7e959ca9ed5
1899,images/test/GAPS384_train_0662_1_1_jpg.rf.be6d7c8fd5d346289a2b3635d651831f.jpg,test,gaps384_train_0662_1_1_jpg,192,96,128,55ef15915b78bd681ca7dd3a5b103472b861a82beecb9f88dfb0c1cdd0d73423
1900,images/test/GAPS384_train_0662_1_1_jpg.rf.be6d7c8fd5d346289a2b3635d651831f.jpg,test,gaps384_train_0662_1_1_jpg,192,192,128,55ef15915b78bd681ca7dd3a5b103472b861a82beecb9f88dfb0c1cdd0d73423
1901,images/test/GAPS384_train_0670_541_641_jpg.rf.da0421f9d53b9b4c93c1b22792c977bb.jpg,test,gaps384_train_0670_541_641_jpg,96,192,128,814fe0a505a28e8b9685d33de90e3b82cc4cd33872f408a3db1b35a71f5f3d50
1902,images/test/GAPS384_train_0670_541_641_jpg.rf.da0421f9d53b9b4c93c1b22792c977bb.jpg,test,gaps384_train_0670_541_641_jpg,192,192,128,814fe0a505a28e8b9685d33de90e3b82cc4cd33872f408a3db1b35a71f5f3d50
1903,images/test/GAPS384_train_0679_541_1_jpg.rf.7e792526fbe5a9d5186b76a0b2a66454.jpg,test,gaps384_train_0679_541_1_jpg,96,192,128,8d33dec1d597bef400d4b86f9f40d9d118c6682551ce307b47f38665668347e5
1904,images/test/GAPS384_train_0682_541_641_jpg.rf.9072f554afea1c099a8d3001c58c596a.jpg,test,gaps384_train_0682_541_641_jpg,96,96,128,3748801e1af27d30198b8822c5952fcc3e9209489fdea36742464b309addd733
1905,images/test/GAPS384_train_0682_541_641_jpg.rf.9072f554afea1c099a8d3001c58c596a.jpg,test,gaps384_train_0682_541_641_jpg,96,192,128,3748801e1af27d30198b8822c5952fcc3e9209489fdea36742464b309addd733
1906,images/test/GAPS384_train_0692_1_1_jpg.rf.0bd391b4c56a4aeeab46089af0b1f6b2.jpg,test,gaps384_train_0692_1_1_jpg,96,96,128,d34d174f3185c003597a475cbdee25c6924fb99bad43b520dedb6341208b80ae
1907,images/test/GAPS384_train_0692_1_1_jpg.rf.0bd391b4c56a4aeeab46089af0b1f6b2.jpg,test,gaps384_train_0692_1_1_jpg,192,96,128,d34d174f3185c003597a475cbdee25c6924fb99bad43b520dedb6341208b80ae
1908,images/test/GAPS384_train_0695_1_641_jpg.rf.7300110ba22893fa419a3032526aa4d0.jpg,test,gaps384_train_0695_1_641_jpg,96,96,128,d453d2225b4a8d84c5a390b1e38a0697a0ff961b828ebe1050bc2489082e3bab
1909,images/test/GAPS384_train_0695_1_641_jpg.rf.7300110ba22893fa419a3032526aa4d0.jpg,test,gaps384_train_0695_1_641_jpg,96,192,128,d453d2225b4a8d84c5a390b1e38a0697a0ff961b828ebe1050bc2489082e3bab
1910,images/test/GAPS384_train_0696_541_641_jpg.rf.9872bee042407bd3f12cbca3f8bf5218.jpg,test,gaps384_train_0696_541_641_jpg,96,96,128,7465132f3498a5c55a0a1a368a384c882e587b82f5056e9d1c137c6f0b931065
1911,images/test/GAPS384_train_0696_541_641_jpg.rf.9872bee042407bd3f12cbca3f8bf5218.jpg,test,gaps384_train_0696_541_641_jpg,96,192,128,7465132f3498a5c55a0a1a368a384c882e587b82f5056e9d1c137c6f0b931065
1912,images/test/GAPS384_train_0699_1_1_jpg.rf.1d21f857d290c1d370bf6263149430ce.jpg,test,gaps384_train_0699_1_1_jpg,96,96,128,8c020539e5fd78bfcd5697dff1bb5e670880a7c22bcf1df34a04f10ea1d69b1a
1913,images/test/GAPS384_train_0699_1_1_jpg.rf.1d21f857d290c1d370bf6263149430ce.jpg,test,gaps384_train_0699_1_1_jpg,96,192,128,8c020539e5fd78bfcd5697dff1bb5e670880a7c22bcf1df34a04f10ea1d69b1a
1914,images/test/GAPS384_train_0699_1_641_jpg.rf.10534f0fb9022844e3a752ace5fb7b1e.jpg,test,gaps384_train_0699_1_641_jpg,96,96,128,49e18eca724a0904117172ab99115feaf91caf63ca7ecd6b95fe217b2f2c1d5d
1915,images/test/GAPS384_train_0699_1_641_jpg.rf.10534f0fb9022844e3a752ace5fb7b1e.jpg,test,gaps384_train_0699_1_641_jpg,96,192,128,49e18eca724a0904117172ab99115feaf91caf63ca7ecd6b95fe217b2f2c1d5d
1916,images/test/GAPS384_train_0763_541_1_jpg.rf.254bc3f252ddf2abe5119a7110e22e0a.jpg,test,gaps384_train_0763_541_1_jpg,192,96,128,a915036a8a669cbe852b90487d68b96a54b053d56558830725bdaf68ee0e99ad
1917,images/test/GAPS384_train_0763_541_1_jpg.rf.254bc3f252ddf2abe5119a7110e22e0a.jpg,test,gaps384_train_0763_541_1_jpg,192,192,128,a915036a8a669cbe852b90487d68b96a54b053d56558830725bdaf68ee0e99ad
1918,images/test/GAPS384_train_0764_541_641_jpg.rf.bfe7979d5b76c1ee3bf8ed1e3f74e28e.jpg,test,gaps384_train_0764_541_641_jpg,192,96,128,29ee9eb2d45e3930f170daf9dbb4f4dd82d283e4e6c13004be670d5c858aa789
1919,images/test/GAPS384_train_0764_541_641_jpg.rf.bfe7979d5b76c1ee3bf8ed1e3f74e28e.jpg,test,gaps384_train_0764_541_641_jpg,192,192,128,29ee9eb2d45e3930f170daf9dbb4f4dd82d283e4e6c13004be670d5c858aa789
1920,images/test/GAPS384_train_0809_541_641_jpg.rf.90b4aecb281c9edc4bb68e2fc604207a.jpg,test,gaps384_train_0809_541_641_jpg,192,96,128,793aa22bf9edd2b36921fd82e54797593017a574e9a16db587d0a0d555ba3773
1921,images/test/GAPS384_train_0809_541_641_jpg.rf.90b4aecb281c9edc4bb68e2fc604207a.jpg,test,gaps384_train_0809_541_641_jpg,192,192,128,793aa22bf9edd2b36921fd82e54797593017a574e9a16db587d0a0d555ba3773
1922,images/test/GAPS384_train_0908_541_1_jpg.rf.4914c05a6833e1b6d27e5ffa616de4ab.jpg,test,gaps384_train_0908_541_1_jpg,96,96,128,5ba43c7fc6a815979f0cc6507670d1831ef27ee4d73dc06a25af0c3cf350fb39
1923,images/test/GAPS384_train_0908_541_1_jpg.rf.4914c05a6833e1b6d27e5ffa616de4ab.jpg,test,gaps384_train_0908_541_1_jpg,96,192,128,5ba43c7fc6a815979f0cc6507670d1831ef27ee4d73dc06a25af0c3cf350fb39
1924,images/test/GAPS384_train_0935_541_1_jpg.rf.62b00980d79f0584c2eeaf29b237442c.jpg,test,gaps384_train_0935_541_1_jpg,96,96,128,9109e9a0c721b2b3aa37b5536b3a1c92ec4c0aace02ea92a26fada5865dcd678
1925,images/test/GAPS384_train_0935_541_1_jpg.rf.62b00980d79f0584c2eeaf29b237442c.jpg,test,gaps384_train_0935_541_1_jpg,192,96,128,9109e9a0c721b2b3aa37b5536b3a1c92ec4c0aace02ea92a26fada5865dcd678
1926,images/test/GAPS384_train_0935_541_1_jpg.rf.62b00980d79f0584c2eeaf29b237442c.jpg,test,gaps384_train_0935_541_1_jpg,96,192,128,9109e9a0c721b2b3aa37b5536b3a1c92ec4c0aace02ea92a26fada5865dcd678
1927,images/test/GAPS384_train_0935_541_1_jpg.rf.62b00980d79f0584c2eeaf29b237442c.jpg,test,gaps384_train_0935_541_1_jpg,192,192,128,9109e9a0c721b2b3aa37b5536b3a1c92ec4c0aace02ea92a26fada5865dcd678
1928,images/test/GAPS384_train_0936_541_1_jpg.rf.ca76d3e7ee9d0ab203e8a948ee4c0449.jpg,test,gaps384_train_0936_541_1_jpg,96,96,128,c7d572a0bf7fb25ef6d6e00207f55dcb5816b0e55b7b6fb843fe35bb9a0e668d
1929,images/test/GAPS384_train_0936_541_1_jpg.rf.ca76d3e7ee9d0ab203e8a948ee4c0449.jpg,test,gaps384_train_0936_541_1_jpg,192,96,128,c7d572a0bf7fb25ef6d6e00207f55dcb5816b0e55b7b6fb843fe35bb9a0e668d
1930,images/test/GAPS384_train_0936_541_1_jpg.rf.ca76d3e7ee9d0ab203e8a948ee4c0449.jpg,test,gaps384_train_0936_541_1_jpg,96,192,128,c7d572a0bf7fb25ef6d6e00207f55dcb5816b0e55b7b6fb843fe35bb9a0e668d
1931,images/test/GAPS384_train_0936_541_1_jpg.rf.ca76d3e7ee9d0ab203e8a948ee4c0449.jpg,test,gaps384_train_0936_541_1_jpg,192,192,128,c7d572a0bf7fb25ef6d6e00207f55dcb5816b0e55b7b6fb843fe35bb9a0e668d
1932,images/test/GAPS384_train_0936_541_641_jpg.rf.ffe76a605ba777cbc293cce9a3bb3558.jpg,test,gaps384_train_0936_541_641_jpg,96,96,128,4d4ef5237dc9accf841ffb57792cdf89105e1a346c65177bd9dfe93ffb2f4652
1933,images/test/GAPS384_train_0936_541_641_jpg.rf.ffe76a605ba777cbc293cce9a3bb3558.jpg,test,gaps384_train_0936_541_641_jpg,192,96,128,4d4ef5237dc9accf841ffb57792cdf89105e1a346c65177bd9dfe93ffb2f4652
1934,images/test/GAPS384_train_0936_541_641_jpg.rf.ffe76a605ba777cbc293cce9a3bb3558.jpg,test,gaps384_train_0936_541_641_jpg,96,192,128,4d4ef5237dc9accf841ffb57792cdf89105e1a346c65177bd9dfe93ffb2f4652
1935,images/test/GAPS384_train_0936_541_641_jpg.rf.ffe76a605ba777cbc293cce9a3bb3558.jpg,test,gaps384_train_0936_541_641_jpg,192,192,128,4d4ef5237dc9accf841ffb57792cdf89105e1a346c65177bd9dfe93ffb2f4652
1936,images/test/GAPS384_train_0942_1_1_jpg.rf.f2f284c7e74e8245fa2e4365941a8a21.jpg,test,gaps384_train_0942_1_1_jpg,96,96,128,f9372839933f2c4d979b4d6fa906d11760be600afd6567213d696cd2748d2563
1937,images/test/GAPS384_train_0942_1_1_jpg.rf.f2f284c7e74e8245fa2e4365941a8a21.jpg,test,gaps384_train_0942_1_1_jpg,192,96,128,f9372839933f2c4d979b4d6fa906d11760be600afd6567213d696cd2748d2563
1938,images/test/GAPS384_train_0942_1_1_jpg.rf.f2f284c7e74e8245fa2e4365941a8a21.jpg,test,gaps384_train_0942_1_1_jpg,96,192,128,f9372839933f2c4d979b4d6fa906d11760be600afd6567213d696cd2748d2563
1939,images/test/GAPS384_train_0942_1_1_jpg.rf.f2f284c7e74e8245fa2e4365941a8a21.jpg,test,gaps384_train_0942_1_1_jpg,192,192,128,f9372839933f2c4d979b4d6fa906d11760be600afd6567213d696cd2748d2563
1940,images/test/GAPS384_train_0960_1_1_jpg.rf.9a059956d3a5ee8b2a28e563c97cebed.jpg,test,gaps384_train_0960_1_1_jpg,96,96,128,d01bff57a1b1fd1d5a09361903c2433a36e70b548d81e92075a7582e73520164
1941,images/test/GAPS384_train_0960_1_1_jpg.rf.9a059956d3a5ee8b2a28e563c97cebed.jpg,test,gaps384_train_0960_1_1_jpg,96,192,128,d01bff57a1b1fd1d5a09361903c2433a36e70b548d81e92075a7582e73520164
1942,images/test/GAPS384_train_0960_1_641_jpg.rf.15b02668ab583fb4fd61f3d6a92427ca.jpg,test,gaps384_train_0960_1_641_jpg,96,96,128,26b6b57980453861eca67ca38299935004736bd8a891d2bf8e76bf0f09ab16c4
1943,images/test/GAPS384_train_0960_1_641_jpg.rf.15b02668ab583fb4fd61f3d6a92427ca.jpg,test,gaps384_train_0960_1_641_jpg,96,192,128,26b6b57980453861eca67ca38299935004736bd8a891d2bf8e76bf0f09ab16c4
1944,images/test/GAPS384_train_0960_1_641_jpg.rf.15b02668ab583fb4fd61f3d6a92427ca.jpg,test,gaps384_train_0960_1_641_jpg,192,192,128,26b6b57980453861eca67ca38299935004736bd8a891d2bf8e76bf0f09ab16c4
1945,images/test/GAPS384_train_0986_1_1_jpg.rf.3f6c628647bd57efd5d64ebf9acbf408.jpg,test,gaps384_train_0986_1_1_jpg,96,192,128,3d2af4c3fefce13dd8f679a31d0b0bbc9aaec9fb617a7774fa91ccd05b244a59
1946,images/test/GAPS384_train_0986_1_1_jpg.rf.3f6c628647bd57efd5d64ebf9acbf408.jpg,test,gaps384_train_0986_1_1_jpg,192,192,128,3d2af4c3fefce13dd8f679a31d0b0bbc9aaec9fb617a7774fa91ccd05b244a59
1947,images/test/GAPS384_train_0986_541_1_jpg.rf.57859f7bd55b6ba9e7fbeb8b9ebcabf5.jpg,test,gaps384_train_0986_541_1_jpg,192,96,128,e3311ed7bb23069e52a11fa67b756c7b3ef7d74c872450dce990a6e2dda7edda
1948,images/test/GAPS384_train_0986_541_1_jpg.rf.57859f7bd55b6ba9e7fbeb8b9ebcabf5.jpg,test,gaps384_train_0986_541_1_jpg,96,192,128,e3311ed7bb23069e52a11fa67b756c7b3ef7d74c872450dce990a6e2dda7edda
1949,images/test/GAPS384_train_0986_541_1_jpg.rf.57859f7bd55b6ba9e7fbeb8b9ebcabf5.jpg,test,gaps384_train_0986_541_1_jpg,192,192,128,e3311ed7bb23069e52a11fa67b756c7b3ef7d74c872450dce990a6e2dda7edda
1950,images/test/GAPS384_train_0987_541_641_jpg.rf.e71fe10de070330b87b6ae922ec5f0d1.jpg,test,gaps384_train_0987_541_641_jpg,96,96,128,5e62fc0250f777b6b1eed8795686f36220251fcfed8b1e17c517d5f959fc449d
1951,images/test/GAPS384_train_0987_541_641_jpg.rf.e71fe10de070330b87b6ae922ec5f0d1.jpg,test,gaps384_train_0987_541_641_jpg,192,96,128,5e62fc0250f777b6b1eed8795686f36220251fcfed8b1e17c517d5f959fc449d
1952,images/test/GAPS384_train_0987_541_641_jpg.rf.e71fe10de070330b87b6ae922ec5f0d1.jpg,test,gaps384_train_0987_541_641_jpg,96,192,128,5e62fc0250f777b6b1eed8795686f36220251fcfed8b1e17c517d5f959fc449d
1953,images/test/GAPS384_train_0987_541_641_jpg.rf.e71fe10de070330b87b6ae922ec5f0d1.jpg,test,gaps384_train_0987_541_641_jpg,192,192,128,5e62fc0250f777b6b1eed8795686f36220251fcfed8b1e17c517d5f959fc449d
1954,images/test/GAPS384_train_0995_1_1_jpg.rf.d363b26043489dacb5373dce685b3a2d.jpg,test,gaps384_train_0995_1_1_jpg,192,96,128,f632ff4b5a93b6c294acb1cf0c52082b73036feae373a756af7838df2118d3b5
1955,images/test/GAPS384_train_0995_1_1_jpg.rf.d363b26043489dacb5373dce685b3a2d.jpg,test,gaps384_train_0995_1_1_jpg,192,192,128,f632ff4b5a93b6c294acb1cf0c52082b73036feae373a756af7838df2118d3b5
1956,images/test/GAPS384_train_1013_1_641_jpg.rf.0379e455c2c4fad4b94c86d442e31247.jpg,test,gaps384_train_1013_1_641_jpg,96,96,128,2d9a77326197b0711c9b87b422754e1505d4433fb694672139db88432e01700a
1957,images/test/GAPS384_train_1013_1_641_jpg.rf.0379e455c2c4fad4b94c86d442e31247.jpg,test,gaps384_train_1013_1_641_jpg,96,192,128,2d9a77326197b0711c9b87b422754e1505d4433fb694672139db88432e01700a
1958,images/test/GAPS384_train_1014_1_1_jpg.rf.f2d83666fefc7a4d434e232ce1176be1.jpg,test,gaps384_train_1014_1_1_jpg,96,96,128,73f57a784293349603b6290119b14c46d292e0385b5aae79b7bb79ff48a5fcb6
1959,images/test/GAPS384_train_1014_1_1_jpg.rf.f2d83666fefc7a4d434e232ce1176be1.jpg,test,gaps384_train_1014_1_1_jpg,96,192,128,73f57a784293349603b6290119b14c46d292e0385b5aae79b7bb79ff48a5fcb6
1960,images/test/GAPS384_train_1016_1_1_jpg.rf.77d0a31dd6cab8b2107e824770d8fe71.jpg,test,gaps384_train_1016_1_1_jpg,96,96,128,dc55f7858baac21d38fd1863937b9125069c1da87ab15ebbba7966a2ecbe11f8
1961,images/test/GAPS384_train_1016_1_1_jpg.rf.77d0a31dd6cab8b2107e824770d8fe71.jpg,test,gaps384_train_1016_1_1_jpg,192,96,128,dc55f7858baac21d38fd1863937b9125069c1da87ab15ebbba7966a2ecbe11f8
1962,images/test/GAPS384_train_1016_1_1_jpg.rf.77d0a31dd6cab8b2107e824770d8fe71.jpg,test,gaps384_train_1016_1_1_jpg,96,192,128,dc55f7858baac21d38fd1863937b9125069c1da87ab15ebbba7966a2ecbe11f8
1963,images/test/GAPS384_train_1016_1_1_jpg.rf.77d0a31dd6cab8b2107e824770d8fe71.jpg,test,gaps384_train_1016_1_1_jpg,192,192,128,dc55f7858baac21d38fd1863937b9125069c1da87ab15ebbba7966a2ecbe11f8
1964,images/test/GAPS384_train_1018_1_1_jpg.rf.e3a7eb45241b20492d9ac5055fcf803a.jpg,test,gaps384_train_1018_1_1_jpg,96,192,128,b101de2e8f4fb0cca29f5a47a1ab0f02a6db4e9f40507e4179e735cff8b4a6c0
1965,images/test/GAPS384_train_1018_1_1_jpg.rf.e3a7eb45241b20492d9ac5055fcf803a.jpg,test,gaps384_train_1018_1_1_jpg,192,192,128,b101de2e8f4fb0cca29f5a47a1ab0f02a6db4e9f40507e4179e735cff8b4a6c0
1966,images/test/GAPS384_train_1022_541_1_jpg.rf.f4375bbf9672a6a318be8b1b303f6899.jpg,test,gaps384_train_1022_541_1_jpg,96,96,128,c99f683007e96d37e8d8315e558899cd16e05e2b47cfec903663a1cf133d5133
1967,images/test/GAPS384_train_1022_541_1_jpg.rf.f4375bbf9672a6a318be8b1b303f6899.jpg,test,gaps384_train_1022_541_1_jpg,192,96,128,c99f683007e96d37e8d8315e558899cd16e05e2b47cfec903663a1cf133d5133
1968,images/test/GAPS384_train_1022_541_1_jpg.rf.f4375bbf9672a6a318be8b1b303f6899.jpg,test,gaps384_train_1022_541_1_jpg,96,192,128,c99f683007e96d37e8d8315e558899cd16e05e2b47cfec903663a1cf133d5133
1969,images/test/GAPS384_train_1022_541_1_jpg.rf.f4375bbf9672a6a318be8b1b303f6899.jpg,test,gaps384_train_1022_541_1_jpg,192,192,128,c99f683007e96d37e8d8315e558899cd16e05e2b47cfec903663a1cf133d5133
1970,images/test/GAPS384_train_1048_1_641_jpg.rf.db5a6b6aefd0319becadefcb75dd1fe0.jpg,test,gaps384_train_1048_1_641_jpg,96,96,128,9f494118ff979848f14a4fc81fe485fa166775b4a7cd7e2276d5c728f5254131
1971,images/test/GAPS384_train_1048_1_641_jpg.rf.db5a6b6aefd0319becadefcb75dd1fe0.jpg,test,gaps384_train_1048_1_641_jpg,192,96,128,9f494118ff979848f14a4fc81fe485fa166775b4a7cd7e2276d5c728f5254131
1972,images/test/GAPS384_train_1048_1_641_jpg.rf.db5a6b6aefd0319becadefcb75dd1fe0.jpg,test,gaps384_train_1048_1_641_jpg,96,192,128,9f494118ff979848f14a4fc81fe485fa166775b4a7cd7e2276d5c728f5254131
1973,images/test/GAPS384_train_1048_1_641_jpg.rf.db5a6b6aefd0319becadefcb75dd1fe0.jpg,test,gaps384_train_1048_1_641_jpg,192,192,128,9f494118ff979848f14a4fc81fe485fa166775b4a7cd7e2276d5c728f5254131
1974,images/test/GAPS384_train_1053_1_1_jpg.rf.f1a75dcd9b5190d6640262c09b96ba32.jpg,test,gaps384_train_1053_1_1_jpg,96,96,128,90f0d06c58af8bc6d31be8a8982cceab18603241452b3031f5aa799080621896
1975,images/test/GAPS384_train_1053_1_1_jpg.rf.f1a75dcd9b5190d6640262c09b96ba32.jpg,test,gaps384_train_1053_1_1_jpg,96,192,128,90f0d06c58af8bc6d31be8a8982cceab18603241452b3031f5aa799080621896
1976,images/test/GAPS384_train_1085_541_641_jpg.rf.413965fdbf157f77210c728c073cbed6.jpg,test,gaps384_train_1085_541_641_jpg,96,96,128,4681ca4bc1b61417c4ccecc42dd43a193879401f5396242c470a7fbbf52800ce
1977,images/test/GAPS384_train_1085_541_641_jpg.rf.413965fdbf157f77210c728c073cbed6.jpg,test,gaps384_train_1085_541_641_jpg,192,96,128,4681ca4bc1b61417c4ccecc42dd43a193879401f5396242c470a7fbbf52800ce
1978,images/test/GAPS384_train_1085_541_641_jpg.rf.413965fdbf157f77210c728c073cbed6.jpg,test,gaps384_train_1085_541_641_jpg,96,192,128,4681ca4bc1b61417c4ccecc42dd43a193879401f5396242c470a7fbbf52800ce
1979,images/test/GAPS384_train_1085_541_641_jpg.rf.413965fdbf157f77210c728c073cbed6.jpg,test,gaps384_train_1085_541_641_jpg,192,192,128,4681ca4bc1b61417c4ccecc42dd43a193879401f5396242c470a7fbbf52800ce
1980,images/test/GAPS384_train_1091_1_1_jpg.rf.d7f949ca7df1c0e8eedd70699727582e.jpg,test,gaps384_train_1091_1_1_jpg,96,96,128,5e2d59c92422c889a03698fe8fa299efad7340449584ffb99e02be93997b066f
1981,images/test/GAPS384_train_1091_1_1_jpg.rf.d7f949ca7df1c0e8eedd70699727582e.jpg,test,gaps384_train_1091_1_1_jpg,192,96,128,5e2d59c92422c889a03698fe8fa299efad7340449584ffb99e02be93997b066f
1982,images/test/GAPS384_train_1091_1_1_jpg.rf.d7f949ca7df1c0e8eedd70699727582e.jpg,test,gaps384_train_1091_1_1_jpg,96,192,128,5e2d59c92422c889a03698fe8fa299efad7340449584ffb99e02be93997b066f
1983,images/test/GAPS384_train_1091_1_1_jpg.rf.d7f949ca7df1c0e8eedd70699727582e.jpg,test,gaps384_train_1091_1_1_jpg,192,192,128,5e2d59c92422c889a03698fe8fa299efad7340449584ffb99e02be93997b066f
1984,images/test/GAPS384_train_1092_541_1_jpg.rf.1e2a1171296d9900def2617e0e1a6cd9.jpg,test,gaps384_train_1092_541_1_jpg,96,96,128,13a2b676627b1f9a0fd79e4db8df61b11cd714719096800f7a783389d7e3f6d4
1985,images/test/GAPS384_train_1092_541_1_jpg.rf.1e2a1171296d9900def2617e0e1a6cd9.jpg,test,gaps384_train_1092_541_1_jpg,192,96,128,13a2b676627b1f9a0fd79e4db8df61b11cd714719096800f7a783389d7e3f6d4
1986,images/test/GAPS384_train_1092_541_1_jpg.rf.1e2a1171296d9900def2617e0e1a6cd9.jpg,test,gaps384_train_1092_541_1_jpg,96,192,128,13a2b676627b1f9a0fd79e4db8df61b11cd714719096800f7a783389d7e3f6d4
1987,images/test/GAPS384_train_1092_541_1_jpg.rf.1e2a1171296d9900def2617e0e1a6cd9.jpg,test,gaps384_train_1092_541_1_jpg,192,192,128,13a2b676627b1f9a0fd79e4db8df61b11cd714719096800f7a783389d7e3f6d4
1988,images/test/GAPS384_train_1092_541_641_jpg.rf.2148f823fd042e4ec362ca3a3962851b.jpg,test,gaps384_train_1092_541_641_jpg,96,96,128,a5c42f4fec7a67ac2aa5ce3ad15ada121009b7abf661da4232b83f410e0091fb
1989,images/test/GAPS384_train_1092_541_641_jpg.rf.2148f823fd042e4ec362ca3a3962851b.jpg,test,gaps384_train_1092_541_641_jpg,192,96,128,a5c42f4fec7a67ac2aa5ce3ad15ada121009b7abf661da4232b83f410e0091fb
1990,images/test/GAPS384_train_1092_541_641_jpg.rf.2148f823fd042e4ec362ca3a3962851b.jpg,test,gaps384_train_1092_541_641_jpg,96,192,128,a5c42f4fec7a67ac2aa5ce3ad15ada121009b7abf661da4232b83f410e0091fb
1991,images/test/GAPS384_train_1092_541_641_jpg.rf.2148f823fd042e4ec362ca3a3962851b.jpg,test,gaps384_train_1092_541_641_jpg,192,192,128,a5c42f4fec7a67ac2aa5ce3ad15ada121009b7abf661da4232b83f410e0091fb
1992,images/test/GAPS384_train_1110_541_1_jpg.rf.5ad054a781d5db59ad2c1ff66e913f6e.jpg,test,gaps384_train_1110_541_1_jpg,96,96,128,56057849a1eb59f49fe95a8827212381aabbb2bc007ba7289d534a6a3e79e393
1993,images/test/GAPS384_train_1110_541_1_jpg.rf.5ad054a781d5db59ad2c1ff66e913f6e.jpg,test,gaps384_train_1110_541_1_jpg,192,96,128,56057849a1eb59f49fe95a8827212381aabbb2bc007ba7289d534a6a3e79e393
1994,images/test/GAPS384_train_1110_541_1_jpg.rf.5ad054a781d5db59ad2c1ff66e913f6e.jpg,test,gaps384_train_1110_541_1_jpg,96,192,128,56057849a1eb59f49fe95a8827212381aabbb2bc007ba7289d534a6a3e79e393
1995,images/test/GAPS384_train_1110_541_1_jpg.rf.5ad054a781d5db59ad2c1ff66e913f6e.jpg,test,gaps384_train_1110_541_1_jpg,192,192,128,56057849a1eb59f49fe95a8827212381aabbb2bc007ba7289d534a6a3e79e393
1996,images/test/GAPS384_train_1117_1_641_jpg.rf.054dd89fc8176da98f2fd2aff5269375.jpg,test,gaps384_train_1117_1_641_jpg,96,96,128,1d5baa30fd345561815df76660733247c3f87697363972347a2c23ab4c77e0a0
1997,images/test/GAPS384_train_1117_1_641_jpg.rf.054dd89fc8176da98f2fd2aff5269375.jpg,test,gaps384_train_1117_1_641_jpg,96,192,128,1d5baa30fd345561815df76660733247c3f87697363972347a2c23ab4c77e0a0
1998,images/test/GAPS384_train_1120_1_641_jpg.rf.06adcb4e0d7d1d47c2c8cbcdac609932.jpg,test,gaps384_train_1120_1_641_jpg,96,96,128,2fe1ff1ccd9bff5160c1c4eadf78a54803471c031eae2760b8d356e87154aded
1999,images/test/GAPS384_train_1120_1_641_jpg.rf.06adcb4e0d7d1d47c2c8cbcdac609932.jpg,test,gaps384_train_1120_1_641_jpg,192,96,128,2fe1ff1ccd9bff5160c1c4eadf78a54803471c031eae2760b8d356e87154aded
2000,images/test/GAPS384_train_1127_541_1_jpg.rf.7dd25d3c2da21753b48db2f4acb3666e.jpg,test,gaps384_train_1127_541_1_jpg,96,192,128,175fb0cd004a159d11659cce94a52b4e266b87385284a1fba5559265cb2c3a23
2001,images/test/GAPS384_train_1127_541_1_jpg.rf.7dd25d3c2da21753b48db2f4acb3666e.jpg,test,gaps384_train_1127_541_1_jpg,192,192,128,175fb0cd004a159d11659cce94a52b4e266b87385284a1fba5559265cb2c3a23
2002,images/test/GAPS384_train_1169_541_641_jpg.rf.7c04d2cdd3ca1a05ee46f7181491c187.jpg,test,gaps384_train_1169_541_641_jpg,192,96,128,3dcb68b864607b6311760c45d18fd519bf82db1e079e753ad7ae47e61077ded5
2003,images/test/GAPS384_train_1169_541_641_jpg.rf.7c04d2cdd3ca1a05ee46f7181491c187.jpg,test,gaps384_train_1169_541_641_jpg,192,192,128,3dcb68b864607b6311760c45d18fd519bf82db1e079e753ad7ae47e61077ded5
2004,images/test/GAPS384_train_1171_541_1_jpg.rf.14030fa5a8aeda5fceae8873ea8fdf42.jpg,test,gaps384_train_1171_541_1_jpg,192,96,128,f231f92a77f95b29d4a5d93c7165bdc957a0348383f322d88fbe8728556b3eda
2005,images/test/GAPS384_train_1171_541_1_jpg.rf.14030fa5a8aeda5fceae8873ea8fdf42.jpg,test,gaps384_train_1171_541_1_jpg,192,192,128,f231f92a77f95b29d4a5d93c7165bdc957a0348383f322d88fbe8728556b3eda
2006,images/test/GAPS384_train_1172_541_1_jpg.rf.49b68682f48d8621385b42c075dacef0.jpg,test,gaps384_train_1172_541_1_jpg,192,96,128,7c3518706a9594e3b2b459ca12164c42a12abd4b15df57b181775234c2cb9889
2007,images/test/GAPS384_train_1172_541_1_jpg.rf.49b68682f48d8621385b42c075dacef0.jpg,test,gaps384_train_1172_541_1_jpg,192,192,128,7c3518706a9594e3b2b459ca12164c42a12abd4b15df57b181775234c2cb9889
2008,images/test/GAPS384_train_1174_541_641_jpg.rf.249b39331907803b6516cae5852e394a.jpg,test,gaps384_train_1174_541_641_jpg,192,96,128,acdda369d4640b5ac810f48bcbd65042e5d2a7280321b1c20243674c082fc1e0
2009,images/test/GAPS384_train_1174_541_641_jpg.rf.249b39331907803b6516cae5852e394a.jpg,test,gaps384_train_1174_541_641_jpg,192,192,128,acdda369d4640b5ac810f48bcbd65042e5d2a7280321b1c20243674c082fc1e0
2010,images/test/GAPS384_train_1175_541_1_jpg.rf.549a146362f13a9cd1481231aa102610.jpg,test,gaps384_train_1175_541_1_jpg,96,96,128,6db9bcba596d287db36d8af0592d9892ade7874275b88a7106d40d6ebf88e3cf
2011,images/test/GAPS384_train_1175_541_1_jpg.rf.549a146362f13a9cd1481231aa102610.jpg,test,gaps384_train_1175_541_1_jpg,192,96,128,6db9bcba596d287db36d8af0592d9892ade7874275b88a7106d40d6ebf88e3cf
2012,images/test/GAPS384_train_1175_541_1_jpg.rf.549a146362f13a9cd1481231aa102610.jpg,test,gaps384_train_1175_541_1_jpg,96,192,128,6db9bcba596d287db36d8af0592d9892ade7874275b88a7106d40d6ebf88e3cf
2013,images/test/GAPS384_train_1175_541_1_jpg.rf.549a146362f13a9cd1481231aa102610.jpg,test,gaps384_train_1175_541_1_jpg,192,192,128,6db9bcba596d287db36d8af0592d9892ade7874275b88a7106d40d6ebf88e3cf
2014,images/test/GAPS384_train_1175_541_641_jpg.rf.a80a9e9fb52f4a5a03ffa24839fe7b16.jpg,test,gaps384_train_1175_541_641_jpg,96,96,128,e4b9a7ffdd8f1ad2b13fca71aec156e11fac0421463355f88bccce69b48244b8
2015,images/test/GAPS384_train_1175_541_641_jpg.rf.a80a9e9fb52f4a5a03ffa24839fe7b16.jpg,test,gaps384_train_1175_541_641_jpg,192,96,128,e4b9a7ffdd8f1ad2b13fca71aec156e11fac0421463355f88bccce69b48244b8
2016,images/test/GAPS384_train_1175_541_641_jpg.rf.a80a9e9fb52f4a5a03ffa24839fe7b16.jpg,test,gaps384_train_1175_541_641_jpg,96,192,128,e4b9a7ffdd8f1ad2b13fca71aec156e11fac0421463355f88bccce69b48244b8
2017,images/test/GAPS384_train_1175_541_641_jpg.rf.a80a9e9fb52f4a5a03ffa24839fe7b16.jpg,test,gaps384_train_1175_541_641_jpg,192,192,128,e4b9a7ffdd8f1ad2b13fca71aec156e11fac0421463355f88bccce69b48244b8
2018,images/test/GAPS384_train_1177_541_1_jpg.rf.e683a7dc07f754e965adb6d84fcec744.jpg,test,gaps384_train_1177_541_1_jpg,96,96,128,12f0eef471ca1084427bae0f033fcd4140c09c4a7faca6e9f390886a284f231f
2019,images/test/GAPS384_train_1177_541_1_jpg.rf.e683a7dc07f754e965adb6d84fcec744.jpg,test,gaps384_train_1177_541_1_jpg,192,96,128,12f0eef471ca1084427bae0f033fcd4140c09c4a7faca6e9f390886a284f231f
2020,images/test/GAPS384_train_1177_541_1_jpg.rf.e683a7dc07f754e965adb6d84fcec744.jpg,test,gaps384_train_1177_541_1_jpg,96,192,128,12f0eef471ca1084427bae0f033fcd4140c09c4a7faca6e9f390886a284f231f
2021,images/test/GAPS384_train_1177_541_1_jpg.rf.e683a7dc07f754e965adb6d84fcec744.jpg,test,gaps384_train_1177_541_1_jpg,192,192,128,12f0eef471ca1084427bae0f033fcd4140c09c4a7faca6e9f390886a284f231f
2022,images/test/GAPS384_train_1181_541_1_jpg.rf.db909cfed348de65023ab93a528b6330.jpg,test,gaps384_train_1181_541_1_jpg,96,96,128,40d98d3a6af9cb7dae640fd2352f72ac46b12ad538f930da629c7195302d9b87
2023,images/test/GAPS384_train_1181_541_1_jpg.rf.db909cfed348de65023ab93a528b6330.jpg,test,gaps384_train_1181_541_1_jpg,192,96,128,40d98d3a6af9cb7dae640fd2352f72ac46b12ad538f930da629c7195302d9b87
2024,images/test/GAPS384_train_1181_541_1_jpg.rf.db909cfed348de65023ab93a528b6330.jpg,test,gaps384_train_1181_541_1_jpg,96,192,128,40d98d3a6af9cb7dae640fd2352f72ac46b12ad538f930da629c7195302d9b87
2025,images/test/GAPS384_train_1181_541_1_jpg.rf.db909cfed348de65023ab93a528b6330.jpg,test,gaps384_train_1181_541_1_jpg,192,192,128,40d98d3a6af9cb7dae640fd2352f72ac46b12ad538f930da629c7195302d9b87
2026,images/test/GAPS384_train_1182_541_1_jpg.rf.342b494baeb512148d0aa13e1135c84e.jpg,test,gaps384_train_1182_541_1_jpg,96,96,128,db8faf6997e2b83dfff4b8c37df5cca3aa6e1e6c44cfd226ae56f0c6d7558236
2027,images/test/GAPS384_train_1182_541_1_jpg.rf.342b494baeb512148d0aa13e1135c84e.jpg,test,gaps384_train_1182_541_1_jpg,192,96,128,db8faf6997e2b83dfff4b8c37df5cca3aa6e1e6c44cfd226ae56f0c6d7558236
2028,images/test/GAPS384_train_1182_541_1_jpg.rf.342b494baeb512148d0aa13e1135c84e.jpg,test,gaps384_train_1182_541_1_jpg,96,192,128,db8faf6997e2b83dfff4b8c37df5cca3aa6e1e6c44cfd226ae56f0c6d7558236
2029,images/test/GAPS384_train_1182_541_1_jpg.rf.342b494baeb512148d0aa13e1135c84e.jpg,test,gaps384_train_1182_541_1_jpg,192,192,128,db8faf6997e2b83dfff4b8c37df5cca3aa6e1e6c44cfd226ae56f0c6d7558236
2030,images/test/GAPS384_train_1182_541_641_jpg.rf.22734f0bb2f55b1362743b68f34346fa.jpg,test,gaps384_train_1182_541_641_jpg,96,96,128,fbf317fbe80a7c8fec7a3f5f26cc4d2d46201eca704fec5978493a52fadcf6dd
2031,images/test/GAPS384_train_1182_541_641_jpg.rf.22734f0bb2f55b1362743b68f34346fa.jpg,test,gaps384_train_1182_541_641_jpg,192,96,128,fbf317fbe80a7c8fec7a3f5f26cc4d2d46201eca704fec5978493a52fadcf6dd
2032,images/test/GAPS384_train_1182_541_641_jpg.rf.22734f0bb2f55b1362743b68f34346fa.jpg,test,gaps384_train_1182_541_641_jpg,96,192,128,fbf317fbe80a7c8fec7a3f5f26cc4d2d46201eca704fec5978493a52fadcf6dd
2033,images/test/GAPS384_train_1182_541_641_jpg.rf.22734f0bb2f55b1362743b68f34346fa.jpg,test,gaps384_train_1182_541_641_jpg,192,192,128,fbf317fbe80a7c8fec7a3f5f26cc4d2d46201eca704fec5978493a52fadcf6dd
2034,images/test/GAPS384_train_1226_1_1_jpg.rf.a635e2c12d282e635f675592977f8321.jpg,test,gaps384_train_1226_1_1_jpg,96,96,128,cb49efd999f89bae05ff66f1508e5fdb9d399762c1ce4da98a4dbf793c3077c3
2035,images/test/GAPS384_train_1226_1_1_jpg.rf.a635e2c12d282e635f675592977f8321.jpg,test,gaps384_train_1226_1_1_jpg,96,192,128,cb49efd999f89bae05ff66f1508e5fdb9d399762c1ce4da98a4dbf793c3077c3
2036,images/test/GAPS384_train_1226_1_1_jpg.rf.a635e2c12d282e635f675592977f8321.jpg,test,gaps384_train_1226_1_1_jpg,192,192,128,cb49efd999f89bae05ff66f1508e5fdb9d399762c1ce4da98a4dbf793c3077c3
2037,images/test/GAPS384_train_1226_541_1_jpg.rf.a3b2ca24741077f4ed86eb372496cabd.jpg,test,gaps384_train_1226_541_1_jpg,96,192,128,6e67456dc980c24b93209dcaf05ca13fadc03ba6464a030eec149efdaa7daccc
2038,images/test/GAPS384_train_1226_541_1_jpg.rf.a3b2ca24741077f4ed86eb372496cabd.jpg,test,gaps384_train_1226_541_1_jpg,192,192,128,6e67456dc980c24b93209dcaf05ca13fadc03ba6464a030eec149efdaa7daccc
2039,images/test/GAPS384_train_1241_541_1_jpg.rf.cca8910b4283d9918d997a6925ba2f3b.jpg,test,gaps384_train_1241_541_1_jpg,96,96,128,3e2cba6fdf336ce2d6532c861d04152b5116cc1165bd6e160b193ee8d395f02c
2040,images/test/GAPS384_train_1241_541_1_jpg.rf.cca8910b4283d9918d997a6925ba2f3b.jpg,test,gaps384_train_1241_541_1_jpg,192,96,128,3e2cba6fdf336ce2d6532c861d04152b5116cc1165bd6e160b193ee8d395f02c
2041,images/test/GAPS384_train_1241_541_1_jpg.rf.cca8910b4283d9918d997a6925ba2f3b.jpg,test,gaps384_train_1241_541_1_jpg,96,192,128,3e2cba6fdf336ce2d6532c861d04152b5116cc1165bd6e160b193ee8d395f02c
2042,images/test/GAPS384_train_1241_541_1_jpg.rf.cca8910b4283d9918d997a6925ba2f3b.jpg,test,gaps384_train_1241_541_1_jpg,192,192,128,3e2cba6fdf336ce2d6532c861d04152b5116cc1165bd6e160b193ee8d395f02c
2043,images/test/GAPS384_train_1242_541_641_jpg.rf.3d418487d5695ff2d1c55b3e9df486e9.jpg,test,gaps384_train_1242_541_641_jpg,96,96,128,efb6e7f70bde612c37d6faf8689aa8f48cf409784773254ecb08efb19fb77ecc
2044,images/test/GAPS384_train_1242_541_641_jpg.rf.3d418487d5695ff2d1c55b3e9df486e9.jpg,test,gaps384_train_1242_541_641_jpg,192,96,128,efb6e7f70bde612c37d6faf8689aa8f48cf409784773254ecb08efb19fb77ecc
2045,images/test/GAPS384_train_1242_541_641_jpg.rf.3d418487d5695ff2d1c55b3e9df486e9.jpg,test,gaps384_train_1242_541_641_jpg,96,192,128,efb6e7f70bde612c37d6faf8689aa8f48cf409784773254ecb08efb19fb77ecc
2046,images/test/GAPS384_train_1246_541_1_jpg.rf.cf94c6395278ce38bd37e8be6abc82cf.jpg,test,gaps384_train_1246_541_1_jpg,96,96,128,55836ae9a9ac09e146fd65045f08543165b85bcf6253427789ca3a861b16e85e
2047,images/test/GAPS384_train_1246_541_1_jpg.rf.cf94c6395278ce38bd37e8be6abc82cf.jpg,test,gaps384_train_1246_541_1_jpg,192,96,128,55836ae9a9ac09e146fd65045f08543165b85bcf6253427789ca3a861b16e85e
2048,images/test/GAPS384_train_1246_541_1_jpg.rf.cf94c6395278ce38bd37e8be6abc82cf.jpg,test,gaps384_train_1246_541_1_jpg,96,192,128,55836ae9a9ac09e146fd65045f08543165b85bcf6253427789ca3a861b16e85e
2049,images/test/GAPS384_train_1246_541_1_jpg.rf.cf94c6395278ce38bd37e8be6abc82cf.jpg,test,gaps384_train_1246_541_1_jpg,192,192,128,55836ae9a9ac09e146fd65045f08543165b85bcf6253427789ca3a861b16e85e
2050,images/test/GAPS384_train_1284_541_1_jpg.rf.80a628213ddd7a1622e862b9b2720bfd.jpg,test,gaps384_train_1284_541_1_jpg,192,96,128,f5fe2078a8f489e16ffdcec844fc34d066bb281c1f85df635552ac83f14c7fca
2051,images/test/GAPS384_train_1284_541_1_jpg.rf.80a628213ddd7a1622e862b9b2720bfd.jpg,test,gaps384_train_1284_541_1_jpg,192,192,128,f5fe2078a8f489e16ffdcec844fc34d066bb281c1f85df635552ac83f14c7fca
2052,images/test/GAPS384_train_1301_1_1_jpg.rf.d8f8de576588d0058e379889fce98d1e.jpg,test,gaps384_train_1301_1_1_jpg,96,96,128,4ce83bd5ea8dca9747f3a848431692d7c765204b41df1d2ac5c313542d853997
2053,images/test/GAPS384_train_1302_541_641_jpg.rf.ee1966e0897393c769072fecc82dc79d.jpg,test,gaps384_train_1302_541_641_jpg,96,96,128,e79474fe9d87201191a25429240fa3f420a955aaa203d3d3b6d0d6910fa2d2e4
2054,images/test/GAPS384_train_1302_541_641_jpg.rf.ee1966e0897393c769072fecc82dc79d.jpg,test,gaps384_train_1302_541_641_jpg,192,96,128,e79474fe9d87201191a25429240fa3f420a955aaa203d3d3b6d0d6910fa2d2e4
2055,images/test/GAPS384_train_1302_541_641_jpg.rf.ee1966e0897393c769072fecc82dc79d.jpg,test,gaps384_train_1302_541_641_jpg,96,192,128,e79474fe9d87201191a25429240fa3f420a955aaa203d3d3b6d0d6910fa2d2e4
2056,images/test/GAPS384_train_1302_541_641_jpg.rf.ee1966e0897393c769072fecc82dc79d.jpg,test,gaps384_train_1302_541_641_jpg,192,192,128,e79474fe9d87201191a25429240fa3f420a955aaa203d3d3b6d0d6910fa2d2e4
2057,images/test/GAPS384_train_1337_1_1_jpg.rf.5daed86bcc8b295ae796ac30776a3f07.jpg,test,gaps384_train_1337_1_1_jpg,96,192,128,5a45c4a8b4b97bbfbba8b17223b3ddb020d1f84e8c0d02cbbe502b36080a7996
2058,images/test/GAPS384_train_1337_1_1_jpg.rf.5daed86bcc8b295ae796ac30776a3f07.jpg,test,gaps384_train_1337_1_1_jpg,192,192,128,5a45c4a8b4b97bbfbba8b17223b3ddb020d1f84e8c0d02cbbe502b36080a7996
2059,images/test/GAPS384_train_1348_1_1_jpg.rf.bf1c4b952058c83d6a08fe804f8c1fa8.jpg,test,gaps384_train_1348_1_1_jpg,96,96,128,16ee174f85f4a2694082d31a6b64d53b48441ac39b90e6cc0287fc9f3cfa90e5
2060,images/test/GAPS384_train_1348_1_1_jpg.rf.bf1c4b952058c83d6a08fe804f8c1fa8.jpg,test,gaps384_train_1348_1_1_jpg,96,192,128,16ee174f85f4a2694082d31a6b64d53b48441ac39b90e6cc0287fc9f3cfa90e5
2061,images/test/GAPS384_train_1362_1_1_jpg.rf.af0e4efdb2457ef227d47a09277360d0.jpg,test,gaps384_train_1362_1_1_jpg,96,96,128,f7cfbc7accbe3083305f24e446ed0f7119f8b06505c121d63283494403eefc07
2062,images/test/GAPS384_train_1362_1_1_jpg.rf.af0e4efdb2457ef227d47a09277360d0.jpg,test,gaps384_train_1362_1_1_jpg,192,96,128,f7cfbc7accbe3083305f24e446ed0f7119f8b06505c121d63283494403eefc07
2063,images/test/GAPS384_train_1362_541_1_jpg.rf.096daced00b8500932a2ad0018f5ca1b.jpg,test,gaps384_train_1362_541_1_jpg,96,96,128,f57d428c1c746f972a8d271939082d2669e08e074cb5ee8c37122d09da96c882
2064,images/test/GAPS384_train_1362_541_1_jpg.rf.096daced00b8500932a2ad0018f5ca1b.jpg,test,gaps384_train_1362_541_1_jpg,192,96,128,f57d428c1c746f972a8d271939082d2669e08e074cb5ee8c37122d09da96c882
2065,images/test/GAPS384_train_1370_1_1_jpg.rf.6cb6c3b9f70ff9137534db4c98e66b66.jpg,test,gaps384_train_1370_1_1_jpg,96,192,128,030860957bbb263a0375a4e49b4fba96bbb9ab53d159946cac34b2b1c15c2681
2066,images/test/GAPS384_train_1370_1_1_jpg.rf.6cb6c3b9f70ff9137534db4c98e66b66.jpg,test,gaps384_train_1370_1_1_jpg,192,192,128,030860957bbb263a0375a4e49b4fba96bbb9ab53d159946cac34b2b1c15c2681
2067,images/test/GAPS384_train_1370_541_1_jpg.rf.eb53cd023c3d0f9353d57138471ddcac.jpg,test,gaps384_train_1370_541_1_jpg,96,96,128,4b1a81b018d81234f4b0562f5289d57b08a7732285d8615eac684dfa3967b451
2068,images/test/GAPS384_train_1370_541_1_jpg.rf.eb53cd023c3d0f9353d57138471ddcac.jpg,test,gaps384_train_1370_541_1_jpg,192,96,128,4b1a81b018d81234f4b0562f5289d57b08a7732285d8615eac684dfa3967b451
2069,images/test/GAPS384_train_1370_541_1_jpg.rf.eb53cd023c3d0f9353d57138471ddcac.jpg,test,gaps384_train_1370_541_1_jpg,96,192,128,4b1a81b018d81234f4b0562f5289d57b08a7732285d8615eac684dfa3967b451
2070,images/test/GAPS384_train_1370_541_1_jpg.rf.eb53cd023c3d0f9353d57138471ddcac.jpg,test,gaps384_train_1370_541_1_jpg,192,192,128,4b1a81b018d81234f4b0562f5289d57b08a7732285d8615eac684dfa3967b451
2071,images/test/GAPS384_train_1381_1_1_jpg.rf.2df679b8ab18d78421de1832907b9f46.jpg,test,gaps384_train_1381_1_1_jpg,96,96,128,57c7d411935fcdc18caa61c1bf4a74fabffec119f0619f97af9fab14f9f2e19d
2072,images/test/GAPS384_train_1381_1_1_jpg.rf.2df679b8ab18d78421de1832907b9f46.jpg,test,gaps384_train_1381_1_1_jpg,192,96,128,57c7d411935fcdc18caa61c1bf4a74fabffec119f0619f97af9fab14f9f2e19d
2073,images/test/GAPS384_train_1381_1_1_jpg.rf.2df679b8ab18d78421de1832907b9f46.jpg,test,gaps384_train_1381_1_1_jpg,96,192,128,57c7d411935fcdc18caa61c1bf4a74fabffec119f0619f97af9fab14f9f2e19d
2074,images/test/GAPS384_train_1381_1_1_jpg.rf.2df679b8ab18d78421de1832907b9f46.jpg,test,gaps384_train_1381_1_1_jpg,192,192,128,57c7d411935fcdc18caa61c1bf4a74fabffec119f0619f97af9fab14f9f2e19d
2075,images/test/GAPS384_train_1386_1_641_jpg.rf.c00da11126aac5ab9c66c82a2260874d.jpg,test,gaps384_train_1386_1_641_jpg,96,192,128,2a475a97ff3ccb227989c2ba4fc827a66f56dbb4ea9f55d280035cd95eab17c7
2076,images/test/GAPS384_train_1386_1_641_jpg.rf.c00da11126aac5ab9c66c82a2260874d.jpg,test,gaps384_train_1386_1_641_jpg,192,192,128,2a475a97ff3ccb227989c2ba4fc827a66f56dbb4ea9f55d280035cd95eab17c7
2077,images/test/img-580_jpg.rf.d3f0c1d240510db07c5c530a8194c09a.jpg,test,img-580_jpg,96,96,128,58052a1d7a85552dce8e1bd372bfc650ca0d8129417dc6d6101dfbc1cdd7717c
2078,images/test/img-580_jpg.rf.d3f0c1d240510db07c5c530a8194c09a.jpg,test,img-580_jpg,192,96,128,58052a1d7a85552dce8e1bd372bfc650ca0d8129417dc6d6101dfbc1cdd7717c
2079,images/test/img-580_jpg.rf.d3f0c1d240510db07c5c530a8194c09a.jpg,test,img-580_jpg,192,192,128,58052a1d7a85552dce8e1bd372bfc650ca0d8129417dc6d6101dfbc1cdd7717c
2080,images/test/img-621_jpg.rf.2615725911331ebfc2b7d77664d2f984.jpg,test,img-621_jpg,96,192,128,e1b931f422ff0df345a64d1b3aafd841f0020e65ef8bd3280ffdf0e10e5ab231
2081,images/test/img-641_jpg.rf.711fae41e787eaff8f205ec249ace824.jpg,test,img-641_jpg,192,96,128,daffe729b12fccd11ee6878f60e47de384ad0c950adcb1c35fa6d381e611b3d3
2082,images/test/img-641_jpg.rf.711fae41e787eaff8f205ec249ace824.jpg,test,img-641_jpg,192,192,128,daffe729b12fccd11ee6878f60e47de384ad0c950adcb1c35fa6d381e611b3d3
2083,images/test/img-654_jpg.rf.53e90fe675d5fbe57250eafebdf99cdf.jpg,test,img-654_jpg,96,96,128,5b3fd83064f605d737475f4ec710b4eb9cf3c3d7a4343cd46bdc5acc2bdf7ff5
2084,images/test/img-654_jpg.rf.53e90fe675d5fbe57250eafebdf99cdf.jpg,test,img-654_jpg,192,96,128,5b3fd83064f605d737475f4ec710b4eb9cf3c3d7a4343cd46bdc5acc2bdf7ff5
2085,images/test/noncrack_noncrack_concrete_wall_100_0_jpg.rf.0ecdfd42958c7b0812802bb5065e48fc.jpg,test,noncrack_noncrack_concrete_wall_100_0_jpg,96,192,128,fdaa195a79422e2e2c07031a923faf802abe597f3aabd3de3dae329ae865c9a6
2086,images/test/noncrack_noncrack_concrete_wall_100_0_jpg.rf.0ecdfd42958c7b0812802bb5065e48fc.jpg,test,noncrack_noncrack_concrete_wall_100_0_jpg,192,192,128,fdaa195a79422e2e2c07031a923faf802abe597f3aabd3de3dae329ae865c9a6
2087,images/test/noncrack_noncrack_concrete_wall_100_1_jpg.rf.74cf42b8f1a59bd5861485f37c314316.jpg,test,noncrack_noncrack_concrete_wall_100_1_jpg,192,96,128,0446d09acc46175217dc241b186c5834249e4fd605daa28b904a03e377782855
2088,images/test/noncrack_noncrack_concrete_wall_100_1_jpg.rf.74cf42b8f1a59bd5861485f37c314316.jpg,test,noncrack_noncrack_concrete_wall_100_1_jpg,192,192,128,0446d09acc46175217dc241b186c5834249e4fd605daa28b904a03e377782855
2089,images/test/noncrack_noncrack_concrete_wall_100_3_jpg.rf.f210b5eebba8ba9ad08ff4f26a354d26.jpg,test,noncrack_noncrack_concrete_wall_100_3_jpg,192,96,128,e4c440fb2d1ce87e192730cfe707d825f3e63a1f2e1b58008d6f8c5a9cc73536
2090,images/test/noncrack_noncrack_concrete_wall_100_3_jpg.rf.f210b5eebba8ba9ad08ff4f26a354d26.jpg,test,noncrack_noncrack_concrete_wall_100_3_jpg,192,192,128,e4c440fb2d1ce87e192730cfe707d825f3e63a1f2e1b58008d6f8c5a9cc73536
2091,images/test/noncrack_noncrack_concrete_wall_100_5_jpg.rf.f63bb045c4090fcbf59d99c72bfe2b7c.jpg,test,noncrack_noncrack_concrete_wall_100_5_jpg,96,192,128,f86b5fbe7277a2974238d75bdfe280259aa1ddbcc2c55ff12b39a706f90442ec
2092,images/test/noncrack_noncrack_concrete_wall_100_5_jpg.rf.f63bb045c4090fcbf59d99c72bfe2b7c.jpg,test,noncrack_noncrack_concrete_wall_100_5_jpg,192,192,128,f86b5fbe7277a2974238d75bdfe280259aa1ddbcc2c55ff12b39a706f90442ec
2093,images/test/noncrack_noncrack_concrete_wall_103_2_jpg.rf.243988ced6382c1edecb81e29a9d00d1.jpg,test,noncrack_noncrack_concrete_wall_103_2_jpg,96,96,128,2d76c4cd7c77dddd90e3571930534cc47464c660dab950ff91b0b12964916898
2094,images/test/noncrack_noncrack_concrete_wall_103_2_jpg.rf.243988ced6382c1edecb81e29a9d00d1.jpg,test,noncrack_noncrack_concrete_wall_103_2_jpg,192,96,128,2d76c4cd7c77dddd90e3571930534cc47464c660dab950ff91b0b12964916898
2095,images/test/noncrack_noncrack_concrete_wall_103_2_jpg.rf.243988ced6382c1edecb81e29a9d00d1.jpg,test,noncrack_noncrack_concrete_wall_103_2_jpg,96,192,128,2d76c4cd7c77dddd90e3571930534cc47464c660dab950ff91b0b12964916898
2096,images/test/noncrack_noncrack_concrete_wall_103_2_jpg.rf.243988ced6382c1edecb81e29a9d00d1.jpg,test,noncrack_noncrack_concrete_wall_103_2_jpg,192,192,128,2d76c4cd7c77dddd90e3571930534cc47464c660dab950ff91b0b12964916898
2097,images/test/noncrack_noncrack_concrete_wall_103_3_jpg.rf.0ff78ebe8cb846dcde156df59d23ec70.jpg,test,noncrack_noncrack_concrete_wall_103_3_jpg,96,192,128,9c58ec1eaf7b08626d7469181a989923080c12994f6e8fa685f490512a51d636
2098,images/test/noncrack_noncrack_concrete_wall_103_3_jpg.rf.0ff78ebe8cb846dcde156df59d23ec70.jpg,test,noncrack_noncrack_concrete_wall_103_3_jpg,192,192,128,9c58ec1eaf7b08626d7469181a989923080c12994f6e8fa685f490512a51d636
2099,images/test/noncrack_noncrack_concrete_wall_103_4_jpg.rf.973b4485797804a5ee59b3d06a1a2d41.jpg,test,noncrack_noncrack_concrete_wall_103_4_jpg,96,96,128,28bb2d13496ba93e1a8166fd903fa3c47c7864ba1b7458802d4c993255ad86b0
2100,images/test/noncrack_noncrack_concrete_wall_103_4_jpg.rf.973b4485797804a5ee59b3d06a1a2d41.jpg,test,noncrack_noncrack_concrete_wall_103_4_jpg,96,192,128,28bb2d13496ba93e1a8166fd903fa3c47c7864ba1b7458802d4c993255ad86b0
2101,images/test/noncrack_noncrack_concrete_wall_103_4_jpg.rf.973b4485797804a5ee59b3d06a1a2d41.jpg,test,noncrack_noncrack_concrete_wall_103_4_jpg,192,192,128,28bb2d13496ba93e1a8166fd903fa3c47c7864ba1b7458802d4c993255ad86b0
2102,images/test/noncrack_noncrack_concrete_wall_11_0_jpg.rf.b455de845830aa72dd049cc9c1d3821b.jpg,test,noncrack_noncrack_concrete_wall_11_0_jpg,192,96,128,1641a73a03ade5607a87ec8fa2fe3cebdd52e42fbea803d2c180c0a5ef4d2bf3
2103,images/test/noncrack_noncrack_concrete_wall_11_0_jpg.rf.b455de845830aa72dd049cc9c1d3821b.jpg,test,noncrack_noncrack_concrete_wall_11_0_jpg,192,192,128,1641a73a03ade5607a87ec8fa2fe3cebdd52e42fbea803d2c180c0a5ef4d2bf3
2104,images/test/noncrack_noncrack_concrete_wall_11_6_jpg.rf.676f0d487b168e947cff6ad3e2d7cd5d.jpg,test,noncrack_noncrack_concrete_wall_11_6_jpg,96,192,128,b428ccf9269a8a6d7679b882922cb208b4e302487d045e1086e246540eeb61f9
2105,images/test/noncrack_noncrack_concrete_wall_11_6_jpg.rf.676f0d487b168e947cff6ad3e2d7cd5d.jpg,test,noncrack_noncrack_concrete_wall_11_6_jpg,192,192,128,b428ccf9269a8a6d7679b882922cb208b4e302487d045e1086e246540eeb61f9
2106,images/test/noncrack_noncrack_concrete_wall_12_0_jpg.rf.9639a333700fcd5d68d274f884002718.jpg,test,noncrack_noncrack_concrete_wall_12_0_jpg,96,96,128,05125c34c1fd74589fe8d6f397b12e049c7ccb0763f52316eea7c7ad1f4b7622
2107,images/test/noncrack_noncrack_concrete_wall_12_0_jpg.rf.9639a333700fcd5d68d274f884002718.jpg,test,noncrack_noncrack_concrete_wall_12_0_jpg,192,96,128,05125c34c1fd74589fe8d6f397b12e049c7ccb0763f52316eea7c7ad1f4b7622
2108,images/test/noncrack_noncrack_concrete_wall_12_0_jpg.rf.9639a333700fcd5d68d274f884002718.jpg,test,noncrack_noncrack_concrete_wall_12_0_jpg,96,192,128,05125c34c1fd74589fe8d6f397b12e049c7ccb0763f52316eea7c7ad1f4b7622
2109,images/test/noncrack_noncrack_concrete_wall_12_0_jpg.rf.9639a333700fcd5d68d274f884002718.jpg,test,noncrack_noncrack_concrete_wall_12_0_jpg,192,192,128,05125c34c1fd74589fe8d6f397b12e049c7ccb0763f52316eea7c7ad1f4b7622
2110,images/test/noncrack_noncrack_concrete_wall_12_1_jpg.rf.e4a5a6fd72e2cc4f61d79a3837a75918.jpg,test,noncrack_noncrack_concrete_wall_12_1_jpg,96,192,128,d9fef7d3dea3bbefd391259b069c3a704ad755a0c7353b9b7324c9979855ceaa
2111,images/test/noncrack_noncrack_concrete_wall_12_1_jpg.rf.e4a5a6fd72e2cc4f61d79a3837a75918.jpg,test,noncrack_noncrack_concrete_wall_12_1_jpg,192,192,128,d9fef7d3dea3bbefd391259b069c3a704ad755a0c7353b9b7324c9979855ceaa
2112,images/test/noncrack_noncrack_concrete_wall_12_2_jpg.rf.1795a37ba38272f8afb75931fb5a053a.jpg,test,noncrack_noncrack_concrete_wall_12_2_jpg,192,96,128,eebd632f1516da2b5556d4712a6fe9fa9c463957986df08afc9ee63d8c1509ea
2113,images/test/noncrack_noncrack_concrete_wall_12_2_jpg.rf.1795a37ba38272f8afb75931fb5a053a.jpg,test,noncrack_noncrack_concrete_wall_12_2_jpg,192,192,128,eebd632f1516da2b5556d4712a6fe9fa9c463957986df08afc9ee63d8c1509ea
2114,images/test/noncrack_noncrack_concrete_wall_12_4_jpg.rf.174002d7c255b40c75f98048b321c5c5.jpg,test,noncrack_noncrack_concrete_wall_12_4_jpg,96,96,128,0e7d71443ab92f8a2b3e5936cf0ffd92337a674cb114c405ac8d94049e70a93d
2115,images/test/noncrack_noncrack_concrete_wall_12_4_jpg.rf.174002d7c255b40c75f98048b321c5c5.jpg,test,noncrack_noncrack_concrete_wall_12_4_jpg,192,96,128,0e7d71443ab92f8a2b3e5936cf0ffd92337a674cb114c405ac8d94049e70a93d
2116,images/test/noncrack_noncrack_concrete_wall_12_4_jpg.rf.174002d7c255b40c75f98048b321c5c5.jpg,test,noncrack_noncrack_concrete_wall_12_4_jpg,96,192,128,0e7d71443ab92f8a2b3e5936cf0ffd92337a674cb114c405ac8d94049e70a93d
2117,images/test/noncrack_noncrack_concrete_wall_12_4_jpg.rf.174002d7c255b40c75f98048b321c5c5.jpg,test,noncrack_noncrack_concrete_wall_12_4_jpg,192,192,128,0e7d71443ab92f8a2b3e5936cf0ffd92337a674cb114c405ac8d94049e70a93d
2118,images/test/noncrack_noncrack_concrete_wall_12_8_jpg.rf.e611ca32131674c7795148b97471449b.jpg,test,noncrack_noncrack_concrete_wall_12_8_jpg,192,96,128,d99be7c8e9624a19d9cccaa0d1ce603d9c2b1dee272d81c17ff9cc5bafe752f5
2119,images/test/noncrack_noncrack_concrete_wall_12_8_jpg.rf.e611ca32131674c7795148b97471449b.jpg,test,noncrack_noncrack_concrete_wall_12_8_jpg,192,192,128,d99be7c8e9624a19d9cccaa0d1ce603d9c2b1dee272d81c17ff9cc5bafe752f5
2120,images/test/noncrack_noncrack_concrete_wall_13_3_jpg.rf.9486e7cf4dbcc2e240bb02dec37ad913.jpg,test,noncrack_noncrack_concrete_wall_13_3_jpg,96,96,128,992006ef5ae57de80c80624a35fb63a65d0651c797a689622f55a5b6a45243fc
2121,images/test/noncrack_noncrack_concrete_wall_13_3_jpg.rf.9486e7cf4dbcc2e240bb02dec37ad913.jpg,test,noncrack_noncrack_concrete_wall_13_3_jpg,192,96,128,992006ef5ae57de80c80624a35fb63a65d0651c797a689622f55a5b6a45243fc
2122,images/test/noncrack_noncrack_concrete_wall_13_3_jpg.rf.9486e7cf4dbcc2e240bb02dec37ad913.jpg,test,noncrack_noncrack_concrete_wall_13_3_jpg,96,192,128,992006ef5ae57de80c80624a35fb63a65d0651c797a689622f55a5b6a45243fc
2123,images/test/noncrack_noncrack_concrete_wall_13_3_jpg.rf.9486e7cf4dbcc2e240bb02dec37ad913.jpg,test,noncrack_noncrack_concrete_wall_13_3_jpg,192,192,128,992006ef5ae57de80c80624a35fb63a65d0651c797a689622f55a5b6a45243fc
2124,images/test/noncrack_noncrack_concrete_wall_14_0_jpg.rf.3d9b4c6b11eb4337a30e26ef12a63219.jpg,test,noncrack_noncrack_concrete_wall_14_0_jpg,96,192,128,4c65a92e191f4b0cb944aa60f0469c29d9512a0525109bb93f429191efdd2741
2125,images/test/noncrack_noncrack_concrete_wall_14_0_jpg.rf.3d9b4c6b11eb4337a30e26ef12a63219.jpg,test,noncrack_noncrack_concrete_wall_14_0_jpg,192,192,128,4c65a92e191f4b0cb944aa60f0469c29d9512a0525109bb93f429191efdd2741
2126,images/test/noncrack_noncrack_concrete_wall_14_10_jpg.rf.66e1d7cb105925695cf0d583a555246a.jpg,test,noncrack_noncrack_concrete_wall_14_10_jpg,96,96,128,d14bf3ac5c9de53e32fe6ed6a787e73f57725a2fa07d6c8963aacfdf52379f1b
2127,images/test/noncrack_noncrack_concrete_wall_14_10_jpg.rf.66e1d7cb105925695cf0d583a555246a.jpg,test,noncrack_noncrack_concrete_wall_14_10_jpg,192,96,128,d14bf3ac5c9de53e32fe6ed6a787e73f57725a2fa07d6c8963aacfdf52379f1b
2128,images/test/noncrack_noncrack_concrete_wall_14_10_jpg.rf.66e1d7cb105925695cf0d583a555246a.jpg,test,noncrack_noncrack_concrete_wall_14_10_jpg,96,192,128,d14bf3ac5c9de53e32fe6ed6a787e73f57725a2fa07d6c8963aacfdf52379f1b
2129,images/test/noncrack_noncrack_concrete_wall_14_10_jpg.rf.66e1d7cb105925695cf0d583a555246a.jpg,test,noncrack_noncrack_concrete_wall_14_10_jpg,192,192,128,d14bf3ac5c9de53e32fe6ed6a787e73f57725a2fa07d6c8963aacfdf52379f1b
2130,images/test/noncrack_noncrack_concrete_wall_14_14_jpg.rf.16ef8e9131584f43ad8cc872636ac560.jpg,test,noncrack_noncrack_concrete_wall_14_14_jpg,96,96,128,78635f5eb2a598ead8e55bff35917a8cd89b17af92ac0b5767e6b680373b65ad
2131,images/test/noncrack_noncrack_concrete_wall_14_14_jpg.rf.16ef8e9131584f43ad8cc872636ac560.jpg,test,noncrack_noncrack_concrete_wall_14_14_jpg,192,96,128,78635f5eb2a598ead8e55bff35917a8cd89b17af92ac0b5767e6b680373b65ad
2132,images/test/noncrack_noncrack_concrete_wall_14_14_jpg.rf.16ef8e9131584f43ad8cc872636ac560.jpg,test,noncrack_noncrack_concrete_wall_14_14_jpg,96,192,128,78635f5eb2a598ead8e55bff35917a8cd89b17af92ac0b5767e6b680373b65ad
2133,images/test/noncrack_noncrack_concrete_wall_14_14_jpg.rf.16ef8e9131584f43ad8cc872636ac560.jpg,test,noncrack_noncrack_concrete_wall_14_14_jpg,192,192,128,78635f5eb2a598ead8e55bff35917a8cd89b17af92ac0b5767e6b680373b65ad
2134,images/test/noncrack_noncrack_concrete_wall_14_16_jpg.rf.10566137d3c5eda6be50e2663f50de83.jpg,test,noncrack_noncrack_concrete_wall_14_16_jpg,96,96,128,b187d22c235ca16732dcc20664b3c7388c6522bd5ed2a7efe52ccf1a101feb78
2135,images/test/noncrack_noncrack_concrete_wall_14_16_jpg.rf.10566137d3c5eda6be50e2663f50de83.jpg,test,noncrack_noncrack_concrete_wall_14_16_jpg,192,96,128,b187d22c235ca16732dcc20664b3c7388c6522bd5ed2a7efe52ccf1a101feb78
2136,images/test/noncrack_noncrack_concrete_wall_14_16_jpg.rf.10566137d3c5eda6be50e2663f50de83.jpg,test,noncrack_noncrack_concrete_wall_14_16_jpg,96,192,128,b187d22c235ca16732dcc20664b3c7388c6522bd5ed2a7efe52ccf1a101feb78
2137,images/test/noncrack_noncrack_concrete_wall_14_16_jpg.rf.10566137d3c5eda6be50e2663f50de83.jpg,test,noncrack_noncrack_concrete_wall_14_16_jpg,192,192,128,b187d22c235ca16732dcc20664b3c7388c6522bd5ed2a7efe52ccf1a101feb78
2138,images/test/noncrack_noncrack_concrete_wall_14_17_jpg.rf.96e692d26e4b7aae16abff754cdd29d2.jpg,test,noncrack_noncrack_concrete_wall_14_17_jpg,192,96,128,db2cd2749dc1792996b583e75f16853ab61fddd0b4b87b8d11faf450e1c2ef6e
2139,images/test/noncrack_noncrack_concrete_wall_14_17_jpg.rf.96e692d26e4b7aae16abff754cdd29d2.jpg,test,noncrack_noncrack_concrete_wall_14_17_jpg,192,192,128,db2cd2749dc1792996b583e75f16853ab61fddd0b4b87b8d11faf450e1c2ef6e
2140,images/test/noncrack_noncrack_concrete_wall_14_33_jpg.rf.556e547ad52961d1bb521d3d5db4f3c0.jpg,test,noncrack_noncrack_concrete_wall_14_33_jpg,192,96,128,81badfc6e31ac9d0ae85365c9d8b0507a980b87ea9fb5c6a0704a83ebeb554d6
2141,images/test/noncrack_noncrack_concrete_wall_14_33_jpg.rf.556e547ad52961d1bb521d3d5db4f3c0.jpg,test,noncrack_noncrack_concrete_wall_14_33_jpg,192,192,128,81badfc6e31ac9d0ae85365c9d8b0507a980b87ea9fb5c6a0704a83ebeb554d6
2142,images/test/noncrack_noncrack_concrete_wall_15_9_jpg.rf.f7f167513bd0e7f503af020d5e5f482d.jpg,test,noncrack_noncrack_concrete_wall_15_9_jpg,96,96,128,b73a772053c52732fbc069ede25432cc855b7fead298fb5bb9a0d0b173fbf88d
2143,images/test/noncrack_noncrack_concrete_wall_15_9_jpg.rf.f7f167513bd0e7f503af020d5e5f482d.jpg,test,noncrack_noncrack_concrete_wall_15_9_jpg,192,96,128,b73a772053c52732fbc069ede25432cc855b7fead298fb5bb9a0d0b173fbf88d
2144,images/test/noncrack_noncrack_concrete_wall_15_9_jpg.rf.f7f167513bd0e7f503af020d5e5f482d.jpg,test,noncrack_noncrack_concrete_wall_15_9_jpg,96,192,128,b73a772053c52732fbc069ede25432cc855b7fead298fb5bb9a0d0b173fbf88d
2145,images/test/noncrack_noncrack_concrete_wall_15_9_jpg.rf.f7f167513bd0e7f503af020d5e5f482d.jpg,test,noncrack_noncrack_concrete_wall_15_9_jpg,192,192,128,b73a772053c52732fbc069ede25432cc855b7fead298fb5bb9a0d0b173fbf88d
2146,images/test/noncrack_noncrack_concrete_wall_16_4_jpg.rf.63382d617fb34f17104685f45c37a442.jpg,test,noncrack_noncrack_concrete_wall_16_4_jpg,96,96,128,84ade0294cff586b4ef60bd9ac1197bdd31595b5d531fcca2cd2963482c47a5a
2147,images/test/noncrack_noncrack_concrete_wall_16_4_jpg.rf.63382d617fb34f17104685f45c37a442.jpg,test,noncrack_noncrack_concrete_wall_16_4_jpg,192,96,128,84ade0294cff586b4ef60bd9ac1197bdd31595b5d531fcca2cd2963482c47a5a
2148,images/test/noncrack_noncrack_concrete_wall_16_4_jpg.rf.63382d617fb34f17104685f45c37a442.jpg,test,noncrack_noncrack_concrete_wall_16_4_jpg,96,192,128,84ade0294cff586b4ef60bd9ac1197bdd31595b5d531fcca2cd2963482c47a5a
2149,images/test/noncrack_noncrack_concrete_wall_16_4_jpg.rf.63382d617fb34f17104685f45c37a442.jpg,test,noncrack_noncrack_concrete_wall_16_4_jpg,192,192,128,84ade0294cff586b4ef60bd9ac1197bdd31595b5d531fcca2cd2963482c47a5a
2150,images/test/noncrack_noncrack_concrete_wall_18_0_jpg.rf.7501043504d2a14af5c5f0c96d15f21f.jpg,test,noncrack_noncrack_concrete_wall_18_0_jpg,96,96,128,8e08a5c5e2ae3cee1a06d5c561751645a7027207e972720635ce6a3e91b6faad
2151,images/test/noncrack_noncrack_concrete_wall_18_0_jpg.rf.7501043504d2a14af5c5f0c96d15f21f.jpg,test,noncrack_noncrack_concrete_wall_18_0_jpg,96,192,128,8e08a5c5e2ae3cee1a06d5c561751645a7027207e972720635ce6a3e91b6faad
2152,images/test/noncrack_noncrack_concrete_wall_18_0_jpg.rf.7501043504d2a14af5c5f0c96d15f21f.jpg,test,noncrack_noncrack_concrete_wall_18_0_jpg,192,192,128,8e08a5c5e2ae3cee1a06d5c561751645a7027207e972720635ce6a3e91b6faad
2153,images/test/noncrack_noncrack_concrete_wall_18_13_jpg.rf.8b4531fd150613fd839ffeab1926955f.jpg,test,noncrack_noncrack_concrete_wall_18_13_jpg,96,96,128,d9bdc7354928ae7e03ef0bfd9ec92b850ec3fea23c0f3f33d78d9bce66b5231c
2154,images/test/noncrack_noncrack_concrete_wall_18_13_jpg.rf.8b4531fd150613fd839ffeab1926955f.jpg,test,noncrack_noncrack_concrete_wall_18_13_jpg,192,96,128,d9bdc7354928ae7e03ef0bfd9ec92b850ec3fea23c0f3f33d78d9bce66b5231c
2155,images/test/noncrack_noncrack_concrete_wall_18_13_jpg.rf.8b4531fd150613fd839ffeab1926955f.jpg,test,noncrack_noncrack_concrete_wall_18_13_jpg,96,192,128,d9bdc7354928ae7e03ef0bfd9ec92b850ec3fea23c0f3f33d78d9bce66b5231c
2156,images/test/noncrack_noncrack_concrete_wall_18_13_jpg.rf.8b4531fd150613fd839ffeab1926955f.jpg,test,noncrack_noncrack_concrete_wall_18_13_jpg,192,192,128,d9bdc7354928ae7e03ef0bfd9ec92b850ec3fea23c0f3f33d78d9bce66b5231c
2157,images/test/noncrack_noncrack_concrete_wall_18_14_jpg.rf.73ecf33429c4de0f42d682b333401d84.jpg,test,noncrack_noncrack_concrete_wall_18_14_jpg,96,192,128,bb861ad9ff9cb150cea8f6c8332eec40c00c55821eee7e8f1a6fb641c0a0f31a
2158,images/test/noncrack_noncrack_concrete_wall_18_14_jpg.rf.73ecf33429c4de0f42d682b333401d84.jpg,test,noncrack_noncrack_concrete_wall_18_14_jpg,192,192,128,bb861ad9ff9cb150cea8f6c8332eec40c00c55821eee7e8f1a6fb641c0a0f31a
2159,images/test/noncrack_noncrack_concrete_wall_18_16_jpg.rf.381eae1884cb36d4c377b8ddec56e944.jpg,test,noncrack_noncrack_concrete_wall_18_16_jpg,96,96,128,8c49b5fec915caf6b2d04ca24be856271f2c24bdf57532f3d99d01d6ea99624d
2160,images/test/noncrack_noncrack_concrete_wall_18_16_jpg.rf.381eae1884cb36d4c377b8ddec56e944.jpg,test,noncrack_noncrack_concrete_wall_18_16_jpg,192,96,128,8c49b5fec915caf6b2d04ca24be856271f2c24bdf57532f3d99d01d6ea99624d
2161,images/test/noncrack_noncrack_concrete_wall_18_16_jpg.rf.381eae1884cb36d4c377b8ddec56e944.jpg,test,noncrack_noncrack_concrete_wall_18_16_jpg,96,192,128,8c49b5fec915caf6b2d04ca24be856271f2c24bdf57532f3d99d01d6ea99624d
2162,images/test/noncrack_noncrack_concrete_wall_18_16_jpg.rf.381eae1884cb36d4c377b8ddec56e944.jpg,test,noncrack_noncrack_concrete_wall_18_16_jpg,192,192,128,8c49b5fec915caf6b2d04ca24be856271f2c24bdf57532f3d99d01d6ea99624d
2163,images/test/noncrack_noncrack_concrete_wall_18_21_jpg.rf.5444878f8d441114af75d17203ae7387.jpg,test,noncrack_noncrack_concrete_wall_18_21_jpg,96,96,128,ea12ac1548ee0f78dd8e410bb0996065ea07479461475120bf5a61ad3085021c
2164,images/test/noncrack_noncrack_concrete_wall_18_21_jpg.rf.5444878f8d441114af75d17203ae7387.jpg,test,noncrack_noncrack_concrete_wall_18_21_jpg,192,96,128,ea12ac1548ee0f78dd8e410bb0996065ea07479461475120bf5a61ad3085021c
2165,images/test/noncrack_noncrack_concrete_wall_18_5_jpg.rf.e088dada85d9be114e19e573badb124b.jpg,test,noncrack_noncrack_concrete_wall_18_5_jpg,192,96,128,1f26bd0684c6c91dc434642029470bb826cd62ad6f0dd354e67b8183d936f514
2166,images/test/noncrack_noncrack_concrete_wall_18_5_jpg.rf.e088dada85d9be114e19e573badb124b.jpg,test,noncrack_noncrack_concrete_wall_18_5_jpg,192,192,128,1f26bd0684c6c91dc434642029470bb826cd62ad6f0dd354e67b8183d936f514
2167,images/test/noncrack_noncrack_concrete_wall_19_10_jpg.rf.80070432db60ec7b9dec3266474c51d5.jpg,test,noncrack_noncrack_concrete_wall_19_10_jpg,96,96,128,32706d123fdc32e1304ddf058c362b47a064a9265713ee798754271e6604ad3c
2168,images/test/noncrack_noncrack_concrete_wall_19_10_jpg.rf.80070432db60ec7b9dec3266474c51d5.jpg,test,noncrack_noncrack_concrete_wall_19_10_jpg,192,96,128,32706d123fdc32e1304ddf058c362b47a064a9265713ee798754271e6604ad3c
2169,images/test/noncrack_noncrack_concrete_wall_19_10_jpg.rf.80070432db60ec7b9dec3266474c51d5.jpg,test,noncrack_noncrack_concrete_wall_19_10_jpg,96,192,128,32706d123fdc32e1304ddf058c362b47a064a9265713ee798754271e6604ad3c
2170,images/test/noncrack_noncrack_concrete_wall_19_10_jpg.rf.80070432db60ec7b9dec3266474c51d5.jpg,test,noncrack_noncrack_concrete_wall_19_10_jpg,192,192,128,32706d123fdc32e1304ddf058c362b47a064a9265713ee798754271e6604ad3c
2171,images/test/noncrack_noncrack_concrete_wall_19_2_jpg.rf.a6ce23a389fdf394bb697097a8ebe619.jpg,test,noncrack_noncrack_concrete_wall_19_2_jpg,96,192,128,56b29cb7add9ff4244fc812f848485b5b330b8442edcd5733b114aa6a7dbc614
2172,images/test/noncrack_noncrack_concrete_wall_19_2_jpg.rf.a6ce23a389fdf394bb697097a8ebe619.jpg,test,noncrack_noncrack_concrete_wall_19_2_jpg,192,192,128,56b29cb7add9ff4244fc812f848485b5b330b8442edcd5733b114aa6a7dbc614
2173,images/test/noncrack_noncrack_concrete_wall_19_5_jpg.rf.1504013e149a6dd42dc9bdd6aceedda4.jpg,test,noncrack_noncrack_concrete_wall_19_5_jpg,192,96,128,e6a3dc66bb11531f7cdc09e2a075e7c35cb64f434314c704ef4ebccb72a08ee4
2174,images/test/noncrack_noncrack_concrete_wall_19_5_jpg.rf.1504013e149a6dd42dc9bdd6aceedda4.jpg,test,noncrack_noncrack_concrete_wall_19_5_jpg,192,192,128,e6a3dc66bb11531f7cdc09e2a075e7c35cb64f434314c704ef4ebccb72a08ee4
2175,images/test/noncrack_noncrack_concrete_wall_1_0_jpg.rf.e8c99093a4288ec0b1686e01388d5146.jpg,test,noncrack_noncrack_concrete_wall_1_0_jpg,192,96,128,2cf08e557563194a4842c79fc036ddd3034c70ae00c1bbb101895f402e16678f
2176,images/test/noncrack_noncrack_concrete_wall_1_0_jpg.rf.e8c99093a4288ec0b1686e01388d5146.jpg,test,noncrack_noncrack_concrete_wall_1_0_jpg,192,192,128,2cf08e557563194a4842c79fc036ddd3034c70ae00c1bbb101895f402e16678f
2177,images/test/noncrack_noncrack_concrete_wall_1_1_jpg.rf.093c61d950a14ecae601ea5b50e58364.jpg,test,noncrack_noncrack_concrete_wall_1_1_jpg,192,192,128,4aa5efadf1cc87f5745d616bb6e5a79157d6c972c3245f7a4354f75af2639782
2178,images/test/noncrack_noncrack_concrete_wall_20_11_jpg.rf.e8fef3a966b1b3915022bf0d0e453c06.jpg,test,noncrack_noncrack_concrete_wall_20_11_jpg,96,192,128,6e9e2cd75b6f168737d7c54b14f49f79ebf627276b421564c53493126d768e20
2179,images/test/noncrack_noncrack_concrete_wall_20_11_jpg.rf.e8fef3a966b1b3915022bf0d0e453c06.jpg,test,noncrack_noncrack_concrete_wall_20_11_jpg,192,192,128,6e9e2cd75b6f168737d7c54b14f49f79ebf627276b421564c53493126d768e20
2180,images/test/noncrack_noncrack_concrete_wall_20_22_jpg.rf.808ad762c8dc1a799bbac4b4b7d13488.jpg,test,noncrack_noncrack_concrete_wall_20_22_jpg,96,96,128,c97c70645cea7f99760f147d56fd71d131f0b4005e4548c466b97ad33c17ddcd
2181,images/test/noncrack_noncrack_concrete_wall_20_22_jpg.rf.808ad762c8dc1a799bbac4b4b7d13488.jpg,test,noncrack_noncrack_concrete_wall_20_22_jpg,192,96,128,c97c70645cea7f99760f147d56fd71d131f0b4005e4548c466b97ad33c17ddcd
2182,images/test/noncrack_noncrack_concrete_wall_20_22_jpg.rf.808ad762c8dc1a799bbac4b4b7d13488.jpg,test,noncrack_noncrack_concrete_wall_20_22_jpg,96,192,128,c97c70645cea7f99760f147d56fd71d131f0b4005e4548c466b97ad33c17ddcd
2183,images/test/noncrack_noncrack_concrete_wall_20_22_jpg.rf.808ad762c8dc1a799bbac4b4b7d13488.jpg,test,noncrack_noncrack_concrete_wall_20_22_jpg,192,192,128,c97c70645cea7f99760f147d56fd71d131f0b4005e4548c466b97ad33c17ddcd
2184,images/test/noncrack_noncrack_concrete_wall_20_29_jpg.rf.a231f4c6e9421c46984e14b17d49d9ed.jpg,test,noncrack_noncrack_concrete_wall_20_29_jpg,96,96,128,c1dc26a1065f46d3af5619cb3e3e67fd2bfad22ad8187d08348f937edae43e5b
2185,images/test/noncrack_noncrack_concrete_wall_20_29_jpg.rf.a231f4c6e9421c46984e14b17d49d9ed.jpg,test,noncrack_noncrack_concrete_wall_20_29_jpg,192,96,128,c1dc26a1065f46d3af5619cb3e3e67fd2bfad22ad8187d08348f937edae43e5b
2186,images/test/noncrack_noncrack_concrete_wall_20_29_jpg.rf.a231f4c6e9421c46984e14b17d49d9ed.jpg,test,noncrack_noncrack_concrete_wall_20_29_jpg,96,192,128,c1dc26a1065f46d3af5619cb3e3e67fd2bfad22ad8187d08348f937edae43e5b
2187,images/test/noncrack_noncrack_concrete_wall_20_29_jpg.rf.a231f4c6e9421c46984e14b17d49d9ed.jpg,test,noncrack_noncrack_concrete_wall_20_29_jpg,192,192,128,c1dc26a1065f46d3af5619cb3e3e67fd2bfad22ad8187d08348f937edae43e5b
2188,images/test/noncrack_noncrack_concrete_wall_20_31_jpg.rf.6127abe8f2b52f962eee094a4bbbb42a.jpg,test,noncrack_noncrack_concrete_wall_20_31_jpg,96,96,128,4f21e2b362080e302a10f955ac0b8148b71cdfa72be2bfc4afcdb4de6ea6e31e
2189,images/test/noncrack_noncrack_concrete_wall_20_31_jpg.rf.6127abe8f2b52f962eee094a4bbbb42a.jpg,test,noncrack_noncrack_concrete_wall_20_31_jpg,192,96,128,4f21e2b362080e302a10f955ac0b8148b71cdfa72be2bfc4afcdb4de6ea6e31e
2190,images/test/noncrack_noncrack_concrete_wall_20_31_jpg.rf.6127abe8f2b52f962eee094a4bbbb42a.jpg,test,noncrack_noncrack_concrete_wall_20_31_jpg,96,192,128,4f21e2b362080e302a10f955ac0b8148b71cdfa72be2bfc4afcdb4de6ea6e31e
2191,images/test/noncrack_noncrack_concrete_wall_20_31_jpg.rf.6127abe8f2b52f962eee094a4bbbb42a.jpg,test,noncrack_noncrack_concrete_wall_20_31_jpg,192,192,128,4f21e2b362080e302a10f955ac0b8148b71cdfa72be2bfc4afcdb4de6ea6e31e
2192,images/test/noncrack_noncrack_concrete_wall_20_33_jpg.rf.583491a91b34e974d4aa9e7a54a9d986.jpg,test,noncrack_noncrack_concrete_wall_20_33_jpg,96,192,128,d2b07049bba14f14100fb05cde86e086e1df5ef46c855646ee4321dc8d1c9510
2193,images/test/noncrack_noncrack_concrete_wall_20_33_jpg.rf.583491a91b34e974d4aa9e7a54a9d986.jpg,test,noncrack_noncrack_concrete_wall_20_33_jpg,192,192,128,d2b07049bba14f14100fb05cde86e086e1df5ef46c855646ee4321dc8d1c9510
2194,images/test/noncrack_noncrack_concrete_wall_20_35_jpg.rf.f3bac9f5cf2fbe3c0854aa9e5b2b8767.jpg,test,noncrack_noncrack_concrete_wall_20_35_jpg,96,96,128,3ca8a97dbc44a2a497cd39e4a5f7b30a0a5ff2de9d4ed0710927ec0451f454d4
2195,images/test/noncrack_noncrack_concrete_wall_20_35_jpg.rf.f3bac9f5cf2fbe3c0854aa9e5b2b8767.jpg,test,noncrack_noncrack_concrete_wall_20_35_jpg,192,96,128,3ca8a97dbc44a2a497cd39e4a5f7b30a0a5ff2de9d4ed0710927ec0451f454d4
2196,images/test/noncrack_noncrack_concrete_wall_20_35_jpg.rf.f3bac9f5cf2fbe3c0854aa9e5b2b8767.jpg,test,noncrack_noncrack_concrete_wall_20_35_jpg,96,192,128,3ca8a97dbc44a2a497cd39e4a5f7b30a0a5ff2de9d4ed0710927ec0451f454d4
2197,images/test/noncrack_noncrack_concrete_wall_20_35_jpg.rf.f3bac9f5cf2fbe3c0854aa9e5b2b8767.jpg,test,noncrack_noncrack_concrete_wall_20_35_jpg,192,192,128,3ca8a97dbc44a2a497cd39e4a5f7b30a0a5ff2de9d4ed0710927ec0451f454d4
2198,images/test/noncrack_noncrack_concrete_wall_20_42_jpg.rf.dcb89d685307da56af8814471504af45.jpg,test,noncrack_noncrack_concrete_wall_20_42_jpg,192,96,128,aa3f676867970aa98a82d8807bb5ecd6191322bc69c41224b47fd7e94989cc33
2199,images/test/noncrack_noncrack_concrete_wall_20_42_jpg.rf.dcb89d685307da56af8814471504af45.jpg,test,noncrack_noncrack_concrete_wall_20_42_jpg,192,192,128,aa3f676867970aa98a82d8807bb5ecd6191322bc69c41224b47fd7e94989cc33
2200,images/test/noncrack_noncrack_concrete_wall_20_55_jpg.rf.f17a591106fede86a0c6bbc7b3b672b3.jpg,test,noncrack_noncrack_concrete_wall_20_55_jpg,96,192,128,77483fe2ff19360e8e207b0eeced8e42e0803e38c192e97cc1385ff5c5a6e34a
2201,images/test/noncrack_noncrack_concrete_wall_20_55_jpg.rf.f17a591106fede86a0c6bbc7b3b672b3.jpg,test,noncrack_noncrack_concrete_wall_20_55_jpg,192,192,128,77483fe2ff19360e8e207b0eeced8e42e0803e38c192e97cc1385ff5c5a6e34a
2202,images/test/noncrack_noncrack_concrete_wall_20_63_jpg.rf.381b91ebe73fbf4f86b228c718b986dc.jpg,test,noncrack_noncrack_concrete_wall_20_63_jpg,192,96,128,2a547702d87c1e9667496a460bafd2cd2450684b8e2267e41ebf7cd4e2020e95
2203,images/test/noncrack_noncrack_concrete_wall_20_63_jpg.rf.381b91ebe73fbf4f86b228c718b986dc.jpg,test,noncrack_noncrack_concrete_wall_20_63_jpg,192,192,128,2a547702d87c1e9667496a460bafd2cd2450684b8e2267e41ebf7cd4e2020e95
2204,images/test/noncrack_noncrack_concrete_wall_20_64_jpg.rf.61a6a1b4f506cbf7465fa481585b9f7a.jpg,test,noncrack_noncrack_concrete_wall_20_64_jpg,192,96,128,4f8c76327012fd85e8e9c6b90b07b1de00839394b4ad5e331352a2059ac5f93c
2205,images/test/noncrack_noncrack_concrete_wall_20_64_jpg.rf.61a6a1b4f506cbf7465fa481585b9f7a.jpg,test,noncrack_noncrack_concrete_wall_20_64_jpg,96,192,128,4f8c76327012fd85e8e9c6b90b07b1de00839394b4ad5e331352a2059ac5f93c
2206,images/test/noncrack_noncrack_concrete_wall_20_64_jpg.rf.61a6a1b4f506cbf7465fa481585b9f7a.jpg,test,noncrack_noncrack_concrete_wall_20_64_jpg,192,192,128,4f8c76327012fd85e8e9c6b90b07b1de00839394b4ad5e331352a2059ac5f93c
2207,images/test/noncrack_noncrack_concrete_wall_22_7_jpg.rf.2b3a0848f7cfab273827fa42337f65cd.jpg,test,noncrack_noncrack_concrete_wall_22_7_jpg,96,192,128,92cb994e6914bfa7649ebb31b9a10bfb35768444fbef3c8871e5e74867c63927
2208,images/test/noncrack_noncrack_concrete_wall_22_7_jpg.rf.2b3a0848f7cfab273827fa42337f65cd.jpg,test,noncrack_noncrack_concrete_wall_22_7_jpg,192,192,128,92cb994e6914bfa7649ebb31b9a10bfb35768444fbef3c8871e5e74867c63927
2209,images/test/noncrack_noncrack_concrete_wall_23_2_jpg.rf.7989bf1008cf6c000cf98e1c7692d819.jpg,test,noncrack_noncrack_concrete_wall_23_2_jpg,96,192,128,39e4bcf60ab9eca8df389fb92023a608a640834b7dbe2a4058ec8bd253cae33a
2210,images/test/noncrack_noncrack_concrete_wall_23_2_jpg.rf.7989bf1008cf6c000cf98e1c7692d819.jpg,test,noncrack_noncrack_concrete_wall_23_2_jpg,192,192,128,39e4bcf60ab9eca8df389fb92023a608a640834b7dbe2a4058ec8bd253cae33a
2211,images/test/noncrack_noncrack_concrete_wall_23_8_jpg.rf.5c22a543de1404c158b38530e2467e51.jpg,test,noncrack_noncrack_concrete_wall_23_8_jpg,96,96,128,752f20fbf914e6abd7763345c47888f9f23d44a6b668bb9308d377d33bfcb39c
2212,images/test/noncrack_noncrack_concrete_wall_23_8_jpg.rf.5c22a543de1404c158b38530e2467e51.jpg,test,noncrack_noncrack_concrete_wall_23_8_jpg,192,96,128,752f20fbf914e6abd7763345c47888f9f23d44a6b668bb9308d377d33bfcb39c
2213,images/test/noncrack_noncrack_concrete_wall_23_8_jpg.rf.5c22a543de1404c158b38530e2467e51.jpg,test,noncrack_noncrack_concrete_wall_23_8_jpg,96,192,128,752f20fbf914e6abd7763345c47888f9f23d44a6b668bb9308d377d33bfcb39c
2214,images/test/noncrack_noncrack_concrete_wall_23_8_jpg.rf.5c22a543de1404c158b38530e2467e51.jpg,test,noncrack_noncrack_concrete_wall_23_8_jpg,192,192,128,752f20fbf914e6abd7763345c47888f9f23d44a6b668bb9308d377d33bfcb39c
2215,images/test/noncrack_noncrack_concrete_wall_24_14_jpg.rf.bd75edd11abff0465521773c0e33cc7f.jpg,test,noncrack_noncrack_concrete_wall_24_14_jpg,96,192,128,984a9557b71377c6e3dc018aef574f52f9a907a1c277a9feb013e7e733b603e7
2216,images/test/noncrack_noncrack_concrete_wall_24_14_jpg.rf.bd75edd11abff0465521773c0e33cc7f.jpg,test,noncrack_noncrack_concrete_wall_24_14_jpg,192,192,128,984a9557b71377c6e3dc018aef574f52f9a907a1c277a9feb013e7e733b603e7
2217,images/test/noncrack_noncrack_concrete_wall_24_16_jpg.rf.95bd4dbeec8bfc76cef1f801fe724177.jpg,test,noncrack_noncrack_concrete_wall_24_16_jpg,192,96,128,dc7dfa0daa1eb9873ab2525dd124f71ee038e8ccca053d62cfa29a4fe476777c
2218,images/test/noncrack_noncrack_concrete_wall_24_16_jpg.rf.95bd4dbeec8bfc76cef1f801fe724177.jpg,test,noncrack_noncrack_concrete_wall_24_16_jpg,96,192,128,dc7dfa0daa1eb9873ab2525dd124f71ee038e8ccca053d62cfa29a4fe476777c
2219,images/test/noncrack_noncrack_concrete_wall_24_16_jpg.rf.95bd4dbeec8bfc76cef1f801fe724177.jpg,test,noncrack_noncrack_concrete_wall_24_16_jpg,192,192,128,dc7dfa0daa1eb9873ab2525dd124f71ee038e8ccca053d62cfa29a4fe476777c
2220,images/test/noncrack_noncrack_concrete_wall_24_21_jpg.rf.a7bbb86060707e96a666cc49e2a040d0.jpg,test,noncrack_noncrack_concrete_wall_24_21_jpg,192,192,128,dc09f6c14a13e072641f26812986801e232821521b8484d41ec9a9518e03bff1
2221,images/test/noncrack_noncrack_concrete_wall_2_0_jpg.rf.e18fcb5f7296acb7fca422f44cb0ee9e.jpg,test,noncrack_noncrack_concrete_wall_2_0_jpg,96,96,128,6b55354cdf63c3574314707a503e3e595067af8be0e60d5f9b01a7dce93ce05d
2222,images/test/noncrack_noncrack_concrete_wall_2_0_jpg.rf.e18fcb5f7296acb7fca422f44cb0ee9e.jpg,test,noncrack_noncrack_concrete_wall_2_0_jpg,192,96,128,6b55354cdf63c3574314707a503e3e595067af8be0e60d5f9b01a7dce93ce05d
2223,images/test/noncrack_noncrack_concrete_wall_2_0_jpg.rf.e18fcb5f7296acb7fca422f44cb0ee9e.jpg,test,noncrack_noncrack_concrete_wall_2_0_jpg,96,192,128,6b55354cdf63c3574314707a503e3e595067af8be0e60d5f9b01a7dce93ce05d
2224,images/test/noncrack_noncrack_concrete_wall_2_0_jpg.rf.e18fcb5f7296acb7fca422f44cb0ee9e.jpg,test,noncrack_noncrack_concrete_wall_2_0_jpg,192,192,128,6b55354cdf63c3574314707a503e3e595067af8be0e60d5f9b01a7dce93ce05d
2225,images/test/noncrack_noncrack_concrete_wall_2_1_jpg.rf.dc7e95744ecdf87f28713b81f62397a4.jpg,test,noncrack_noncrack_concrete_wall_2_1_jpg,96,96,128,c22c3282ad9d24e5910205c53f900dcaab2b9e51764b63ddc9ff4fb0ab1d61cd
2226,images/test/noncrack_noncrack_concrete_wall_2_1_jpg.rf.dc7e95744ecdf87f28713b81f62397a4.jpg,test,noncrack_noncrack_concrete_wall_2_1_jpg,192,96,128,c22c3282ad9d24e5910205c53f900dcaab2b9e51764b63ddc9ff4fb0ab1d61cd
2227,images/test/noncrack_noncrack_concrete_wall_2_1_jpg.rf.dc7e95744ecdf87f28713b81f62397a4.jpg,test,noncrack_noncrack_concrete_wall_2_1_jpg,96,192,128,c22c3282ad9d24e5910205c53f900dcaab2b9e51764b63ddc9ff4fb0ab1d61cd
2228,images/test/noncrack_noncrack_concrete_wall_2_1_jpg.rf.dc7e95744ecdf87f28713b81f62397a4.jpg,test,noncrack_noncrack_concrete_wall_2_1_jpg,192,192,128,c22c3282ad9d24e5910205c53f900dcaab2b9e51764b63ddc9ff4fb0ab1d61cd
2229,images/test/noncrack_noncrack_concrete_wall_2_2_jpg.rf.a742e844bfe88381f1c36e1ed0a5a71b.jpg,test,noncrack_noncrack_concrete_wall_2_2_jpg,96,96,128,0dc4920d9151ccc32cb3ec257909f192ee82524a94b4be87484d86d73c0067f4
2230,images/test/noncrack_noncrack_concrete_wall_2_2_jpg.rf.a742e844bfe88381f1c36e1ed0a5a71b.jpg,test,noncrack_noncrack_concrete_wall_2_2_jpg,192,96,128,0dc4920d9151ccc32cb3ec257909f192ee82524a94b4be87484d86d73c0067f4
2231,images/test/noncrack_noncrack_concrete_wall_2_2_jpg.rf.a742e844bfe88381f1c36e1ed0a5a71b.jpg,test,noncrack_noncrack_concrete_wall_2_2_jpg,96,192,128,0dc4920d9151ccc32cb3ec257909f192ee82524a94b4be87484d86d73c0067f4
2232,images/test/noncrack_noncrack_concrete_wall_2_2_jpg.rf.a742e844bfe88381f1c36e1ed0a5a71b.jpg,test,noncrack_noncrack_concrete_wall_2_2_jpg,192,192,128,0dc4920d9151ccc32cb3ec257909f192ee82524a94b4be87484d86d73c0067f4
2233,images/test/po_2059_jpg.rf.1191f28207e390e7703e557a8ba6f53b.jpg,test,po_2059_jpg,96,96,128,28766dde53e0e18bea9b36fb6db850d83db7815a023a1ed598d28a06d84ab2f6
2234,images/test/po_2059_jpg.rf.1191f28207e390e7703e557a8ba6f53b.jpg,test,po_2059_jpg,192,96,128,28766dde53e0e18bea9b36fb6db850d83db7815a023a1ed598d28a06d84ab2f6
2235,images/test/po_2087_jpg.rf.613ded34e73ca16b7a14fbad45bb2c53.jpg,test,po_2087_jpg,96,96,128,6f2480d5b9a3b4ef31035fd0a902e8cfd10222d15078189e3f569798d3b37eb3
2236,images/test/po_2087_jpg.rf.613ded34e73ca16b7a14fbad45bb2c53.jpg,test,po_2087_jpg,96,192,128,6f2480d5b9a3b4ef31035fd0a902e8cfd10222d15078189e3f569798d3b37eb3
2237,images/test/po_2087_jpg.rf.613ded34e73ca16b7a14fbad45bb2c53.jpg,test,po_2087_jpg,192,192,128,6f2480d5b9a3b4ef31035fd0a902e8cfd10222d15078189e3f569798d3b37eb3
2238,images/test/po_2111_jpg.rf.16cbf09a178568b035ae389849b3b9f4.jpg,test,po_2111_jpg,96,96,128,3789bc0f49ca9b45241e4defd695a2bde1526c121a5416adde7302ccef333775
2239,images/test/po_2111_jpg.rf.16cbf09a178568b035ae389849b3b9f4.jpg,test,po_2111_jpg,192,96,128,3789bc0f49ca9b45241e4defd695a2bde1526c121a5416adde7302ccef333775
2240,images/test/po_2178_jpg.rf.a8d91b81ecd23fac970b61022c67f352.jpg,test,po_2178_jpg,96,192,128,0a5309d449fbed7d44b6d2cbe316cf4380d4529616816e969f0a7b029b25db23
2241,images/test/po_2178_jpg.rf.a8d91b81ecd23fac970b61022c67f352.jpg,test,po_2178_jpg,192,192,128,0a5309d449fbed7d44b6d2cbe316cf4380d4529616816e969f0a7b029b25db23
2242,images/test/po_2677_jpg.rf.bf454314a7870973c753766347618758.jpg,test,po_2677_jpg,96,96,128,727fb9a9a150539a3a2970c981c85cf4ee53580bf9f57174b790b01ad32b5d39
2243,images/test/po_2677_jpg.rf.bf454314a7870973c753766347618758.jpg,test,po_2677_jpg,192,96,128,727fb9a9a150539a3a2970c981c85cf4ee53580bf9f57174b790b01ad32b5d39
2244,images/test/po_2833_jpg.rf.71cbe284cd3fdb6fe502f643d5778aad.jpg,test,po_2833_jpg,192,96,128,ec6763995e2275745dc6b46092a31769518058c21368d43f6380823fb6262bd1
2245,images/test/po_3023_jpg.rf.1e64abec561989a37db59c7c22c0522c.jpg,test,po_3023_jpg,96,96,128,12661a82b0f732ba785c916a054d3f0454b581afaa9c0d990be7a7052845f15d
2246,images/test/po_3023_jpg.rf.1e64abec561989a37db59c7c22c0522c.jpg,test,po_3023_jpg,192,96,128,12661a82b0f732ba785c916a054d3f0454b581afaa9c0d990be7a7052845f15d
2247,images/test/po_3312_jpg.rf.da2131afa0b54bc432e067610fcb2a3e.jpg,test,po_3312_jpg,96,192,128,571c4328652c2a3280a0bf2d2a9f66ae93df64b8b793ff6ee52ec0a3a50ff0ca
2248,images/test/po_3312_jpg.rf.da2131afa0b54bc432e067610fcb2a3e.jpg,test,po_3312_jpg,192,192,128,571c4328652c2a3280a0bf2d2a9f66ae93df64b8b793ff6ee52ec0a3a50ff0ca
2249,images/test/po_3868_jpg.rf.bc55f0fb10110cc275de968f5b4e865d.jpg,test,po_3868_jpg,96,96,128,65f5b0cc7b4f7614fbd0f205ba37c3fc1cc48c0413b81aa6e97aab18ca26228d
2250,images/test/po_3868_jpg.rf.bc55f0fb10110cc275de968f5b4e865d.jpg,test,po_3868_jpg,192,96,128,65f5b0cc7b4f7614fbd0f205ba37c3fc1cc48c0413b81aa6e97aab18ca26228d
2251,images/test/po_449_jpg.rf.4cbd647e0e23cd113c9094b8b9b96b10.jpg,test,po_449_jpg,96,96,128,86773ea1e8e27a1aad2ee4e0048f050fa2a104aad70cbb02f3dc4e3e0b5388cf
2252,images/test/po_449_jpg.rf.4cbd647e0e23cd113c9094b8b9b96b10.jpg,test,po_449_jpg,192,96,128,86773ea1e8e27a1aad2ee4e0048f050fa2a104aad70cbb02f3dc4e3e0b5388cf
2253,images/test/po_458_jpg.rf.58b0f6bd4f8d526824936f62992b61ee.jpg,test,po_458_jpg,96,96,128,21e2beb17a8dce2273e8e394e31fafad82f7fbacb7849928ff0efa81bac4f376
2254,images/test/po_458_jpg.rf.58b0f6bd4f8d526824936f62992b61ee.jpg,test,po_458_jpg,192,96,128,21e2beb17a8dce2273e8e394e31fafad82f7fbacb7849928ff0efa81bac4f376
2255,images/test/po_573_jpg.rf.acd3ca735141a0df8334babe2c394a43.jpg,test,po_573_jpg,192,96,128,2d585e2f90518199384f618447bd9a2c9b3a8410ef4972e17b72292e746f9660
2256,images/test/po_573_jpg.rf.acd3ca735141a0df8334babe2c394a43.jpg,test,po_573_jpg,192,192,128,2d585e2f90518199384f618447bd9a2c9b3a8410ef4972e17b72292e746f9660
2257,images/test/po_671_jpg.rf.32201f050ead8a56f2fe104b1a7c163e.jpg,test,po_671_jpg,96,96,128,d07e5f8d8d1ae5f511665817cd1b9e418f19576cb35b188db6a3140f21b6d040
2258,images/test/po_671_jpg.rf.32201f050ead8a56f2fe104b1a7c163e.jpg,test,po_671_jpg,192,96,128,d07e5f8d8d1ae5f511665817cd1b9e418f19576cb35b188db6a3140f21b6d040
2259,images/test/po_942_jpg.rf.181e251ec9c1cebba5ffe9c914aa2223.jpg,test,po_942_jpg,96,192,128,19102f101e7ff568235bf41216ee80fd99ca9d257e364247ee5174ff7e4be7d2
