source_group,split,n_images,n_boxes,crack_boxes,pothole_boxes,background_only
011_png_jpg,train,3,12,0,12,0
013_png_jpg,train,3,12,0,12,0
016_png_jpg,train,3,12,0,12,0
018_png_jpg,train,3,12,0,12,0
019_png_jpg,train,3,12,0,12,0
024_png_jpg,train,3,15,0,15,0
025_png_jpg,val,1,5,0,5,0
028_png_jpg,train,1,5,0,5,0
029_png_jpg,train,1,5,0,5,0
030_png_jpg,train,1,5,0,5,0
031_png_jpg,train,3,15,0,15,0
033_png_jpg,train,3,15,0,15,0
035_png_jpg,train,3,15,0,15,0
036_png_jpg,train,1,5,0,5,0
041_png_jpg,train,3,16,0,16,0
046_png_jpg,train,3,15,0,15,0
047_png_jpg,test,1,7,0,7,0
054_png_jpg,val,1,5,0,5,0
058_png_jpg,train,3,18,0,18,0
061_png_jpg,train,3,18,0,18,0
063_png_jpg,train,3,18,0,18,0
066_png_jpg,train,3,27,0,27,0
067_png_jpg,val,1,8,0,8,0
068_png_jpg,train,3,21,0,21,0
069_png_jpg,train,3,28,0,28,0
071_png_jpg,test,1,9,0,9,0
072_png_jpg,train,3,27,0,27,0
074_png_jpg,train,3,27,0,27,0
075_png_jpg,train,3,26,0,26,0
080_png_jpg,val,1,9,0,9,0
083_png_jpg,train,1,9,0,9,0
087_png_jpg,train,1,10,0,10,0
091_png_jpg,train,1,10,0,10,0
095_png_jpg,test,1,10,0,10,0
097_png_jpg,train,3,21,0,21,0
106_png_jpg,test,1,9,0,9,0
111_png_jpg,train,1,8,0,8,0
112_png_jpg,train,3,27,0,27,0
115_png_jpg,val,1,10,0,10,0
119_png_jpg,test,1,10,0,10,0
122_png_jpg,train,3,7,0,7,0
126_png_jpg,train,3,7,0,7,0
130_png_jpg,train,3,33,0,33,0
131_png_jpg,train,1,11,0,11,0
132_png_jpg,train,3,34,0,34,0
137_png_jpg,train,3,26,0,26,0
139_png_jpg,train,3,6,0,6,0
140_png_jpg,train,3,9,0,9,0
141_png_jpg,train,3,21,0,21,0
142_png_jpg,train,3,18,0,18,0
143_png_jpg,test,1,2,0,2,0
145_png_jpg,train,4,18,0,18,0
149_png_jpg,train,3,21,0,21,0
152_png_jpg,train,1,2,0,2,0
153_png_jpg,train,3,24,0,24,0
154_png_jpg,train,1,9,0,9,0
156_png_jpg,train,3,30,0,30,0
163_png_jpg,train,3,9,0,9,0
166_png_jpg,train,3,9,0,9,0
167_png_jpg,train,3,21,0,21,0
168_png_jpg,train,1,7,0,7,0
170_png_jpg,train,1,6,0,6,0
171_png_jpg,train,1,7,0,7,0
173_png_jpg,train,6,24,0,24,0
174_png_jpg,train,3,19,0,19,0
175_png_jpg,train,3,6,0,6,0
176_png_jpg,test,1,2,0,2,0
178_png_jpg,train,3,15,0,15,0
179_png_jpg,train,6,21,0,21,0
180_png_jpg,train,6,19,0,19,0
181_png_jpg,train,3,18,0,18,0
190_png_jpg,train,1,4,0,4,0
192_png_jpg,train,3,0,0,0,1
193_png_jpg,train,3,0,0,0,1
195_png_jpg,train,3,11,0,11,0
198_png_jpg,train,3,6,0,6,0
199_png_jpg,train,1,2,0,2,0
20160222_080850_jpg,train,4,4,4,0,0
20160222_080933_jpg,train,2,2,2,0,0
20160222_081011_jpg,train,1,1,1,0,0
20160222_081031_jpg,test,1,1,1,0,0
20160222_081102_jpg,train,1,2,2,0,0
20160222_081111_jpg,test,1,1,1,0,0
20160222_081113_jpg,train,4,4,4,0,0
20160222_081839_jpg,train,4,12,12,0,0
20160222_081908_jpg,test,1,2,2,0,0
20160222_082414_jpg,train,1,1,1,0,0
20160222_115233_jpg,test,1,1,1,0,0
20160222_115305_jpg,train,1,3,3,0,0
20160222_115738_jpg,train,1,1,1,0,0
20160222_115805_jpg,train,2,2,2,0,0
20160222_115828_jpg,train,2,2,2,0,0
20160222_115833_jpg,train,3,3,3,0,0
20160222_163940_jpg,train,3,3,3,0,0
20160222_164021_jpg,train,3,3,3,0,0
20160222_164936_jpg,train,3,3,3,0,0
20160222_165031_jpg,train,1,1,1,0,0
20160222_165037_jpg,train,4,4,4,0,0
20160222_165218_jpg,train,1,3,3,0,0
20160222_165225_jpg,test,1,1,1,0,0
20160222_165256_jpg,test,1,2,2,0,0
20160222_165402_jpg,train,1,1,1,0,0
20160222_165625_jpg,val,1,1,1,0,0
20160222_165715_jpg,val,1,2,2,0,0
20160222_165919_jpg,train,1,2,2,0,0
20160222_165926_jpg,train,1,3,3,0,0
20160222_165937_jpg,test,1,2,2,0,0
20160225_114503_jpg,train,3,6,6,0,0
20160225_114514_jpg,train,3,9,9,0,0
20160225_114531_jpg,train,3,3,3,0,0
20160225_114535_jpg,train,3,3,3,0,0
20160302_155848_jpg,train,4,4,4,0,0
20160302_155914_jpg,train,2,2,2,0,0
20160302_155919_jpg,train,1,1,1,0,0
20160302_155925_jpg,train,3,3,3,0,0
20160302_160033_jpg,test,1,1,1,0,0
20160303_091825_jpg,train,3,3,3,0,0
20160303_091830_jpg,train,1,1,1,0,0
20160303_091837_jpg,train,4,4,4,0,0
20160303_092627_jpg,test,1,1,1,0,0
20160303_092806_jpg,train,3,6,6,0,0
20160303_092839_jpg,val,1,1,1,0,0
20160303_093353_jpg,train,3,3,3,0,0
20160303_093400_jpg,test,1,1,1,0,0
20160303_093527_jpg,train,1,2,2,0,0
20160306_103613_jpg,train,4,4,4,0,0
20160306_103632_jpg,train,4,7,7,0,0
20160306_103638_jpg,train,4,10,10,0,0
20160306_103657_jpg,train,4,7,7,0,0
20160306_103830_jpg,train,3,9,9,0,0
20160306_103903_jpg,train,4,4,4,0,0
20160306_104456_jpg,train,3,6,6,0,0
20160306_104522_jpg,train,3,6,6,0,0
20160306_104527_jpg,test,1,1,1,0,0
20160307_143827_jpg,train,3,3,3,0,0
20160307_144115_jpg,train,4,4,4,0,0
20160307_144202_jpg,train,2,2,2,0,0
20160307_144252_jpg,train,1,1,1,0,0
20160307_144916_jpg,val,1,1,1,0,0
20160307_144924_jpg,train,1,1,1,0,0
20160307_144931_jpg,train,3,6,6,0,0
20160307_145000_jpg,train,1,1,1,0,0
20160307_145059_jpg,train,3,9,9,0,0
20160307_145107_jpg,val,1,2,2,0,0
20160307_145255_jpg,train,4,4,4,0,0
20160307_145259_jpg,train,4,4,4,0,0
20160307_162438_jpg,train,3,3,3,0,0
20160307_162704_jpg,train,3,9,9,0,0
20160307_163342_jpg,train,3,3,3,0,0
20160307_163352_jpg,train,3,3,3,0,0
20160307_163537_jpg,train,4,7,7,0,0
20160307_163552_jpg,train,4,8,8,0,0
20160307_163613_jpg,train,3,3,3,0,0
20160307_163627_jpg,train,3,3,3,0,0
20160307_163641_jpg,val,1,1,1,0,0
20160307_164143_jpg,train,1,2,2,0,0
20160307_164214_jpg,test,1,1,1,0,0
20160307_164226_jpg,test,1,4,4,0,0
20160307_164301_jpg,train,3,6,6,0,0
20160307_164319_jpg,train,3,6,6,0,0
20160307_164334_jpg,train,3,6,6,0,0
20160307_164400_jpg,train,4,8,8,0,0
20160307_164517_jpg,train,3,6,6,0,0
20160308_072824_jpg,train,3,6,6,0,0
20160308_072831_jpg,train,3,6,6,0,0
20160308_072844_jpg,train,3,3,3,0,0
20160308_072921_jpg,train,3,3,3,0,0
20160308_072927_jpg,train,3,6,6,0,0
20160308_072935_jpg,train,2,2,2,0,0
20160308_072944_jpg,test,1,2,2,0,0
20160308_072951_jpg,train,3,6,6,0,0
20160308_073213_jpg,train,2,2,2,0,0
20160308_073245_jpg,train,4,8,8,0,0
20160308_073310_jpg,train,3,6,6,0,0
20160308_073356_jpg,train,3,3,3,0,0
20160308_073406_jpg,train,4,4,4,0,0
20160308_073532_jpg,val,1,1,1,0,0
20160308_073736_jpg,train,3,3,3,0,0
20160308_074101_jpg,train,4,4,4,0,0
20160308_074134_jpg,train,3,6,6,0,0
20160308_074321_jpg,val,1,2,2,0,0
20160308_074330_jpg,train,3,3,3,0,0
20160308_074702_jpg,train,2,2,2,0,0
20160308_155516_jpg,train,3,12,12,0,0
20160308_155537_jpg,train,4,4,4,0,0
20160308_155720_jpg,train,3,6,6,0,0
20160308_155731_jpg,train,3,3,3,0,0
20160308_155737_jpg,train,3,6,6,0,0
20160308_155828_jpg,train,4,4,4,0,0
20160308_155836_jpg,train,4,4,4,0,0
20160308_155847_jpg,val,1,2,2,0,0
20160308_160053_jpg,train,4,4,4,0,0
20160310_114418_jpg,train,4,4,4,0,0
20160310_114425_jpg,train,3,3,3,0,0
20160310_114429_jpg,train,4,4,4,0,0
20160310_114441_jpg,train,4,4,4,0,0
20160310_114446_jpg,train,3,3,3,0,0
20160310_114459_jpg,train,4,4,4,0,0
20160310_114505_jpg,train,3,3,3,0,0
20160310_114658_jpg,train,1,1,1,0,0
20160316_141721_jpg,train,2,2,2,0,0
20160316_141736_jpg,train,2,4,4,0,0
20160316_142009_jpg,train,1,1,1,0,0
20160316_142014_jpg,train,3,6,6,0,0
20160316_142027_jpg,train,3,6,6,0,0
20160316_142031_jpg,train,4,4,4,0,0
20160316_142035_jpg,train,3,6,6,0,0
20160316_142223_jpg,train,4,4,4,0,0
20160316_142226_jpg,train,4,4,4,0,0
20160316_142449_jpg,train,3,3,3,0,0
20160316_142539_jpg,train,3,3,3,0,0
20160316_143445_jpg,train,3,9,9,0,0
20160316_143527_jpg,train,3,9,9,0,0
20160316_143547_jpg,train,2,3,3,0,0
20160316_143603_jpg,train,3,9,9,0,0
20160316_143624_jpg,train,1,2,2,0,0
20160316_143629_jpg,train,2,2,2,0,0
20160316_144105_jpg,train,3,9,9,0,0
20160316_144203_jpg,train,3,3,3,0,0
20160316_144212_jpg,train,2,2,2,0,0
20160316_144230_jpg,test,1,2,2,0,0
20160316_144241_jpg,train,3,6,6,0,0
20160316_183217_jpg,train,3,3,3,0,0
20160318_084343_jpg,train,4,4,4,0,0
20160318_181602_jpg,train,4,7,7,0,0
20160318_181627_jpg,train,3,6,6,0,0
20160318_181632_jpg,test,1,2,2,0,0
20160318_181712_jpg,train,4,4,4,0,0
20160321_183909_jpg,train,3,3,3,0,0
20160321_183947_jpg,train,2,2,2,0,0
20160321_183951_jpg,train,3,6,6,0,0
20160321_185457_jpg,train,1,2,2,0,0
20160321_185518_jpg,train,3,6,6,0,0
20160321_185534_jpg,train,1,1,1,0,0
20160324_165857_jpg,train,4,4,4,0,0
20160324_170309_jpg,train,2,4,4,0,0
20160324_170323_jpg,train,4,4,4,0,0
20160324_170347_jpg,train,3,3,3,0,0
20160324_170408_jpg,train,4,4,4,0,0
20160324_170542_jpg,train,4,4,4,0,0
20160324_170655_jpg,test,1,1,1,0,0
20160324_173501_jpg,train,3,3,3,0,0
20160324_173527_jpg,train,3,3,3,0,0
20160325_185829_jpg,val,1,2,2,0,0
20160326_142309_jpg,train,4,4,4,0,0
20160326_142327_jpg,train,3,6,6,0,0
20160326_142349_jpg,train,3,3,3,0,0
20160326_142403_jpg,train,3,6,6,0,0
20160326_144512_jpg,train,4,4,4,0,0
20160326_150104_jpg,train,4,4,4,0,0
20160326_150319_jpg,train,4,4,4,0,0
20160326_150337_jpg,test,1,1,1,0,0
20160326_162529_jpg,train,3,3,3,0,0
20160326_162532_jpg,train,4,4,4,0,0
20160326_162538_jpg,train,3,6,6,0,0
20160328_150821_jpg,train,3,3,3,0,0
20160328_150827_jpg,train,1,3,3,0,0
20160328_150932_jpg,train,3,3,3,0,0
20160328_150940_jpg,train,3,6,6,0,0
20160328_151013_jpg,train,3,6,6,0,0
20160328_151014_jpg,train,3,6,6,0,0
20160328_151020_jpg,train,3,3,3,0,0
20160328_151027_jpg,train,3,6,6,0,0
20160328_151056_jpg,train,3,6,6,0,0
20160328_151057_jpg,train,3,6,6,0,0
20160328_151151_jpg,train,3,6,6,0,0
20160328_151201_jpg,train,4,4,4,0,0
20160328_151212_jpg,train,1,1,1,0,0
20160328_151241_jpg,val,1,1,1,0,0
20160328_151243_jpg,train,2,2,2,0,0
20160328_151247_jpg,train,3,6,6,0,0
20160328_151252_jpg,train,3,6,6,0,0
20160328_151343_jpg,train,3,6,6,0,0
20160328_151402_jpg,train,3,9,9,0,0
20160328_151409_jpg,train,3,3,3,0,0
20160328_151413_jpg,train,3,6,6,0,0
20160328_151423_jpg,train,3,3,3,0,0
20160328_151429_jpg,train,3,9,9,0,0
20160328_151504_jpg,train,3,6,6,0,0
20160328_151506_jpg,train,2,2,2,0,0
20160328_151657_jpg,train,3,3,3,0,0
20160328_151728_jpg,train,4,4,4,0,0
20160328_151752_jpg,train,4,4,4,0,0
20160328_151808_jpg,train,3,9,9,0,0
20160328_151814_jpg,train,4,4,4,0,0
20160328_151945_jpg,train,1,1,1,0,0
20160328_152022_jpg,train,3,9,9,0,0
20160328_152305_jpg,train,4,4,4,0,0
20160328_152308_jpg,train,4,4,4,0,0
20160328_152322_jpg,train,4,11,11,0,0
20160328_152328_jpg,train,4,4,4,0,0
20160328_152336_jpg,val,1,1,1,0,0
20160328_152511_jpg,train,2,2,2,0,0
20160328_152514_jpg,train,4,4,4,0,0
20160328_152747_jpg,train,1,1,1,0,0
20160328_153020_jpg,train,4,4,4,0,0
20160328_153241_jpg,train,3,3,3,0,0
20160328_153327_jpg,train,4,4,4,0,0
20160328_153357_jpg,train,3,6,6,0,0
20160328_153404_jpg,train,3,3,3,0,0
20160328_153421_jpg,train,1,2,2,0,0
20160328_153524_jpg,train,4,4,4,0,0
20160328_153533_jpg,train,3,12,12,0,0
20160328_153536_jpg,train,4,7,7,0,0
20160328_153540_jpg,train,3,9,9,0,0
20160328_153544_jpg,test,1,2,2,0,0
20160328_153548_jpg,train,3,9,9,0,0
20160328_153553_jpg,train,4,8,8,0,0
20160328_153556_jpg,train,3,6,6,0,0
20160328_153559_jpg,train,4,4,4,0,0
20160328_153604_jpg,train,3,6,6,0,0
20160328_153612_jpg,train,3,9,9,0,0
20160328_153616_jpg,train,3,9,9,0,0
20160328_153620_jpg,train,3,6,6,0,0
20160328_153623_jpg,train,4,4,4,0,0
20160328_153629_jpg,train,3,3,3,0,0
20160328_153632_jpg,train,3,6,6,0,0
20160328_153654_jpg,train,3,6,6,0,0
20160328_153657_jpg,test,1,3,3,0,0
20160328_153702_jpg,test,1,4,4,0,0
20160328_153706_jpg,test,1,4,4,0,0
20160328_153714_jpg,train,3,12,12,0,0
20160328_153718_jpg,train,3,9,9,0,0
20160328_153724_jpg,train,3,9,9,0,0
20160328_153732_jpg,train,2,2,2,0,0
20160328_153801_jpg,train,1,1,1,0,0
20160328_153821_jpg,train,3,6,6,0,0
20160328_153829_jpg,test,1,2,2,0,0
20160328_153845_jpg,train,3,9,9,0,0
20160328_153848_jpg,train,3,6,6,0,0
20160328_153915_jpg,train,4,4,4,0,0
20160328_153918_jpg,train,1,1,1,0,0
20160328_154011_jpg,train,3,9,9,0,0
20160328_154017_jpg,train,3,6,6,0,0
20160328_154159_jpg,train,3,6,6,0,0
20160328_154202_jpg,train,3,6,6,0,0
20160328_154318_jpg,train,1,2,2,0,0
20160328_154325_jpg,train,1,2,2,0,0
20160328_154334_jpg,train,3,3,3,0,0
20160328_154352_jpg,train,3,6,6,0,0
20160328_154356_jpg,train,3,6,6,0,0
20160328_154429_jpg,train,3,3,3,0,0
20160328_154452_jpg,train,5,5,5,0,0
20160328_154454_jpg,train,2,2,2,0,0
20160328_154535_jpg,train,1,1,1,0,0
20160328_154540_jpg,train,3,3,3,0,0
20160329_093920_jpg,train,1,3,3,0,0
20160329_093924_jpg,test,1,2,2,0,0
20160329_094003_jpg,train,2,2,2,0,0
20160329_094006_jpg,val,1,3,3,0,0
20160329_094010_jpg,train,2,2,2,0,0
20160329_094016_jpg,test,1,1,1,0,0
20160329_094025_jpg,test,1,1,1,0,0
20160329_094055_jpg,test,1,2,2,0,0
20160329_094507_jpg,test,1,1,1,0,0
20160329_094512_jpg,test,1,2,2,0,0
20160329_094527_jpg,train,2,3,3,0,0
20160329_094632_jpg,train,2,4,4,0,0
20160329_101342_jpg,train,2,4,4,0,0
20160329_101347_jpg,train,2,2,2,0,0
20160329_101503_jpg,val,1,3,3,0,0
20160329_101507_jpg,train,1,2,2,0,0
20160329_101511_jpg,train,2,3,3,0,0
20160329_101514_jpg,train,2,2,2,0,0
20160329_101520_jpg,train,2,4,4,0,0
20160329_101524_jpg,train,2,2,2,0,0
20160329_103530_jpg,test,1,1,1,0,0
20160329_103609_jpg,train,3,3,3,0,0
20160329_103626_jpg,val,1,1,1,0,0
20160329_103800_jpg,val,1,2,2,0,0
20160329_103807_jpg,train,1,1,1,0,0
20160329_104024_jpg,test,1,2,2,0,0
20160329_104031_jpg,test,1,2,2,0,0
20160329_104035_jpg,train,1,2,2,0,0
20160329_104038_jpg,train,2,2,2,0,0
20160329_104100_jpg,val,1,1,1,0,0
20160329_104107_jpg,train,1,4,4,0,0
20160329_104111_jpg,test,1,3,3,0,0
20160329_104117_jpg,train,1,1,1,0,0
20160329_104120_jpg,train,1,2,2,0,0
20160329_104133_jpg,train,2,2,2,0,0
20160329_104201_jpg,train,2,2,2,0,0
20160329_104205_jpg,train,2,2,2,0,0
20160329_111111_jpg,train,3,3,3,0,0
20160329_115529_jpg,test,1,2,2,0,0
20160329_115531_jpg,test,1,3,3,0,0
20160330_160938_jpg,train,2,2,2,0,0
20160330_163725_jpg,test,1,1,1,0,0
20160330_163855_jpg,test,1,2,2,0,0
20160330_163941_jpg,train,2,2,2,0,0
20160330_163946_jpg,test,1,2,2,0,0
20160330_164743_jpg,train,1,3,3,0,0
20160330_164935_jpg,test,1,1,1,0,0
20160330_165333_jpg,test,1,1,1,0,0
20160330_165644_jpg,val,1,1,1,0,0
20160330_165956_jpg,val,1,1,1,0,0
20160330_170014_jpg,val,1,1,1,0,0
20160330_170114_jpg,val,1,1,1,0,0
20160330_170201_jpg,test,1,1,1,0,0
20160330_170256_jpg,test,1,1,1,0,0
20160330_170302_jpg,train,1,2,2,0,0
20160330_170308_jpg,val,1,1,1,0,0
20160330_170348_jpg,train,2,2,2,0,0
20160330_170359_jpg,train,2,2,2,0,0
20160330_170428_jpg,train,2,2,2,0,0
20160330_170501_jpg,train,2,2,2,0,0
20160330_170504_jpg,train,2,2,2,0,0
20160330_170507_jpg,train,2,2,2,0,0
20160330_170848_jpg,train,1,2,2,0,0
20160330_170922_jpg,train,1,2,2,0,0
20160330_172309_jpg,train,1,1,1,0,0
20160402_150105_jpg,train,1,2,2,0,0
20160402_150110_jpg,train,1,3,3,0,0
20160402_150300_jpg,train,2,2,2,0,0
20160402_150304_jpg,train,2,2,2,0,0
20160402_150314_jpg,test,1,2,2,0,0
20160402_150317_jpg,train,2,3,3,0,0
20160402_150938_jpg,test,1,3,3,0,0
20160402_150942_jpg,test,1,2,2,0,0
20160402_151049_jpg,test,1,1,1,0,0
20160402_151054_jpg,train,1,2,2,0,0
20160402_151837_jpg,train,2,2,2,0,0
20160405_171215_jpg,test,1,1,1,0,0
20160405_171219_jpg,train,1,1,1,0,0
20160405_171333_jpg,train,1,1,1,0,0
20160405_171336_jpg,val,1,1,1,0,0
20160405_171348_jpg,train,2,2,2,0,0
20160405_171353_jpg,train,2,2,2,0,0
20160405_171410_jpg,train,2,2,2,0,0
20160405_171431_jpg,val,1,2,2,0,0
20160405_171453_jpg,test,1,3,3,0,0
20160405_171456_jpg,test,1,2,2,0,0
20160405_171712_jpg,test,1,2,2,0,0
20160405_171716_jpg,train,1,2,2,0,0
20160405_171723_jpg,test,1,2,2,0,0
20160405_172849_jpg,train,1,3,3,0,0
20160405_172854_jpg,train,1,1,1,0,0
20160405_172908_jpg,val,1,1,1,0,0
20160407_163125_jpg,train,2,2,2,0,0
20160407_163130_jpg,train,2,2,2,0,0
20160407_163257_jpg,test,1,2,2,0,0
20160407_163515_jpg,train,2,2,2,0,0
20160407_163522_jpg,train,2,2,2,0,0
20160407_164918_jpg,val,1,1,1,0,0
20160407_165001_jpg,train,2,2,2,0,0
20160407_165009_jpg,train,2,4,4,0,0
20160407_165210_jpg,train,2,3,3,0,0
20160413_113422_jpg,train,1,1,1,0,0
20160415_191330_jpg,train,2,2,2,0,0
202_png_jpg,train,3,6,0,6,0
204_png_jpg,train,3,5,0,5,0
206_png_jpg,train,3,4,0,4,0
207_png_jpg,test,1,1,0,1,0
218_png_jpg,test,1,0,0,0,1
227_png_jpg,train,3,3,0,3,0
230_png_jpg,train,3,3,0,3,0
291_png_jpg,train,1,1,0,1,0
294_png_jpg,train,3,3,0,3,0
296_png_jpg,train,3,3,0,3,0
297_png_jpg,train,3,3,0,3,0
300_png_jpg,val,1,1,0,1,0
301_png_jpg,train,1,1,0,1,0
306_png_jpg,train,3,3,0,3,0
341_png_jpg,train,3,3,0,3,0
343_png_jpg,val,1,0,0,0,1
364_png_jpg,train,3,3,0,3,0
369_png_jpg,train,3,3,0,3,0
370_png_jpg,train,3,3,0,3,0
371_png_jpg,train,3,3,0,3,0
372_png_jpg,train,1,1,0,1,0
375_png_jpg,train,3,9,0,9,0
377_png_jpg,train,3,9,0,9,0
378_png_jpg,train,3,9,0,9,0
383_png_jpg,train,3,6,0,6,0
389_png_jpg,train,3,9,0,9,0
390_png_jpg,train,3,6,0,6,0
391_png_jpg,train,3,9,0,9,0
392_png_jpg,train,3,9,0,9,0
393_png_jpg,test,1,3,0,3,0
394_png_jpg,train,3,6,0,6,0
395_png_jpg,train,1,2,0,2,0
396_png_jpg,train,3,6,0,6,0
397_png_jpg,train,3,6,0,6,0
398_png_jpg,train,3,6,0,6,0
401_png_jpg,test,1,2,0,2,0
406_png_jpg,train,3,6,0,6,0
412_png_jpg,train,3,3,0,3,0
415_png_jpg,train,3,3,0,3,0
419_png_jpg,train,3,3,0,3,0
421_png_jpg,train,3,3,0,3,0
423_png_jpg,train,3,3,0,3,0
427_png_jpg,train,3,3,0,3,0
431_png_jpg,train,1,2,0,2,0
433_png_jpg,val,1,2,0,2,0
440_png_jpg,train,3,4,0,4,0
443_png_jpg,test,1,2,0,2,0
444_png_jpg,val,1,2,0,2,0
447_png_jpg,val,1,2,0,2,0
452_png_jpg,test,1,3,0,3,0
458_png_jpg,train,3,9,0,9,0
460_png_jpg,train,3,9,0,9,0
463_png_jpg,train,3,9,0,9,0
465_png_jpg,train,3,12,0,12,0
467_png_jpg,train,3,12,0,12,0
470_png_jpg,train,3,12,0,12,0
471_png_jpg,train,3,12,0,12,0
472_png_jpg,train,3,12,0,12,0
476_png_jpg,train,1,3,0,3,0
477_png_jpg,train,3,9,0,9,0
483_png_jpg,train,3,9,0,9,0
486_png_jpg,train,3,12,0,12,0
488_png_jpg,val,1,4,0,4,0
490_png_jpg,train,3,15,0,15,0
491_png_jpg,train,3,15,0,15,0
493_png_jpg,test,1,4,0,4,0
498_png_jpg,train,3,12,0,12,0
656_png_jpg,train,3,15,0,15,0
660_png_jpg,train,3,15,0,15,0
668_png_jpg,train,2,10,0,10,0
672_png_jpg,val,1,4,0,4,0
673_png_jpg,train,3,12,0,12,0
676_png_jpg,train,3,12,0,12,0
678_png_jpg,train,3,9,0,9,0
679_png_jpg,val,1,4,0,4,0
680_png_jpg,train,3,8,0,8,0
683_png_jpg,train,3,6,0,6,0
684_png_jpg,test,1,4,0,4,0
686_png_jpg,train,3,7,0,7,0
688_png_jpg,test,1,2,0,2,0
689_png_jpg,train,3,8,0,8,0
692_png_jpg,train,3,8,0,8,0
693_png_jpg,train,3,7,0,7,0
694_png_jpg,test,1,3,0,3,0
696_png_jpg,train,3,6,0,6,0
697_png_jpg,train,3,9,0,9,0
699_png_jpg,train,3,9,0,9,0
704_png_jpg,train,3,9,0,9,0
705_png_jpg,train,3,7,0,7,0
707_png_jpg,train,3,8,0,8,0
709_png_jpg,train,3,9,0,9,0
712_png_jpg,train,3,9,0,9,0
713_png_jpg,train,3,9,0,9,0
714_png_jpg,train,3,9,0,9,0
715_png_jpg,train,3,9,0,9,0
716_png_jpg,train,3,9,0,9,0
718_png_jpg,train,3,9,0,9,0
719_png_jpg,train,3,9,0,9,0
720_png_jpg,train,3,9,0,9,0
725_png_jpg,train,1,4,0,4,0
726_png_jpg,train,3,9,0,9,0
728_png_jpg,val,1,4,0,4,0
730_png_jpg,train,3,9,0,9,0
731_png_jpg,test,1,4,0,4,0
735_png_jpg,train,3,12,0,12,0
736_png_jpg,train,3,12,0,12,0
737_png_jpg,train,3,12,0,12,0
739_png_jpg,train,1,4,0,4,0
740_png_jpg,train,2,6,0,6,0
743_png_jpg,train,3,12,0,12,0
757_png_jpg,train,3,18,0,18,0
765_png_jpg,train,3,18,0,18,0
766_png_jpg,train,3,27,0,27,0
767_png_jpg,train,3,29,0,29,0
768_png_jpg,train,3,27,0,27,0
774_png_jpg,train,3,27,0,27,0
777_png_jpg,train,3,33,0,33,0
778_png_jpg,train,3,30,0,30,0
779_png_jpg,train,3,27,0,27,0
784_png_jpg,train,3,27,0,27,0
793_png_jpg,train,3,25,0,25,0
794_png_jpg,train,3,26,0,26,0
800_png_jpg,train,3,21,0,21,0
801_png_jpg,test,1,6,0,6,0
802_png_jpg,train,3,21,0,21,0
807_png_jpg,train,1,4,0,4,0
810_png_jpg,val,1,1,0,1,0
815_png_jpg,train,3,19,0,19,0
816_png_jpg,test,1,6,0,6,0
818_png_jpg,train,3,15,0,15,0
832_png_jpg,test,1,4,0,4,0
836_png_jpg,train,3,15,0,15,0
839_png_jpg,train,3,15,0,15,0
842_png_jpg,train,1,4,0,4,0
845_png_jpg,train,3,12,0,12,0
847_png_jpg,test,1,4,0,4,0
849_png_jpg,test,1,2,0,2,0
851_png_jpg,train,3,9,0,9,0
854_png_jpg,train,3,9,0,9,0
857_png_jpg,test,1,2,0,2,0
863_png_jpg,train,3,6,0,6,0
864_png_jpg,train,3,3,0,3,0
865_png_jpg,train,1,1,0,1,0
871_png_jpg,train,3,3,0,3,0
876_png_jpg,train,3,3,0,3,0
880_png_jpg,train,3,3,0,3,0
881_png_jpg,train,3,3,0,3,0
884_png_jpg,train,3,3,0,3,0
cfd_001_jpg,test,1,1,1,0,0
cfd_002_jpg,train,3,10,10,0,0
cfd_003_jpg,train,2,4,4,0,0
cfd_004_jpg,train,3,7,7,0,0
cfd_005_jpg,train,2,2,2,0,0
cfd_006_jpg,train,3,3,3,0,0
cfd_007_jpg,train,3,3,3,0,0
cfd_008_jpg,train,3,7,7,0,0
cfd_009_jpg,train,2,2,2,0,0
cfd_010_jpg,train,3,3,3,0,0
cfd_011_jpg,train,1,1,1,0,0
cfd_012_jpg,train,3,7,7,0,0
cfd_013_jpg,train,2,3,3,0,0
cfd_014_jpg,train,3,3,3,0,0
cfd_015_jpg,train,1,1,1,0,0
cfd_016_jpg,train,2,4,4,0,0
cfd_017_jpg,train,2,2,2,0,0
cfd_018_jpg,train,2,2,2,0,0
cfd_019_jpg,train,3,9,9,0,0
cfd_020_jpg,train,3,3,3,0,0
cfd_021_jpg,train,3,8,8,0,0
cfd_022_jpg,train,2,4,4,0,0
cfd_023_jpg,test,1,1,1,0,0
cfd_024_jpg,train,2,6,6,0,0
cfd_025_jpg,test,1,1,1,0,0
cfd_026_jpg,train,2,2,2,0,0
cfd_027_jpg,train,3,3,3,0,0
cfd_028_jpg,train,3,3,3,0,0
cfd_029_jpg,train,2,2,2,0,0
cfd_030_jpg,train,3,3,3,0,0
cfd_031_jpg,train,1,5,5,0,0
cfd_032_jpg,train,2,8,8,0,0
cfd_033_jpg,train,3,9,9,0,0
cfd_034_jpg,train,2,9,9,0,0
cfd_035_jpg,train,1,10,10,0,0
cfd_036_jpg,train,2,4,4,0,0
cfd_037_jpg,train,2,10,10,0,0
cfd_038_jpg,train,2,2,2,0,0
cfd_039_jpg,train,2,2,2,0,0
cfd_040_jpg,train,3,7,7,0,0
cfd_041_jpg,train,3,3,3,0,0
cfd_042_jpg,train,2,2,2,0,0
cfd_043_jpg,train,2,2,2,0,0
cfd_044_jpg,train,3,4,4,0,0
cfd_045_jpg,train,2,3,3,0,0
cfd_046_jpg,train,1,3,3,0,0
cfd_047_jpg,train,1,2,2,0,0
cfd_048_jpg,train,2,2,2,0,0
cfd_049_jpg,train,2,2,2,0,0
cfd_050_jpg,train,2,2,2,0,0
cfd_051_jpg,train,2,2,2,0,0
cfd_052_jpg,train,2,2,2,0,0
cfd_053_jpg,train,2,2,2,0,0
cfd_054_jpg,train,3,3,3,0,0
cfd_055_jpg,train,1,1,1,0,0
cfd_056_jpg,train,2,2,2,0,0
cfd_057_jpg,train,1,2,2,0,0
cfd_058_jpg,test,1,2,2,0,0
cfd_059_jpg,train,3,3,3,0,0
cfd_060_jpg,train,2,6,6,0,0
cfd_061_jpg,train,3,12,12,0,0
cfd_062_jpg,train,3,3,3,0,0
cfd_063_jpg,train,2,5,5,0,0
cfd_064_jpg,train,3,3,3,0,0
cfd_065_jpg,train,3,6,6,0,0
cfd_066_jpg,train,3,5,5,0,0
cfd_067_jpg,train,2,2,2,0,0
cfd_068_jpg,train,2,7,7,0,0
cfd_069_jpg,train,3,3,3,0,0
cfd_070_jpg,train,2,2,2,0,0
cfd_071_jpg,train,3,5,5,0,0
cfd_072_jpg,train,2,4,4,0,0
cfd_073_jpg,train,2,3,3,0,0
cfd_074_jpg,test,1,4,4,0,0
cfd_075_jpg,train,2,12,12,0,0
cfd_076_jpg,train,2,6,6,0,0
cfd_077_jpg,test,1,3,3,0,0
cfd_078_jpg,val,1,2,2,0,0
cfd_079_jpg,train,1,3,3,0,0
cfd_081_jpg,train,2,10,10,0,0
cfd_082_jpg,train,2,2,2,0,0
cfd_083_jpg,train,1,1,1,0,0
cfd_084_jpg,train,2,4,4,0,0
cfd_085_jpg,val,1,1,1,0,0
cfd_086_jpg,train,2,3,3,0,0
cfd_087_jpg,train,2,2,2,0,0
cfd_088_jpg,val,1,2,2,0,0
cfd_089_jpg,test,1,2,2,0,0
cfd_090_jpg,test,1,2,2,0,0
cfd_091_jpg,train,2,6,6,0,0
cfd_092_jpg,train,2,5,5,0,0
cfd_093_jpg,test,1,7,7,0,0
cfd_094_jpg,train,2,2,2,0,0
cfd_095_jpg,train,2,2,2,0,0
cfd_096_jpg,train,2,4,4,0,0
cfd_097_jpg,train,2,8,8,0,0
cfd_098_jpg,train,2,2,2,0,0
cfd_099_jpg,train,2,3,3,0,0
cfd_100_jpg,train,2,2,2,0,0
cfd_101_jpg,train,2,16,16,0,0
cfd_102_jpg,train,2,8,8,0,0
cfd_103_jpg,train,2,2,2,0,0
cfd_104_jpg,train,2,2,2,0,0
cfd_105_jpg,train,2,2,2,0,0
cfd_106_jpg,train,2,2,2,0,0
cfd_107_jpg,train,2,4,4,0,0
cfd_108_jpg,train,2,2,2,0,0
cfd_109_jpg,train,2,2,2,0,0
cfd_110_jpg,train,2,3,3,0,0
cfd_111_jpg,train,2,2,2,0,0
cfd_112_jpg,train,2,2,2,0,0
cfd_113_jpg,train,2,4,4,0,0
cfd_114_jpg,train,2,2,2,0,0
cfd_115_jpg,train,2,4,4,0,0
cfd_116_jpg,train,2,2,2,0,0
cfd_117_jpg,train,2,3,3,0,0
cfd_118_jpg,train,2,2,2,0,0
crack500_20160222_080850_1281_361_jpg,train,2,3,3,0,0
crack500_20160222_080850_1281_721_jpg,train,2,2,2,0,0
crack500_20160222_080850_1921_1_jpg,train,1,1,1,0,0
crack500_20160222_080850_1921_361_jpg,train,2,2,2,0,0
crack500_20160222_080850_1_361_jpg,train,2,2,2,0,0
crack500_20160222_080850_641_361_jpg,train,2,4,4,0,0
crack500_20160222_080850_641_721_jpg,train,2,2,2,0,0
crack500_20160222_080933_361_1281_jpg,train,2,2,2,0,0
crack500_20160222_080933_361_1921_jpg,train,2,2,2,0,0
crack500_20160222_080933_361_1_jpg,train,2,2,2,0,0
crack500_20160222_080933_361_641_jpg,train,2,3,3,0,0
crack500_20160222_080933_721_1921_jpg,train,2,3,3,0,0
crack500_20160222_080933_721_1_jpg,train,2,2,2,0,0
crack500_20160222_080933_721_641_jpg,train,2,2,2,0,0
crack500_20160222_081011_1281_721_jpg,train,2,2,2,0,0
crack500_20160222_081011_1921_721_jpg,train,2,2,2,0,0
crack500_20160222_081011_1_361_jpg,train,2,2,2,0,0
crack500_20160222_081011_1_721_jpg,train,2,4,4,0,0
crack500_20160222_081011_641_361_jpg,train,2,2,2,0,0
crack500_20160222_081011_641_721_jpg,test,1,2,2,0,0
crack500_20160222_081031_1281_361_jpg,train,2,2,2,0,0
crack500_20160222_081031_1921_361_jpg,train,2,2,2,0,0
crack500_20160222_081031_1921_721_jpg,train,1,1,1,0,0
crack500_20160222_081031_1_721_jpg,train,2,4,4,0,0
crack500_20160222_081031_641_361_jpg,train,2,2,2,0,0
crack500_20160222_081031_641_721_jpg,train,2,2,2,0,0
crack500_20160222_081102_1281_361_jpg,train,2,6,6,0,0
crack500_20160222_081102_1281_721_jpg,train,2,2,2,0,0
crack500_20160222_081102_1921_1081_jpg,train,2,4,4,0,0
crack500_20160222_081102_1921_1_jpg,train,2,5,5,0,0
crack500_20160222_081102_1921_361_jpg,train,2,5,5,0,0
crack500_20160222_081102_1921_721_jpg,train,2,2,2,0,0
crack500_20160222_081102_1_721_jpg,train,2,2,2,0,0
crack500_20160222_081102_641_361_jpg,train,2,2,2,0,0
crack500_20160222_081102_641_721_jpg,train,2,6,6,0,0
crack500_20160222_081111_1281_361_jpg,train,2,2,2,0,0
crack500_20160222_081111_1281_721_jpg,train,2,2,2,0,0
crack500_20160222_081111_1921_721_jpg,train,2,2,2,0,0
crack500_20160222_081111_1_1_jpg,train,2,2,2,0,0
crack500_20160222_081111_1_361_jpg,train,2,4,4,0,0
crack500_20160222_081111_641_361_jpg,train,2,2,2,0,0
crack500_20160222_081113_1281_361_jpg,train,2,2,2,0,0
crack500_20160222_081113_1281_721_jpg,train,2,2,2,0,0
crack500_20160222_081113_1921_721_jpg,train,2,2,2,0,0
crack500_20160222_081113_1_1_jpg,train,2,6,6,0,0
crack500_20160222_081113_1_361_jpg,train,2,6,6,0,0
crack500_20160222_081113_1_721_jpg,train,2,10,10,0,0
crack500_20160222_081113_641_361_jpg,train,2,6,6,0,0
crack500_20160222_081113_641_721_jpg,train,2,2,2,0,0
crack500_20160222_081839_1281_1081_jpg,train,2,2,2,0,0
crack500_20160222_081839_1281_1_jpg,train,2,2,2,0,0
crack500_20160222_081839_1281_361_jpg,train,2,4,4,0,0
crack500_20160222_081839_1281_721_jpg,train,2,4,4,0,0
crack500_20160222_081839_1921_361_jpg,train,2,2,2,0,0
crack500_20160222_081839_1_721_jpg,train,1,1,1,0,0
crack500_20160222_081839_641_721_jpg,train,1,2,2,0,0
crack500_20160222_081908_1281_1081_jpg,train,2,2,2,0,0
crack500_20160222_081908_1281_1_jpg,train,2,3,3,0,0
crack500_20160222_081908_1281_361_jpg,train,2,2,2,0,0
crack500_20160222_081908_1281_721_jpg,train,2,4,4,0,0
crack500_20160222_081908_1_1081_jpg,train,1,3,3,0,0
crack500_20160222_081908_1_1_jpg,test,1,1,1,0,0
crack500_20160222_081908_1_361_jpg,train,2,2,2,0,0
crack500_20160222_081908_1_721_jpg,train,2,4,4,0,0
crack500_20160222_081908_641_361_jpg,train,1,1,1,0,0
crack500_20160222_081908_641_721_jpg,train,1,4,4,0,0
crack500_20160222_082414_1281_1081_jpg,train,2,2,2,0,0
crack500_20160222_082414_1281_361_jpg,train,2,2,2,0,0
crack500_20160222_082414_1281_721_jpg,train,1,1,1,0,0
crack500_20160222_082414_1_361_jpg,train,2,4,4,0,0
crack500_20160222_082414_641_361_jpg,train,2,3,3,0,0
crack500_20160222_114759_1281_1081_jpg,train,2,6,6,0,0
crack500_20160222_114759_1281_1_jpg,train,2,6,6,0,0
crack500_20160222_114759_1281_361_jpg,test,1,3,3,0,0
crack500_20160222_114759_1281_721_jpg,train,1,4,4,0,0
crack500_20160222_114759_1921_1081_jpg,train,2,11,11,0,0
crack500_20160222_114759_1921_1_jpg,test,1,3,3,0,0
crack500_20160222_114759_1921_361_jpg,train,2,4,4,0,0
crack500_20160222_114759_1921_721_jpg,train,1,4,4,0,0
crack500_20160222_114759_1_1081_jpg,train,1,1,1,0,0
crack500_20160222_114759_1_361_jpg,test,1,1,1,0,0
crack500_20160222_114759_1_721_jpg,train,2,4,4,0,0
crack500_20160222_114759_641_1081_jpg,train,2,12,12,0,0
crack500_20160222_114759_641_1_jpg,train,2,2,2,0,0
crack500_20160222_114759_641_361_jpg,train,2,8,8,0,0
crack500_20160222_114759_641_721_jpg,train,2,8,8,0,0
crack500_20160222_114806_1281_1081_jpg,train,2,4,4,0,0
crack500_20160222_114806_1281_1_jpg,train,2,3,3,0,0
crack500_20160222_114806_1281_361_jpg,train,2,7,7,0,0
crack500_20160222_114806_1281_721_jpg,test,1,2,2,0,0
crack500_20160222_115219_1281_361_jpg,train,2,4,4,0,0
crack500_20160222_115219_1281_721_jpg,train,2,6,6,0,0
crack500_20160222_115219_1921_1081_jpg,train,2,2,2,0,0
crack500_20160222_115219_641_1_jpg,train,2,3,3,0,0
crack500_20160222_115219_641_361_jpg,train,2,3,3,0,0
crack500_20160222_115224_1281_1081_jpg,train,2,4,4,0,0
crack500_20160222_115224_1281_1_jpg,train,2,13,13,0,0
crack500_20160222_115224_1281_361_jpg,train,2,8,8,0,0
crack500_20160222_115224_1281_721_jpg,train,2,2,2,0,0
crack500_20160222_115224_1921_1081_jpg,train,2,2,2,0,0
crack500_20160222_115224_641_1081_jpg,train,2,2,2,0,0
crack500_20160222_115224_641_1_jpg,train,2,6,6,0,0
crack500_20160222_115224_641_361_jpg,train,1,1,1,0,0
crack500_20160222_115224_641_721_jpg,train,2,4,4,0,0
crack500_20160222_115233_1281_361_jpg,val,1,1,1,0,0
crack500_20160222_115233_1281_721_jpg,train,1,1,1,0,0
crack500_20160222_115233_1921_721_jpg,train,2,2,2,0,0
crack500_20160222_115233_1_361_jpg,train,2,6,6,0,0
crack500_20160222_115233_1_721_jpg,train,2,3,3,0,0
crack500_20160222_115233_641_361_jpg,train,2,5,5,0,0
crack500_20160222_115305_1921_1081_jpg,test,1,2,2,0,0
crack500_20160222_115305_641_1081_jpg,val,1,2,2,0,0
crack500_20160222_115305_641_361_jpg,train,1,1,1,0,0
crack500_20160222_115324_1281_1_jpg,train,1,2,2,0,0
crack500_20160222_115324_1281_361_jpg,test,1,1,1,0,0
crack500_20160222_115324_1_1_jpg,test,1,3,3,0,0
crack500_20160222_115324_641_361_jpg,train,2,2,2,0,0
crack500_20160222_115324_641_721_jpg,train,1,2,2,0,0
crack500_20160222_115519_641_1081_jpg,test,1,1,1,0,0
crack500_20160222_115519_641_1_jpg,val,1,1,1,0,0
crack500_20160222_115519_641_361_jpg,test,1,1,1,0,0
crack500_20160222_115620_1281_1_jpg,test,1,1,1,0,0
crack500_20160222_115620_641_1081_jpg,test,1,2,2,0,0
crack500_20160222_115620_641_721_jpg,train,1,3,3,0,0
crack500_20160222_115714_1281_1081_jpg,train,1,1,1,0,0
crack500_20160222_115714_1281_721_jpg,test,1,2,2,0,0
crack500_20160222_115714_641_1_jpg,test,1,2,2,0,0
crack500_20160222_115714_641_361_jpg,train,1,1,1,0,0
crack500_20160222_115738_1281_1081_jpg,val,1,2,2,0,0
crack500_20160222_115738_1281_1_jpg,train,1,1,1,0,0
crack500_20160222_115738_1281_361_jpg,train,1,1,1,0,0
crack500_20160222_115738_1281_721_jpg,test,1,1,1,0,0
crack500_20160222_115738_641_1081_jpg,train,1,3,3,0,0
crack500_20160222_115805_641_1081_jpg,test,1,2,2,0,0
crack500_20160222_115805_641_1_jpg,train,1,1,1,0,0
crack500_20160222_115805_641_361_jpg,train,1,1,1,0,0
crack500_20160222_115805_641_721_jpg,train,1,1,1,0,0
crack500_20160222_115828_641_1081_jpg,val,1,1,1,0,0
crack500_20160222_115828_641_361_jpg,train,1,1,1,0,0
crack500_20160222_115828_641_721_jpg,train,1,1,1,0,0
crack500_20160222_115833_1281_1081_jpg,test,1,2,2,0,0
crack500_20160222_115833_1281_361_jpg,train,1,1,1,0,0
crack500_20160222_115833_1281_721_jpg,test,1,1,1,0,0
crack500_20160222_115833_641_1_jpg,val,1,3,3,0,0
crack500_20160222_115837_1281_1081_jpg,train,1,2,2,0,0
crack500_20160222_115837_1281_1_jpg,val,1,1,1,0,0
crack500_20160222_115837_1281_361_jpg,train,1,1,1,0,0
crack500_20160222_115837_1281_721_jpg,val,1,1,1,0,0
crack500_20160222_115843_1281_1_jpg,train,1,1,1,0,0
crack500_20160222_115843_1281_721_jpg,train,1,1,1,0,0
crack500_20160222_115843_641_1081_jpg,val,1,1,1,0,0
crack500_20160222_115847_1281_1_jpg,test,1,1,1,0,0
crack500_20160222_115847_641_1081_jpg,test,1,1,1,0,0
crack500_20160222_115847_641_721_jpg,val,1,2,2,0,0
crack500_20160222_115858_641_1081_jpg,test,1,1,1,0,0
crack500_20160222_115858_641_1_jpg,val,1,3,3,0,0
crack500_20160222_115858_641_361_jpg,val,1,4,4,0,0
crack500_20160222_115858_641_721_jpg,test,1,2,2,0,0
crack500_20160222_163930_1281_361_jpg,train,1,1,1,0,0
crack500_20160222_163930_1281_721_jpg,val,1,2,2,0,0
crack500_20160222_163930_1921_1081_jpg,train,1,1,1,0,0
crack500_20160222_163930_1921_721_jpg,train,1,1,1,0,0
crack500_20160222_163930_1_1081_jpg,test,1,3,3,0,0
crack500_20160222_163930_1_1_jpg,val,1,3,3,0,0
crack500_20160222_163930_1_361_jpg,test,1,4,4,0,0
crack500_20160222_163930_1_721_jpg,train,1,3,3,0,0
crack500_20160222_163930_641_1_jpg,train,2,5,5,0,0
crack500_20160222_163930_641_361_jpg,val,1,2,2,0,0
crack500_20160222_163930_641_721_jpg,val,1,1,1,0,0
crack500_20160222_163940_1281_721_jpg,train,1,1,1,0,0
crack500_20160222_163940_1_1_jpg,train,1,3,3,0,0
crack500_20160222_163940_1_721_jpg,train,1,10,10,0,0
crack500_20160222_163940_641_1081_jpg,train,2,8,8,0,0
crack500_20160222_163940_641_1_jpg,train,2,12,12,0,0
crack500_20160222_163940_641_361_jpg,test,1,4,4,0,0
crack500_20160222_163940_641_721_jpg,test,1,3,3,0,0
crack500_20160222_164000_1281_1081_jpg,train,1,1,1,0,0
crack500_20160222_164000_1281_1_jpg,val,1,1,1,0,0
crack500_20160222_164000_1281_361_jpg,val,1,2,2,0,0
crack500_20160222_164000_1281_721_jpg,train,1,3,3,0,0
crack500_20160222_164000_1921_1_jpg,val,1,1,1,0,0
crack500_20160222_164000_1921_361_jpg,train,1,1,1,0,0
crack500_20160222_164000_1_1_jpg,train,1,1,1,0,0
crack500_20160222_164000_1_721_jpg,train,1,1,1,0,0
crack500_20160222_164000_641_1081_jpg,train,1,1,1,0,0
crack500_20160222_164000_641_1_jpg,train,1,1,1,0,0
crack500_20160222_164000_641_721_jpg,val,1,4,4,0,0
crack500_20160222_164021_1281_1_jpg,val,1,2,2,0,0
crack500_20160222_164021_1281_361_jpg,train,1,1,1,0,0
crack500_20160222_164021_641_1081_jpg,val,1,2,2,0,0
crack500_20160222_164021_641_361_jpg,train,1,1,1,0,0
crack500_20160222_164021_641_721_jpg,train,1,1,1,0,0
crack500_20160222_164141_1281_721_jpg,val,1,1,1,0,0
crack500_20160222_164141_1921_1081_jpg,train,1,1,1,0,0
crack500_20160222_164141_1921_1_jpg,val,1,1,1,0,0
crack500_20160222_164141_1921_361_jpg,val,1,2,2,0,0
crack500_20160222_164141_1_1_jpg,train,1,3,3,0,0
crack500_20160222_164141_641_1081_jpg,train,1,1,1,0,0
crack500_20160222_164141_641_361_jpg,train,1,3,3,0,0
crack500_20160222_164141_641_721_jpg,train,1,3,3,0,0
crack500_20160222_164822_1281_361_jpg,test,1,1,1,0,0
crack500_20160222_164822_1281_721_jpg,train,1,1,1,0,0
crack500_20160222_164822_641_1081_jpg,test,1,1,1,0,0
crack500_20160222_164822_641_721_jpg,test,1,1,1,0,0
crack500_20160222_164825_1281_1_jpg,test,1,1,1,0,0
crack500_20160222_164825_1281_361_jpg,val,1,1,1,0,0
crack500_20160222_164825_1281_721_jpg,test,1,1,1,0,0
crack500_20160222_164825_641_1081_jpg,test,1,1,1,0,0
crack500_20160222_164825_641_721_jpg,train,2,2,2,0,0
crack500_20160222_164851_1281_1081_jpg,test,1,1,1,0,0
crack500_20160222_164851_641_1_jpg,val,1,2,2,0,0
crack500_20160222_164851_641_361_jpg,train,1,3,3,0,0
crack500_20160222_164851_641_721_jpg,train,1,2,2,0,0
crack500_20160222_164920_641_1_jpg,val,1,1,1,0,0
crack500_20160222_164920_641_361_jpg,test,1,3,3,0,0
crack500_20160222_164920_641_721_jpg,train,1,1,1,0,0
crack500_20160222_164936_641_1081_jpg,train,1,1,1,0,0
crack500_20160222_164936_641_1_jpg,train,1,2,2,0,0
crack500_20160222_164936_641_721_jpg,val,1,1,1,0,0
crack500_20160222_165012_1281_1_jpg,test,1,1,1,0,0
crack500_20160222_165012_641_1_jpg,test,1,1,1,0,0
crack500_20160222_165012_641_361_jpg,train,1,2,2,0,0
crack500_20160222_165012_641_721_jpg,test,1,1,1,0,0
crack500_20160222_165031_641_1081_jpg,train,1,1,1,0,0
crack500_20160222_165031_641_1_jpg,train,1,1,1,0,0
crack500_20160222_165031_641_361_jpg,train,2,3,3,0,0
crack500_20160222_165031_641_721_jpg,test,1,1,1,0,0
crack500_20160222_165037_1281_721_jpg,train,2,2,2,0,0
crack500_20160222_165037_1921_721_jpg,test,1,1,1,0,0
crack500_20160222_165037_1_721_jpg,train,1,2,2,0,0
crack500_20160222_165037_641_361_jpg,train,2,2,2,0,0
crack500_20160222_165037_641_721_jpg,train,1,1,1,0,0
crack500_20160222_165218_1281_721_jpg,train,1,2,2,0,0
crack500_20160222_165218_1921_1081_jpg,train,1,1,1,0,0
crack500_20160222_165218_1921_721_jpg,test,1,3,3,0,0
crack500_20160222_165218_1_361_jpg,train,1,1,1,0,0
crack500_20160222_165218_641_361_jpg,val,1,1,1,0,0
crack500_20160222_165218_641_721_jpg,train,1,1,1,0,0
crack500_20160222_165225_1281_361_jpg,train,1,1,1,0,0
crack500_20160222_165225_1921_721_jpg,train,1,2,2,0,0
crack500_20160222_165225_1_361_jpg,test,1,1,1,0,0
crack500_20160222_165225_641_361_jpg,val,1,1,1,0,0
crack500_20160222_165256_1281_361_jpg,train,1,2,2,0,0
crack500_20160222_165256_1921_1081_jpg,val,1,2,2,0,0
crack500_20160222_165256_641_721_jpg,test,1,2,2,0,0
crack500_20160222_165402_1281_1_jpg,test,1,1,1,0,0
crack500_20160222_165402_1281_361_jpg,train,1,1,1,0,0
crack500_20160222_165402_641_1081_jpg,test,1,1,1,0,0
crack500_20160222_165402_641_721_jpg,val,1,1,1,0,0
crack500_20160222_165625_1281_361_jpg,val,1,2,2,0,0
crack500_20160222_165625_1921_361_jpg,train,1,2,2,0,0
crack500_20160222_165625_1921_721_jpg,test,1,1,1,0,0
crack500_20160222_165625_1_721_jpg,test,1,1,1,0,0
crack500_20160222_165625_641_361_jpg,test,1,1,1,0,0
crack500_20160222_165625_641_721_jpg,test,1,1,1,0,0
crack500_20160222_165715_1281_361_jpg,test,1,2,2,0,0
crack500_20160222_165715_1921_361_jpg,train,1,2,2,0,0
crack500_20160222_165715_1_721_jpg,train,1,1,1,0,0
crack500_20160222_165715_641_721_jpg,test,1,1,1,0,0
crack500_20160222_165909_1281_361_jpg,test,1,1,1,0,0
crack500_20160222_165909_1281_721_jpg,test,1,1,1,0,0
crack500_20160222_165909_1921_361_jpg,test,1,2,2,0,0
crack500_20160222_165909_1_1_jpg,train,1,1,1,0,0
crack500_20160222_165909_1_361_jpg,train,1,1,1,0,0
crack500_20160222_165909_641_721_jpg,train,1,2,2,0,0
crack500_20160222_165919_1281_1_jpg,test,1,1,1,0,0
crack500_20160222_165919_1281_361_jpg,train,1,2,2,0,0
crack500_20160222_165919_1281_721_jpg,test,1,1,1,0,0
crack500_20160222_165919_1921_721_jpg,train,1,2,2,0,0
crack500_20160222_165919_1_361_jpg,test,1,1,1,0,0
crack500_20160222_165919_641_361_jpg,train,1,1,1,0,0
crack500_20160222_165919_641_721_jpg,test,1,3,3,0,0
crack500_20160222_165926_1281_361_jpg,test,1,2,2,0,0
crack500_20160222_165926_1281_721_jpg,train,2,2,2,0,0
crack500_20160222_165926_1921_721_jpg,val,1,1,1,0,0
crack500_20160222_165926_1_1081_jpg,train,1,1,1,0,0
crack500_20160222_165926_1_721_jpg,train,1,3,3,0,0
crack500_20160222_165926_641_1_jpg,test,1,1,1,0,0
crack500_20160222_165926_641_361_jpg,test,1,2,2,0,0
crack500_20160222_165926_641_721_jpg,test,1,2,2,0,0
crack500_20160222_165937_1281_361_jpg,train,2,2,2,0,0
crack500_20160222_165937_1281_721_jpg,train,1,1,1,0,0
crack500_20160222_165937_1921_721_jpg,train,2,2,2,0,0
crack500_20160222_165937_1_1081_jpg,train,1,2,2,0,0
crack500_20160222_165937_1_361_jpg,train,2,3,3,0,0
crack500_20160222_165937_1_721_jpg,train,2,2,2,0,0
crack500_20160222_165937_641_361_jpg,val,1,1,1,0,0
crack500_20160222_165937_641_721_jpg,train,2,2,2,0,0
crack500_20160222_165947_1281_721_jpg,train,1,1,1,0,0
crack500_20160222_165947_1921_721_jpg,train,2,2,2,0,0
crack500_20160222_165947_1_721_jpg,train,2,2,2,0,0
crack500_20160222_165947_641_1_jpg,train,2,2,2,0,0
crack500_20160222_165947_641_361_jpg,train,2,2,2,0,0
crack500_20160222_165947_641_721_jpg,train,2,2,2,0,0
crack500_20160222_165951_1281_1081_jpg,test,1,1,1,0,0
crack500_20160222_165951_1281_1_jpg,train,1,3,3,0,0
crack500_20160222_165951_1281_361_jpg,train,2,4,4,0,0
crack500_20160222_165951_1281_721_jpg,train,1,1,1,0,0
crack500_20160222_165951_1921_1081_jpg,train,2,2,2,0,0
crack500_20160222_165951_1921_1_jpg,train,2,6,6,0,0
crack500_20160222_165951_1921_361_jpg,train,2,2,2,0,0
crack500_20160222_165951_1921_721_jpg,train,2,3,3,0,0
crack500_20160222_165951_1_1_jpg,train,2,2,2,0,0
crack500_20160222_165951_641_1081_jpg,train,2,2,2,0,0
crack500_20160222_165951_641_1_jpg,train,2,3,3,0,0
crack500_20160222_165951_641_361_jpg,train,2,2,2,0,0
crack500_20160225_114503_1281_1_jpg,train,2,4,4,0,0
crack500_20160225_114503_1281_361_jpg,train,1,1,1,0,0
crack500_20160225_114503_1281_721_jpg,train,2,6,6,0,0
crack500_20160225_114503_1921_1_jpg,train,2,4,4,0,0
crack500_20160225_114503_1921_361_jpg,train,1,1,1,0,0
crack500_20160225_114503_1_1081_jpg,train,1,1,1,0,0
crack500_20160225_114503_1_361_jpg,train,1,1,1,0,0
crack500_20160225_114503_1_721_jpg,train,2,2,2,0,0
crack500_20160225_114503_641_1081_jpg,train,2,5,5,0,0
crack500_20160225_114503_641_1_jpg,train,1,1,1,0,0
crack500_20160225_114503_641_361_jpg,train,1,1,1,0,0
crack500_20160225_114503_641_721_jpg,train,2,4,4,0,0
crack500_20160225_114514_1081_1281_jpg,train,2,2,2,0,0
crack500_20160225_114514_1081_1921_jpg,train,2,3,3,0,0
crack500_20160225_114514_1081_1_jpg,train,2,2,2,0,0
crack500_20160225_114514_1081_641_jpg,train,2,4,4,0,0
crack500_20160225_114514_1_1281_jpg,train,2,2,2,0,0
crack500_20160225_114514_1_641_jpg,train,2,6,6,0,0
crack500_20160225_114514_361_1281_jpg,train,2,3,3,0,0
crack500_20160225_114514_361_1_jpg,train,2,2,2,0,0
crack500_20160225_114514_361_641_jpg,train,2,6,6,0,0
crack500_20160225_114514_721_1281_jpg,train,2,4,4,0,0
crack500_20160225_114514_721_1_jpg,train,1,2,2,0,0
crack500_20160225_114514_721_641_jpg,train,2,8,8,0,0
crack500_20160225_114531_1281_1081_jpg,train,2,4,4,0,0
crack500_20160225_114531_1281_1_jpg,train,2,2,2,0,0
crack500_20160225_114531_1281_361_jpg,val,1,2,2,0,0
crack500_20160225_114531_1281_721_jpg,train,2,6,6,0,0
crack500_20160225_114531_1921_1081_jpg,train,1,1,1,0,0
crack500_20160225_114531_1921_721_jpg,test,1,1,1,0,0
crack500_20160225_114531_641_1081_jpg,test,1,2,2,0,0
crack500_20160225_114531_641_1_jpg,train,2,2,2,0,0
crack500_20160225_114531_641_361_jpg,train,2,3,3,0,0
crack500_20160225_114531_641_721_jpg,train,2,2,2,0,0
crack500_20160225_114535_1281_1081_jpg,train,2,2,2,0,0
crack500_20160225_114535_1281_1_jpg,test,1,2,2,0,0
crack500_20160225_114535_1281_361_jpg,train,2,4,4,0,0
crack500_20160225_114535_1281_721_jpg,train,1,2,2,0,0
crack500_20160225_114535_1921_1081_jpg,train,2,2,2,0,0
crack500_20160225_114535_1921_721_jpg,train,2,2,2,0,0
crack500_20160225_114535_1_1_jpg,train,2,2,2,0,0
crack500_20160225_114535_641_1_jpg,train,1,2,2,0,0
crack500_20160225_114535_641_361_jpg,train,2,6,6,0,0
crack500_20160225_114535_641_721_jpg,train,2,2,2,0,0
crack500_20160302_155848_1281_361_jpg,train,2,2,2,0,0
crack500_20160302_155848_1281_721_jpg,train,2,2,2,0,0
crack500_20160302_155848_1921_1_jpg,train,2,3,3,0,0
crack500_20160302_155848_1921_361_jpg,train,2,2,2,0,0
crack500_20160302_155848_1_721_jpg,train,2,2,2,0,0
crack500_20160302_155848_641_721_jpg,train,2,2,2,0,0
crack500_20160302_155857_1281_1_jpg,train,2,2,2,0,0
crack500_20160302_155857_1281_361_jpg,train,1,1,1,0,0
crack500_20160302_155857_1281_721_jpg,train,2,2,2,0,0
crack500_20160302_155857_1_721_jpg,train,2,2,2,0,0
crack500_20160302_155857_641_721_jpg,train,2,2,2,0,0
crack500_20160302_155914_1081_641_jpg,train,2,2,2,0,0
crack500_20160302_155914_361_1281_jpg,train,1,1,1,0,0
crack500_20160302_155914_361_1921_jpg,val,1,1,1,0,0
crack500_20160302_155914_361_641_jpg,test,1,2,2,0,0
crack500_20160302_155914_721_641_jpg,test,1,2,2,0,0
crack500_20160302_155919_1281_361_jpg,test,1,1,1,0,0
crack500_20160302_155919_1281_721_jpg,train,2,2,2,0,0
crack500_20160302_155919_1921_361_jpg,train,2,2,2,0,0
crack500_20160302_155919_641_1081_jpg,train,1,1,1,0,0
crack500_20160302_155919_641_1_jpg,test,1,2,2,0,0
crack500_20160302_155919_641_721_jpg,train,2,2,2,0,0
crack500_20160302_155925_1281_1_jpg,train,1,2,2,0,0
crack500_20160302_155925_1281_361_jpg,val,1,3,3,0,0
crack500_20160302_155925_1921_361_jpg,train,2,5,5,0,0
crack500_20160302_155925_641_361_jpg,train,2,2,2,0,0
crack500_20160302_155925_641_721_jpg,train,2,2,2,0,0
crack500_20160302_160033_1281_721_jpg,train,2,2,2,0,0
crack500_20160302_160033_1921_361_jpg,train,2,2,2,0,0
crack500_20160302_160033_1921_721_jpg,test,1,1,1,0,0
crack500_20160302_160033_1_361_jpg,train,1,1,1,0,0
crack500_20160302_160033_641_361_jpg,train,2,2,2,0,0
crack500_20160302_160033_641_721_jpg,train,2,2,2,0,0
crack500_20160303_091825_1281_361_jpg,train,2,2,2,0,0
crack500_20160303_091825_1921_361_jpg,train,2,3,3,0,0
crack500_20160303_091825_1921_721_jpg,train,2,3,3,0,0
crack500_20160303_091825_1_1_jpg,train,2,2,2,0,0
crack500_20160303_091825_641_1081_jpg,test,1,1,1,0,0
crack500_20160303_091825_641_1_jpg,train,2,6,6,0,0
crack500_20160303_091825_641_361_jpg,train,2,2,2,0,0
crack500_20160303_091825_641_721_jpg,train,2,2,2,0,0
crack500_20160303_091830_1_1921_jpg,train,2,3,3,0,0
crack500_20160303_091830_361_1281_jpg,train,2,2,2,0,0
crack500_20160303_091830_361_1921_jpg,train,2,6,6,0,0
crack500_20160303_091830_721_1281_jpg,train,2,2,2,0,0
crack500_20160303_091830_721_1_jpg,train,2,3,3,0,0
crack500_20160303_091830_721_641_jpg,train,1,1,1,0,0
crack500_20160303_091837_361_1281_jpg,val,1,2,2,0,0
crack500_20160303_091837_361_1_jpg,train,2,2,2,0,0
crack500_20160303_091837_361_641_jpg,train,2,3,3,0,0
crack500_20160303_091837_721_1281_jpg,train,1,1,1,0,0
crack500_20160303_091837_721_1921_jpg,train,2,2,2,0,0
crack500_20160303_091837_721_1_jpg,train,2,4,4,0,0
crack500_20160303_092627_1281_361_jpg,train,2,2,2,0,0
crack500_20160303_092627_1921_361_jpg,train,2,2,2,0,0
crack500_20160303_092627_1921_721_jpg,train,1,1,1,0,0
crack500_20160303_092627_1_361_jpg,train,2,3,3,0,0
crack500_20160303_092627_1_721_jpg,train,2,3,3,0,0
crack500_20160303_092627_641_361_jpg,test,1,1,1,0,0
crack500_20160303_092627_641_721_jpg,train,2,2,2,0,0
crack500_20160303_092806_1281_1_jpg,train,1,2,2,0,0
crack500_20160303_092806_1281_361_jpg,train,2,4,4,0,0
crack500_20160303_092806_1281_721_jpg,train,2,2,2,0,0
crack500_20160303_092806_1921_1081_jpg,test,1,1,1,0,0
crack500_20160303_092806_1921_721_jpg,train,2,3,3,0,0
crack500_20160303_092806_1_1081_jpg,val,1,1,1,0,0
crack500_20160303_092806_1_721_jpg,test,1,1,1,0,0
crack500_20160303_092806_641_361_jpg,train,2,3,3,0,0
crack500_20160303_092806_641_721_jpg,train,1,2,2,0,0
crack500_20160303_092839_1281_361_jpg,train,2,2,2,0,0
crack500_20160303_092839_1281_721_jpg,train,1,1,1,0,0
crack500_20160303_092839_1921_361_jpg,test,1,1,1,0,0
crack500_20160303_092839_1921_721_jpg,train,1,2,2,0,0
crack500_20160303_092839_1_721_jpg,train,1,1,1,0,0
crack500_20160303_093353_1281_361_jpg,train,1,1,1,0,0
crack500_20160303_093353_1281_721_jpg,test,1,1,1,0,0
crack500_20160303_093353_1_1081_jpg,train,1,1,1,0,0
crack500_20160303_093353_1_361_jpg,train,1,2,2,0,0
crack500_20160303_093353_1_721_jpg,test,1,4,4,0,0
crack500_20160303_093353_641_361_jpg,train,1,2,2,0,0
crack500_20160303_093400_1281_1081_jpg,val,1,2,2,0,0
crack500_20160303_093400_1281_361_jpg,test,1,1,1,0,0
crack500_20160303_093400_1281_721_jpg,test,1,2,2,0,0
crack500_20160303_093400_641_1081_jpg,test,1,2,2,0,0
crack500_20160303_093400_641_361_jpg,train,1,1,1,0,0
crack500_20160303_093400_641_721_jpg,val,1,2,2,0,0
crack500_20160303_093527_1281_1_jpg,test,1,1,1,0,0
crack500_20160303_093527_1921_1_jpg,train,1,1,1,0,0
crack500_20160303_093527_1921_361_jpg,test,1,1,1,0,0
crack500_20160303_093527_1_721_jpg,val,1,1,1,0,0
crack500_20160303_093527_641_1081_jpg,test,1,2,2,0,0
crack500_20160303_093527_641_361_jpg,test,1,1,1,0,0
crack500_20160303_093527_641_721_jpg,test,1,3,3,0,0
crack500_20160303_093537_1281_361_jpg,train,1,1,1,0,0
crack500_20160303_093537_1281_721_jpg,val,1,1,1,0,0
crack500_20160303_093537_1921_721_jpg,train,1,1,1,0,0
crack500_20160303_093537_1_1_jpg,train,1,2,2,0,0
crack500_20160303_093537_1_361_jpg,train,1,2,2,0,0
crack500_20160303_093537_641_361_jpg,train,1,1,1,0,0
crack500_20160303_093537_641_721_jpg,val,1,1,1,0,0
crack500_20160306_103613_1281_361_jpg,train,1,1,1,0,0
crack500_20160306_103613_1921_361_jpg,train,1,1,1,0,0
crack500_20160306_103613_1_361_jpg,train,1,1,1,0,0
crack500_20160306_103613_641_361_jpg,train,1,2,2,0,0
crack500_20160306_103613_641_721_jpg,train,1,1,1,0,0
crack500_20160306_103632_641_1081_jpg,test,1,1,1,0,0
crack500_20160306_103632_641_1_jpg,train,1,1,1,0,0
crack500_20160306_103632_641_361_jpg,train,1,1,1,0,0
crack500_20160306_103632_641_721_jpg,train,1,2,2,0,0
crack500_20160306_103638_1281_361_jpg,train,1,1,1,0,0
crack500_20160306_103638_1921_721_jpg,train,1,1,1,0,0
crack500_20160306_103638_1_1081_jpg,test,1,1,1,0,0
crack500_20160306_103638_1_1_jpg,test,1,2,2,0,0
crack500_20160306_103638_1_721_jpg,test,1,3,3,0,0
crack500_20160306_103638_641_361_jpg,train,1,2,2,0,0
crack500_20160306_103638_641_721_jpg,test,1,1,1,0,0
crack500_20160306_103657_1281_361_jpg,val,1,2,2,0,0
crack500_20160306_103657_1281_721_jpg,train,1,2,2,0,0
crack500_20160306_103657_1921_1_jpg,test,1,1,1,0,0
crack500_20160306_103657_1921_361_jpg,test,1,3,3,0,0
crack500_20160306_103657_1_721_jpg,test,1,1,1,0,0
crack500_20160306_103657_641_361_jpg,test,1,2,2,0,0
crack500_20160306_103816_1281_361_jpg,test,1,1,1,0,0
crack500_20160306_103816_1921_361_jpg,test,1,1,1,0,0
crack500_20160306_103816_1921_721_jpg,test,1,1,1,0,0
crack500_20160306_103816_641_361_jpg,test,1,1,1,0,0
crack500_20160306_103816_641_721_jpg,train,1,1,1,0,0
crack500_20160306_103830_1281_1081_jpg,test,1,1,1,0,0
crack500_20160306_103830_1281_361_jpg,train,1,2,2,0,0
crack500_20160306_103830_1281_721_jpg,train,1,1,1,0,0
crack500_20160306_103830_641_1081_jpg,test,1,1,1,0,0
crack500_20160306_103830_641_1_jpg,val,1,1,1,0,0
crack500_20160306_103830_641_361_jpg,val,1,1,1,0,0
crack500_20160306_103830_641_721_jpg,test,1,1,1,0,0
crack500_20160306_103903_1281_721_jpg,test,1,1,1,0,0
crack500_20160306_103903_1921_721_jpg,train,1,1,1,0,0
crack500_20160306_103903_641_721_jpg,test,1,1,1,0,0
crack500_20160306_104456_1281_1_jpg,train,1,1,1,0,0
crack500_20160306_104456_1281_361_jpg,test,1,1,1,0,0
crack500_20160306_104456_1281_721_jpg,test,1,1,1,0,0
crack500_20160306_104456_1921_361_jpg,train,1,1,1,0,0
crack500_20160306_104456_1921_721_jpg,train,1,1,1,0,0
crack500_20160306_104456_1_1081_jpg,test,1,1,1,0,0
crack500_20160306_104456_641_1081_jpg,test,1,1,1,0,0
crack500_20160306_104456_641_361_jpg,train,1,1,1,0,0
crack500_20160306_104456_641_721_jpg,test,1,1,1,0,0
crack500_20160306_104522_1281_1081_jpg,train,1,3,3,0,0
crack500_20160306_104522_1281_361_jpg,test,1,1,1,0,0
crack500_20160306_104522_1281_721_jpg,test,1,2,2,0,0
crack500_20160306_104522_1_361_jpg,train,1,5,5,0,0
crack500_20160306_104522_1_721_jpg,test,1,1,1,0,0
crack500_20160306_104522_641_361_jpg,train,1,1,1,0,0
crack500_20160306_104527_1281_361_jpg,test,1,1,1,0,0
crack500_20160306_104527_1281_721_jpg,val,1,2,2,0,0
crack500_20160306_104527_1921_721_jpg,test,1,2,2,0,0
crack500_20160306_104527_1_361_jpg,val,1,2,2,0,0
crack500_20160306_104527_641_721_jpg,train,1,1,1,0,0
crack500_20160307_144115_1281_361_jpg,test,1,3,3,0,0
crack500_20160307_144115_1281_721_jpg,test,1,1,1,0,0
crack500_20160307_144115_641_1081_jpg,train,1,1,1,0,0
crack500_20160307_144115_641_721_jpg,train,1,2,2,0,0
crack500_20160307_144150_1281_361_jpg,train,1,2,2,0,0
crack500_20160307_144150_1921_361_jpg,test,1,1,1,0,0
crack500_20160307_144150_1921_721_jpg,train,1,2,2,0,0
crack500_20160307_144150_1_1081_jpg,val,1,4,4,0,0
crack500_20160307_144150_1_1_jpg,val,1,2,2,0,0
crack500_20160307_144150_1_361_jpg,test,1,7,7,0,0
crack500_20160307_144150_1_721_jpg,test,1,6,6,0,0
crack500_20160307_144150_641_1_jpg,val,1,2,2,0,0
crack500_20160307_144150_641_361_jpg,test,1,2,2,0,0
crack500_20160307_144150_641_721_jpg,train,1,3,3,0,0
crack500_20160307_144202_1921_361_jpg,train,1,3,3,0,0
crack500_20160307_144202_1_361_jpg,train,1,2,2,0,0
crack500_20160307_144202_641_361_jpg,test,1,3,3,0,0
crack500_20160307_144252_1281_1_jpg,test,1,1,1,0,0
crack500_20160307_144252_1281_361_jpg,test,1,1,1,0,0
crack500_20160307_144252_1281_721_jpg,train,1,1,1,0,0
crack500_20160307_144252_641_1081_jpg,train,1,1,1,0,0
crack500_20160307_144842_1281_361_jpg,test,1,1,1,0,0
crack500_20160307_144842_1281_721_jpg,train,1,1,1,0,0
crack500_20160307_144842_641_1_jpg,val,1,2,2,0,0
crack500_20160307_144842_641_361_jpg,test,1,1,1,0,0
crack500_20160307_144842_641_721_jpg,train,1,2,2,0,0
crack500_20160307_144916_1281_721_jpg,test,1,1,1,0,0
crack500_20160307_144916_1921_361_jpg,train,1,1,1,0,0
crack500_20160307_144916_1_721_jpg,train,1,1,1,0,0
crack500_20160307_144916_641_721_jpg,val,1,2,2,0,0
crack500_20160307_144924_1281_721_jpg,train,1,3,3,0,0
crack500_20160307_144924_1921_1_jpg,test,1,1,1,0,0
crack500_20160307_144924_1921_361_jpg,test,1,2,2,0,0
crack500_20160307_144924_1_361_jpg,val,1,1,1,0,0
crack500_20160307_144924_641_721_jpg,test,1,3,3,0,0
crack500_20160307_144931_1281_361_jpg,train,1,1,1,0,0
crack500_20160307_144931_1281_721_jpg,test,1,1,1,0,0
crack500_20160307_144931_1921_721_jpg,train,1,1,1,0,0
crack500_20160307_144931_1_361_jpg,test,1,1,1,0,0
crack500_20160307_144931_1_721_jpg,test,1,1,1,0,0
crack500_20160307_144931_641_361_jpg,train,1,1,1,0,0
crack500_20160307_145000_1281_361_jpg,train,1,1,1,0,0
crack500_20160307_145000_1921_361_jpg,val,1,1,1,0,0
crack500_20160307_145000_1921_721_jpg,test,1,1,1,0,0
crack500_20160307_145000_1_721_jpg,val,1,1,1,0,0
crack500_20160307_145000_641_361_jpg,train,1,1,1,0,0
crack500_20160307_145000_641_721_jpg,val,1,2,2,0,0
crack500_20160307_145059_1281_361_jpg,train,1,2,2,0,0
crack500_20160307_145059_1281_721_jpg,train,1,2,2,0,0
crack500_20160307_145059_1921_1081_jpg,train,1,3,3,0,0
crack500_20160307_145059_1921_721_jpg,test,1,2,2,0,0
crack500_20160307_145059_1_361_jpg,train,1,1,1,0,0
crack500_20160307_145059_1_721_jpg,train,1,1,1,0,0
crack500_20160307_145059_641_361_jpg,test,1,2,2,0,0
crack500_20160307_145059_641_721_jpg,train,1,1,1,0,0
crack500_20160307_145107_1281_361_jpg,val,1,1,1,0,0
crack500_20160307_145107_1921_1081_jpg,train,1,1,1,0,0
crack500_20160307_145107_1921_1_jpg,train,1,1,1,0,0
crack500_20160307_145107_1921_361_jpg,train,1,1,1,0,0
crack500_20160307_145107_1921_721_jpg,test,1,1,1,0,0
crack500_20160307_145107_1_361_jpg,test,1,1,1,0,0
crack500_20160307_145107_641_1081_jpg,test,1,1,1,0,0
crack500_20160307_145107_641_361_jpg,test,1,1,1,0,0
crack500_20160307_145107_641_721_jpg,test,1,2,2,0,0
crack500_20160307_145113_1281_361_jpg,val,1,1,1,0,0
crack500_20160307_145113_1281_721_jpg,val,1,1,1,0,0
crack500_20160307_145113_1921_1081_jpg,test,1,1,1,0,0
crack500_20160307_145113_1921_361_jpg,test,1,1,1,0,0
crack500_20160307_145113_1_361_jpg,train,1,1,1,0,0
crack500_20160307_145113_1_721_jpg,test,1,2,2,0,0
crack500_20160307_145113_641_721_jpg,test,1,2,2,0,0
crack500_20160307_145255_361_1281_jpg,train,1,1,1,0,0
crack500_20160307_145255_361_1921_jpg,test,1,1,1,0,0
crack500_20160307_145255_361_1_jpg,val,1,1,1,0,0
crack500_20160307_145255_361_641_jpg,val,1,2,2,0,0
crack500_20160307_145255_721_1_jpg,train,1,1,1,0,0
crack500_20160307_145255_721_641_jpg,train,1,1,1,0,0
crack500_20160307_145259_1281_361_jpg,test,1,1,1,0,0
crack500_20160307_145259_1921_361_jpg,test,1,1,1,0,0
crack500_20160307_145259_641_361_jpg,val,1,2,2,0,0
crack500_20160307_145259_641_721_jpg,train,1,1,1,0,0
crack500_20160307_162438_1281_361_jpg,train,1,1,1,0,0
crack500_20160307_162438_1281_721_jpg,train,1,1,1,0,0
crack500_20160307_162438_1_361_jpg,train,1,1,1,0,0
crack500_20160307_162438_641_361_jpg,val,1,1,1,0,0
crack500_20160307_162438_641_721_jpg,test,1,1,1,0,0
crack500_20160307_162704_1281_1_jpg,train,1,1,1,0,0
crack500_20160307_162704_1281_361_jpg,train,1,2,2,0,0
crack500_20160307_162704_1281_721_jpg,val,1,3,3,0,0
crack500_20160307_162704_1921_721_jpg,train,1,1,1,0,0
crack500_20160307_162704_1_721_jpg,train,1,1,1,0,0
crack500_20160307_162704_641_361_jpg,test,1,1,1,0,0
crack500_20160307_162704_641_721_jpg,test,1,2,2,0,0
crack500_20160307_163342_1281_1_jpg,train,1,1,1,0,0
crack500_20160307_163342_1281_361_jpg,test,1,1,1,0,0
crack500_20160307_163342_641_1081_jpg,val,1,1,1,0,0
crack500_20160307_163342_641_361_jpg,train,1,1,1,0,0
crack500_20160307_163342_641_721_jpg,test,1,1,1,0,0
crack500_20160307_163352_1281_361_jpg,train,1,2,2,0,0
crack500_20160307_163352_1281_721_jpg,train,1,2,2,0,0
crack500_20160307_163352_641_1081_jpg,train,1,1,1,0,0
crack500_20160307_163352_641_1_jpg,test,1,1,1,0,0
crack500_20160307_163352_641_361_jpg,val,1,1,1,0,0
crack500_20160307_163352_641_721_jpg,train,1,1,1,0,0
crack500_20160307_163537_1281_361_jpg,test,1,2,2,0,0
crack500_20160307_163537_1921_361_jpg,test,1,1,1,0,0
crack500_20160307_163537_1_721_jpg,test,1,1,1,0,0
crack500_20160307_163552_1281_361_jpg,test,1,2,2,0,0
crack500_20160307_163552_1281_721_jpg,test,1,1,1,0,0
crack500_20160307_163552_1921_721_jpg,test,1,1,1,0,0
crack500_20160307_163552_1_361_jpg,test,1,2,2,0,0
crack500_20160307_163552_641_361_jpg,test,1,1,1,0,0
crack500_20160307_163552_641_721_jpg,train,1,1,1,0,0
crack500_20160307_163613_1281_361_jpg,val,1,2,2,0,0
crack500_20160307_163613_1281_721_jpg,train,1,2,2,0,0
crack500_20160307_163613_1921_361_jpg,train,1,1,1,0,0
crack500_20160307_163613_1_721_jpg,train,1,1,1,0,0
crack500_20160307_163613_641_361_jpg,val,1,1,1,0,0
crack500_20160307_163613_641_721_jpg,val,1,2,2,0,0
crack500_20160307_163627_1281_361_jpg,test,1,2,2,0,0
crack500_20160307_163627_1281_721_jpg,test,1,1,1,0,0
crack500_20160307_163627_1921_361_jpg,val,1,1,1,0,0
crack500_20160307_163627_1921_721_jpg,val,1,1,1,0,0
crack500_20160307_163627_1_361_jpg,test,1,1,1,0,0
crack500_20160307_163627_641_361_jpg,train,1,1,1,0,0
crack500_20160307_163641_1281_721_jpg,train,1,1,1,0,0
crack500_20160307_163641_1_361_jpg,test,1,1,1,0,0
crack500_20160307_163641_1_721_jpg,train,1,1,1,0,0
crack500_20160307_163641_641_721_jpg,train,1,2,2,0,0
crack500_20160307_164143_1281_1081_jpg,train,1,1,1,0,0
crack500_20160307_164143_1281_361_jpg,test,1,2,2,0,0
crack500_20160307_164143_1281_721_jpg,test,1,1,1,0,0
crack500_20160307_164143_1921_361_jpg,test,1,1,1,0,0
crack500_20160307_164143_1_721_jpg,train,1,1,1,0,0
crack500_20160307_164143_641_1081_jpg,val,1,1,1,0,0
crack500_20160307_164143_641_1_jpg,test,1,1,1,0,0
crack500_20160307_164143_641_361_jpg,test,1,2,2,0,0
crack500_20160307_164143_641_721_jpg,train,1,1,1,0,0
crack500_20160307_164214_1281_1_jpg,test,1,1,1,0,0
crack500_20160307_164214_1281_361_jpg,val,1,1,1,0,0
crack500_20160307_164214_1281_721_jpg,train,1,1,1,0,0
crack500_20160307_164214_1921_1081_jpg,train,1,1,1,0,0
crack500_20160307_164214_1921_1_jpg,train,1,2,2,0,0
crack500_20160307_164214_1921_361_jpg,test,1,1,1,0,0
crack500_20160307_164214_1_1081_jpg,test,1,2,2,0,0
crack500_20160307_164214_1_721_jpg,test,1,2,2,0,0
crack500_20160307_164214_641_1081_jpg,val,1,3,3,0,0
crack500_20160307_164214_641_361_jpg,train,1,1,1,0,0
crack500_20160307_164214_641_721_jpg,test,1,1,1,0,0
crack500_20160307_164226_1281_361_jpg,train,1,1,1,0,0
crack500_20160307_164226_1281_721_jpg,test,1,1,1,0,0
crack500_20160307_164226_1921_1081_jpg,test,1,2,2,0,0
crack500_20160307_164226_1921_361_jpg,val,1,1,1,0,0
crack500_20160307_164226_1_1_jpg,train,1,2,2,0,0
crack500_20160307_164226_1_361_jpg,train,1,1,1,0,0
crack500_20160307_164226_641_1081_jpg,test,1,1,1,0,0
crack500_20160307_164226_641_1_jpg,train,1,1,1,0,0
crack500_20160307_164226_641_361_jpg,test,1,1,1,0,0
crack500_20160307_164301_1281_1081_jpg,train,1,1,1,0,0
crack500_20160307_164301_1281_361_jpg,test,1,1,1,0,0
crack500_20160307_164301_1281_721_jpg,test,1,1,1,0,0
crack500_20160307_164301_1921_721_jpg,train,1,1,1,0,0
crack500_20160307_164301_1_1_jpg,val,1,1,1,0,0
crack500_20160307_164301_1_361_jpg,val,1,1,1,0,0
crack500_20160307_164319_1281_1081_jpg,test,1,2,2,0,0
crack500_20160307_164319_1281_361_jpg,test,1,2,2,0,0
crack500_20160307_164319_1281_721_jpg,train,1,1,1,0,0
crack500_20160307_164319_1921_361_jpg,test,1,1,1,0,0
crack500_20160307_164319_1_361_jpg,val,1,1,1,0,0
crack500_20160307_164319_641_361_jpg,test,1,2,2,0,0
crack500_20160307_164319_641_721_jpg,train,1,1,1,0,0
crack500_20160307_164334_1281_1_jpg,train,1,1,1,0,0
crack500_20160307_164334_1281_361_jpg,test,1,1,1,0,0
crack500_20160307_164334_1921_1_jpg,test,1,1,1,0,0
crack500_20160307_164334_641_1081_jpg,test,1,1,1,0,0
crack500_20160307_164334_641_721_jpg,train,1,1,1,0,0
crack500_20160307_164400_1281_1081_jpg,train,1,1,1,0,0
crack500_20160307_164400_1281_1_jpg,val,1,1,1,0,0
crack500_20160307_164400_1281_361_jpg,train,1,1,1,0,0
crack500_20160307_164400_1281_721_jpg,train,1,1,1,0,0
crack500_20160307_164400_641_1081_jpg,train,1,1,1,0,0
crack500_20160307_164400_641_1_jpg,test,1,1,1,0,0
crack500_20160307_164400_641_361_jpg,val,1,1,1,0,0
crack500_20160307_164400_641_721_jpg,val,1,1,1,0,0
crack500_20160307_164517_1281_361_jpg,val,1,1,1,0,0
crack500_20160307_164517_641_1081_jpg,train,1,1,1,0,0
crack500_20160307_164517_641_1_jpg,train,1,1,1,0,0
crack500_20160307_164517_641_361_jpg,train,1,2,2,0,0
crack500_20160307_164517_641_721_jpg,test,1,3,3,0,0
crack500_20160308_072824_1281_361_jpg,val,1,1,1,0,0
crack500_20160308_072824_1281_721_jpg,test,1,1,1,0,0
crack500_20160308_072824_1921_361_jpg,train,1,1,1,0,0
crack500_20160308_072824_1_1_jpg,val,1,1,1,0,0
crack500_20160308_072824_641_1081_jpg,train,1,1,1,0,0
crack500_20160308_072824_641_361_jpg,train,1,1,1,0,0
crack500_20160308_072824_641_721_jpg,test,1,1,1,0,0
crack500_20160308_072831_1281_361_jpg,train,1,1,1,0,0
crack500_20160308_072831_1921_361_jpg,train,1,1,1,0,0
crack500_20160308_072831_1921_721_jpg,train,1,1,1,0,0
crack500_20160308_072831_641_1081_jpg,test,1,1,1,0,0
crack500_20160308_072831_641_1_jpg,train,1,1,1,0,0
crack500_20160308_072831_641_361_jpg,train,1,1,1,0,0
crack500_20160308_072831_641_721_jpg,train,1,1,1,0,0
crack500_20160308_072844_1281_721_jpg,val,1,1,1,0,0
crack500_20160308_072844_1921_1_jpg,test,1,1,1,0,0
crack500_20160308_072844_1921_361_jpg,test,1,1,1,0,0
crack500_20160308_072844_1921_721_jpg,train,1,1,1,0,0
crack500_20160308_072844_1_721_jpg,train,1,1,1,0,0
crack500_20160308_072844_641_721_jpg,train,1,1,1,0,0
crack500_20160308_072921_1281_1_jpg,test,1,1,1,0,0
crack500_20160308_072921_1281_721_jpg,train,1,0,0,0,1
crack500_20160308_072921_641_1_jpg,val,1,1,1,0,0
crack500_20160308_072921_641_361_jpg,train,1,1,1,0,0
crack500_20160308_072921_641_721_jpg,val,1,1,1,0,0
crack500_20160308_072927_1281_1081_jpg,test,1,1,1,0,0
crack500_20160308_072927_1281_1_jpg,train,1,1,1,0,0
crack500_20160308_072927_1281_361_jpg,train,1,1,1,0,0
crack500_20160308_072927_1281_721_jpg,test,1,1,1,0,0
crack500_20160308_072927_641_1081_jpg,test,1,1,1,0,0
crack500_20160308_072927_641_1_jpg,test,1,1,1,0,0
crack500_20160308_072927_641_361_jpg,test,1,1,1,0,0
crack500_20160308_072927_641_721_jpg,test,1,1,1,0,0
crack500_20160308_072935_1281_361_jpg,test,1,1,1,0,0
crack500_20160308_072935_1281_721_jpg,test,1,1,1,0,0
crack500_20160308_072935_1921_361_jpg,train,1,1,1,0,0
crack500_20160308_072935_1921_721_jpg,val,1,2,2,0,0
crack500_20160308_072935_1_361_jpg,train,1,1,1,0,0
crack500_20160308_072935_641_361_jpg,test,1,1,1,0,0
crack500_20160308_072935_641_721_jpg,train,1,1,1,0,0
crack500_20160308_072944_1281_721_jpg,train,1,1,1,0,0
crack500_20160308_072944_1921_1_jpg,test,1,1,1,0,0
crack500_20160308_072944_1921_361_jpg,test,1,1,1,0,0
crack500_20160308_072944_1_361_jpg,train,1,1,1,0,0
crack500_20160308_072944_641_1081_jpg,test,1,1,1,0,0
crack500_20160308_072944_641_361_jpg,train,1,1,1,0,0
crack500_20160308_072944_641_721_jpg,test,1,1,1,0,0
crack500_20160308_072951_1281_1_jpg,train,1,1,1,0,0
crack500_20160308_072951_1281_361_jpg,train,1,2,2,0,0
crack500_20160308_072951_1281_721_jpg,train,1,1,1,0,0
crack500_20160308_072951_1921_361_jpg,train,1,1,1,0,0
crack500_20160308_072951_1921_721_jpg,train,1,1,1,0,0
crack500_20160308_072951_1_1081_jpg,test,1,1,1,0,0
crack500_20160308_072951_1_1_jpg,train,1,1,1,0,0
crack500_20160308_072951_641_1081_jpg,train,1,1,1,0,0
crack500_20160308_072951_641_1_jpg,test,1,2,2,0,0
crack500_20160308_072951_641_361_jpg,test,1,2,2,0,0
crack500_20160308_073014_1281_361_jpg,train,1,1,1,0,0
crack500_20160308_073014_1921_361_jpg,val,1,1,1,0,0
crack500_20160308_073014_1921_721_jpg,val,1,1,1,0,0
crack500_20160308_073014_1_361_jpg,train,1,1,1,0,0
crack500_20160308_073014_1_721_jpg,train,1,1,1,0,0
crack500_20160308_073014_641_721_jpg,train,1,1,1,0,0
crack500_20160308_073213_1281_721_jpg,train,1,1,1,0,0
crack500_20160308_073213_1921_1081_jpg,train,1,1,1,0,0
crack500_20160308_073213_1_1_jpg,train,1,1,1,0,0
crack500_20160308_073213_1_361_jpg,test,1,1,1,0,0
crack500_20160308_073213_641_361_jpg,train,1,1,1,0,0
crack500_20160308_073213_641_721_jpg,test,1,1,1,0,0
crack500_20160308_073245_1281_1081_jpg,test,1,1,1,0,0
crack500_20160308_073245_1281_1_jpg,train,1,1,1,0,0
crack500_20160308_073245_1281_361_jpg,test,1,1,1,0,0
crack500_20160308_073245_1281_721_jpg,train,1,2,2,0,0
crack500_20160308_073245_1921_361_jpg,train,1,1,1,0,0
crack500_20160308_073245_1921_721_jpg,val,1,1,1,0,0
crack500_20160308_073245_1_1081_jpg,train,1,2,2,0,0
crack500_20160308_073245_1_721_jpg,test,1,1,1,0,0
crack500_20160308_073245_641_361_jpg,val,1,1,1,0,0
crack500_20160308_073245_641_721_jpg,train,1,1,1,0,0
crack500_20160308_073310_1281_361_jpg,val,1,1,1,0,0
crack500_20160308_073310_1281_721_jpg,val,1,3,3,0,0
crack500_20160308_073310_1921_721_jpg,train,1,1,1,0,0
crack500_20160308_073310_1_1081_jpg,train,1,1,1,0,0
crack500_20160308_073310_1_1_jpg,val,1,1,1,0,0
crack500_20160308_073310_1_361_jpg,train,1,1,1,0,0
crack500_20160308_073310_641_1081_jpg,train,1,1,1,0,0
crack500_20160308_073310_641_361_jpg,val,1,1,1,0,0
crack500_20160308_073310_641_721_jpg,val,1,1,1,0,0
crack500_20160308_073356_1281_361_jpg,train,1,2,2,0,0
crack500_20160308_073356_1281_721_jpg,train,1,1,1,0,0
crack500_20160308_073356_641_1081_jpg,train,1,1,1,0,0
crack500_20160308_073356_641_361_jpg,test,1,1,1,0,0
crack500_20160308_073356_641_721_jpg,test,1,1,1,0,0
crack500_20160308_073406_1281_721_jpg,train,1,1,1,0,0
crack500_20160308_073406_1921_721_jpg,train,1,1,1,0,0
crack500_20160308_073406_1_361_jpg,test,1,1,1,0,0
crack500_20160308_073406_641_361_jpg,test,1,1,1,0,0
crack500_20160308_073532_1281_721_jpg,train,1,1,1,0,0
crack500_20160308_073532_1921_1081_jpg,test,1,1,1,0,0
crack500_20160308_073532_1921_721_jpg,test,1,1,1,0,0
crack500_20160308_073532_1_721_jpg,val,1,1,1,0,0
crack500_20160308_073532_641_361_jpg,test,1,3,3,0,0
crack500_20160308_073532_641_721_jpg,val,1,1,1,0,0
crack500_20160308_073736_1921_361_jpg,val,1,1,1,0,0
crack500_20160308_073736_1921_721_jpg,test,1,1,1,0,0
crack500_20160308_073736_1_361_jpg,test,1,1,1,0,0
crack500_20160308_073736_1_721_jpg,val,1,1,1,0,0
crack500_20160308_073736_641_1_jpg,val,1,1,1,0,0
crack500_20160308_073736_641_361_jpg,test,1,1,1,0,0
crack500_20160308_074101_1281_1081_jpg,train,1,1,1,0,0
crack500_20160308_074101_1281_1_jpg,train,1,1,1,0,0
crack500_20160308_074101_1281_361_jpg,test,1,1,1,0,0
crack500_20160308_074101_1281_721_jpg,train,1,1,1,0,0
crack500_20160308_074101_1_1_jpg,train,1,1,1,0,0
crack500_20160308_074101_641_361_jpg,test,1,1,1,0,0
crack500_20160308_074134_1281_1_jpg,test,1,1,1,0,0
crack500_20160308_074134_1281_361_jpg,train,1,2,2,0,0
crack500_20160308_074134_1281_721_jpg,test,1,1,1,0,0
crack500_20160308_074134_1921_1081_jpg,test,1,1,1,0,0
crack500_20160308_074134_1921_361_jpg,val,1,1,1,0,0
crack500_20160308_074134_1921_721_jpg,val,1,1,1,0,0
crack500_20160308_074134_1_721_jpg,train,1,1,1,0,0
crack500_20160308_074134_641_361_jpg,val,1,1,1,0,0
crack500_20160308_074134_641_721_jpg,train,1,1,1,0,0
crack500_20160308_074321_1281_361_jpg,test,1,2,2,0,0
crack500_20160308_074321_1281_721_jpg,val,1,1,1,0,0
crack500_20160308_074321_1921_721_jpg,test,1,1,1,0,0
crack500_20160308_074321_1_1_jpg,train,1,1,1,0,0
crack500_20160308_074321_1_361_jpg,train,1,2,2,0,0
crack500_20160308_074321_641_1081_jpg,train,1,1,1,0,0
crack500_20160308_074321_641_361_jpg,train,1,1,1,0,0
crack500_20160308_074321_641_721_jpg,test,1,1,1,0,0
crack500_20160308_074330_1281_721_jpg,train,1,2,2,0,0
crack500_20160308_074330_1921_361_jpg,train,1,1,1,0,0
crack500_20160308_074330_1921_721_jpg,train,1,1,1,0,0
crack500_20160308_074330_1_361_jpg,train,1,2,2,0,0
crack500_20160308_074330_1_721_jpg,test,1,2,2,0,0
crack500_20160308_074330_641_361_jpg,test,1,1,1,0,0
crack500_20160308_074330_641_721_jpg,train,1,1,1,0,0
crack500_20160308_074702_1281_721_jpg,train,1,2,2,0,0
crack500_20160308_074702_1_1081_jpg,train,1,1,1,0,0
crack500_20160308_074702_1_361_jpg,test,1,1,1,0,0
crack500_20160308_074702_1_721_jpg,test,1,3,3,0,0
crack500_20160308_074702_641_361_jpg,train,1,2,2,0,0
crack500_20160308_155516_1281_1081_jpg,val,1,1,1,0,0
crack500_20160308_155516_1281_721_jpg,test,1,1,1,0,0
crack500_20160308_155516_1921_721_jpg,test,1,1,1,0,0
crack500_20160308_155516_1_1081_jpg,test,1,1,1,0,0
crack500_20160308_155516_1_1_jpg,val,1,1,1,0,0
crack500_20160308_155516_1_361_jpg,test,1,2,2,0,0
crack500_20160308_155516_1_721_jpg,test,1,2,2,0,0
crack500_20160308_155516_641_1_jpg,test,1,1,1,0,0
crack500_20160308_155516_641_361_jpg,test,1,2,2,0,0
crack500_20160308_155516_641_721_jpg,train,1,1,1,0,0
crack500_20160308_155537_1281_361_jpg,test,1,1,1,0,0
crack500_20160308_155537_1281_721_jpg,train,1,1,1,0,0
crack500_20160308_155537_1921_361_jpg,test,1,1,1,0,0
crack500_20160308_155537_1_721_jpg,test,1,1,1,0,0
crack500_20160308_155537_641_721_jpg,test,1,1,1,0,0
crack500_20160308_155720_1281_1081_jpg,train,1,2,2,0,0
crack500_20160308_155720_1281_1_jpg,val,1,1,1,0,0
crack500_20160308_155720_1281_721_jpg,test,1,1,1,0,0
crack500_20160308_155720_1921_1_jpg,test,1,3,3,0,0
crack500_20160308_155720_1921_361_jpg,test,1,1,1,0,0
crack500_20160308_155720_1921_721_jpg,test,1,2,2,0,0
crack500_20160308_155720_1_1081_jpg,train,1,1,1,0,0
crack500_20160308_155720_1_361_jpg,test,1,1,1,0,0
crack500_20160308_155720_641_1081_jpg,val,1,2,2,0,0
crack500_20160308_155720_641_1_jpg,train,1,1,1,0,0
crack500_20160308_155720_641_361_jpg,val,1,1,1,0,0
crack500_20160308_155731_1281_361_jpg,test,1,1,1,0,0
crack500_20160308_155731_1281_721_jpg,test,1,3,3,0,0
crack500_20160308_155731_641_1_jpg,test,1,1,1,0,0
crack500_20160308_155731_641_361_jpg,train,1,2,2,0,0
crack500_20160308_155731_641_721_jpg,train,1,1,1,0,0
crack500_20160308_155737_1281_1081_jpg,train,1,2,2,0,0
crack500_20160308_155737_1921_1081_jpg,test,1,2,2,0,0
crack500_20160308_155737_1921_721_jpg,test,1,2,2,0,0
crack500_20160308_155737_1_1_jpg,test,1,1,1,0,0
crack500_20160308_155737_641_1081_jpg,test,1,3,3,0,0
crack500_20160308_155737_641_1_jpg,train,1,1,1,0,0
crack500_20160308_155737_641_361_jpg,val,1,1,1,0,0
crack500_20160308_155828_1921_361_jpg,test,1,2,2,0,0
crack500_20160308_155828_1921_721_jpg,test,1,3,3,0,0
crack500_20160308_155828_1_361_jpg,train,1,1,1,0,0
crack500_20160308_155828_1_721_jpg,test,1,1,1,0,0
crack500_20160308_155828_641_721_jpg,train,1,1,1,0,0
crack500_20160308_155836_1281_361_jpg,test,1,1,1,0,0
crack500_20160308_155836_1281_721_jpg,train,1,1,1,0,0
crack500_20160308_155836_1_361_jpg,val,1,1,1,0,0
crack500_20160308_155836_641_361_jpg,train,1,2,2,0,0
crack500_20160308_155836_641_721_jpg,test,1,1,1,0,0
crack500_20160308_155847_1281_1081_jpg,train,1,1,1,0,0
crack500_20160308_155847_1281_361_jpg,train,1,2,2,0,0
crack500_20160308_155847_1281_721_jpg,test,1,2,2,0,0
crack500_20160308_155847_1921_1_jpg,test,1,1,1,0,0
crack500_20160308_155847_1921_361_jpg,test,1,1,1,0,0
crack500_20160308_155847_1_1_jpg,train,1,1,1,0,0
crack500_20160308_155847_1_361_jpg,test,1,1,1,0,0
crack500_20160308_155847_641_361_jpg,test,1,1,1,0,0
crack500_20160308_160053_1281_361_jpg,train,1,1,1,0,0
crack500_20160308_160053_1921_361_jpg,val,1,2,2,0,0
crack500_20160308_160053_1_721_jpg,train,1,1,1,0,0
crack500_20160308_160053_641_361_jpg,train,1,1,1,0,0
crack500_20160308_160053_641_721_jpg,test,1,1,1,0,0
crack500_20160308_160128_1281_1_jpg,test,1,1,1,0,0
crack500_20160308_160128_1281_361_jpg,test,1,1,1,0,0
crack500_20160308_160128_1281_721_jpg,train,1,2,2,0,0
crack500_20160308_160128_1921_1081_jpg,train,1,2,2,0,0
crack500_20160308_160128_1921_1_jpg,val,1,2,2,0,0
crack500_20160308_160128_1921_361_jpg,test,1,1,1,0,0
crack500_20160308_160128_1921_721_jpg,test,1,2,2,0,0
crack500_20160308_160128_1_721_jpg,test,1,1,1,0,0
crack500_20160310_114418_1281_1081_jpg,test,1,1,1,0,0
crack500_20160310_114418_1281_1_jpg,test,1,1,1,0,0
crack500_20160310_114418_641_1081_jpg,val,1,2,2,0,0
crack500_20160310_114418_641_1_jpg,train,1,1,1,0,0
crack500_20160310_114418_641_721_jpg,train,1,1,1,0,0
crack500_20160310_114425_1281_1081_jpg,val,1,1,1,0,0
crack500_20160310_114425_1281_721_jpg,test,1,1,1,0,0
crack500_20160310_114425_641_1_jpg,test,1,1,1,0,0
crack500_20160310_114425_641_361_jpg,test,1,2,2,0,0
crack500_20160310_114425_641_721_jpg,val,1,2,2,0,0
crack500_20160310_114429_641_1081_jpg,train,1,2,2,0,0
crack500_20160310_114429_641_1_jpg,test,1,1,1,0,0
crack500_20160310_114429_641_361_jpg,train,1,2,2,0,0
crack500_20160310_114429_641_721_jpg,train,1,1,1,0,0
crack500_20160310_114441_641_361_jpg,test,1,1,1,0,0
crack500_20160310_114441_641_721_jpg,val,1,1,1,0,0
crack500_20160310_114446_641_1_jpg,test,1,1,1,0,0
crack500_20160310_114446_641_361_jpg,train,1,1,1,0,0
crack500_20160310_114446_641_721_jpg,train,1,1,1,0,0
crack500_20160310_114459_1281_1_jpg,test,1,1,1,0,0
crack500_20160310_114459_1281_361_jpg,train,1,2,2,0,0
crack500_20160310_114459_641_1081_jpg,test,1,2,2,0,0
crack500_20160310_114459_641_1_jpg,train,1,1,1,0,0
crack500_20160310_114459_641_361_jpg,test,1,2,2,0,0
crack500_20160310_114459_641_721_jpg,val,1,2,2,0,0
crack500_20160310_114505_1281_1_jpg,val,1,4,4,0,0
crack500_20160310_114505_641_1081_jpg,test,1,3,3,0,0
crack500_20160310_114505_641_1_jpg,train,1,2,2,0,0
crack500_20160310_114505_641_721_jpg,test,1,2,2,0,0
crack500_20160310_114658_1281_1081_jpg,test,1,1,1,0,0
crack500_20160310_114658_641_1081_jpg,train,1,2,2,0,0
crack500_20160310_114658_641_1_jpg,test,1,1,1,0,0
crack500_20160310_114658_641_361_jpg,train,1,2,2,0,0
crack500_20160316_141721_1281_721_jpg,test,1,1,1,0,0
crack500_20160316_141721_1921_361_jpg,train,1,2,2,0,0
crack500_20160316_141721_1921_721_jpg,train,1,2,2,0,0
crack500_20160316_141736_1281_361_jpg,test,1,2,2,0,0
crack500_20160316_141736_1281_721_jpg,train,1,1,1,0,0
crack500_20160316_141736_1921_361_jpg,test,1,1,1,0,0
crack500_20160316_141736_1_1081_jpg,test,1,1,1,0,0
crack500_20160316_141736_1_361_jpg,train,1,1,1,0,0
crack500_20160316_141736_1_721_jpg,train,1,1,1,0,0
crack500_20160316_141736_641_361_jpg,train,1,1,1,0,0
crack500_20160316_141736_641_721_jpg,test,1,1,1,0,0
crack500_20160316_142009_1921_1_jpg,val,1,1,1,0,0
crack500_20160316_142009_1921_361_jpg,train,1,1,1,0,0
crack500_20160316_142009_1921_721_jpg,val,1,1,1,0,0
crack500_20160316_142009_1_361_jpg,test,1,1,1,0,0
crack500_20160316_142009_641_361_jpg,train,1,1,1,0,0
crack500_20160316_142014_1281_361_jpg,test,1,6,6,0,0
crack500_20160316_142014_1921_361_jpg,val,1,1,1,0,0
crack500_20160316_142014_1_1081_jpg,test,1,3,3,0,0
crack500_20160316_142014_641_1081_jpg,test,1,1,1,0,0
crack500_20160316_142014_641_361_jpg,train,1,3,3,0,0
crack500_20160316_142014_641_721_jpg,train,1,3,3,0,0
crack500_20160316_142027_1281_361_jpg,train,1,1,1,0,0
crack500_20160316_142027_1921_361_jpg,test,1,2,2,0,0
crack500_20160316_142027_1_1081_jpg,train,1,2,2,0,0
crack500_20160316_142027_1_361_jpg,train,1,1,1,0,0
crack500_20160316_142027_1_721_jpg,train,1,3,3,0,0
crack500_20160316_142027_641_721_jpg,test,1,2,2,0,0
crack500_20160316_142031_1281_361_jpg,test,1,3,3,0,0
crack500_20160316_142031_1281_721_jpg,train,1,2,2,0,0
crack500_20160316_142031_1921_361_jpg,val,1,3,3,0,0
crack500_20160316_142031_1921_721_jpg,test,1,2,2,0,0
crack500_20160316_142031_1_361_jpg,test,1,2,2,0,0
crack500_20160316_142031_1_721_jpg,val,1,2,2,0,0
crack500_20160316_142031_641_361_jpg,val,1,2,2,0,0
crack500_20160316_142031_641_721_jpg,test,1,2,2,0,0
crack500_20160316_142035_1281_361_jpg,train,1,2,2,0,0
crack500_20160316_142035_1921_361_jpg,test,1,1,1,0,0
crack500_20160316_142035_1_721_jpg,train,1,2,2,0,0
crack500_20160316_142035_641_721_jpg,val,1,2,2,0,0
crack500_20160316_142223_361_1281_jpg,train,1,3,3,0,0
crack500_20160316_142223_361_1921_jpg,train,1,3,3,0,0
crack500_20160316_142223_361_1_jpg,test,1,1,1,0,0
crack500_20160316_142223_361_641_jpg,test,1,2,2,0,0
crack500_20160316_142223_721_641_jpg,test,1,1,1,0,0
crack500_20160316_142226_1281_361_jpg,train,1,1,1,0,0
crack500_20160316_142226_1281_721_jpg,val,1,2,2,0,0
crack500_20160316_142226_1921_721_jpg,test,1,1,1,0,0
crack500_20160316_142226_1_361_jpg,test,1,1,1,0,0
crack500_20160316_142226_641_361_jpg,test,1,1,1,0,0
crack500_20160316_142226_641_721_jpg,val,1,1,1,0,0
crack500_20160316_142449_1281_721_jpg,train,1,2,2,0,0
crack500_20160316_142449_1921_361_jpg,train,1,1,1,0,0
crack500_20160316_142449_1921_721_jpg,train,1,1,1,0,0
crack500_20160316_142449_641_361_jpg,test,1,1,1,0,0
crack500_20160316_142449_641_721_jpg,test,1,1,1,0,0
crack500_20160316_142539_1281_361_jpg,val,1,1,1,0,0
crack500_20160316_142539_1281_721_jpg,test,1,1,1,0,0
crack500_20160316_142539_1921_361_jpg,test,1,2,2,0,0
crack500_20160316_142539_641_721_jpg,test,1,1,1,0,0
crack500_20160316_143433_1281_1_jpg,train,1,1,1,0,0
crack500_20160316_143433_1281_721_jpg,train,1,1,1,0,0
crack500_20160316_143433_1921_1081_jpg,test,1,1,1,0,0
crack500_20160316_143433_1921_1_jpg,train,1,1,1,0,0
crack500_20160316_143433_1921_721_jpg,test,1,2,2,0,0
crack500_20160316_143433_1_361_jpg,val,1,1,1,0,0
crack500_20160316_143433_641_1_jpg,train,1,2,2,0,0
crack500_20160316_143433_641_721_jpg,test,1,1,1,0,0
crack500_20160316_143445_1281_1081_jpg,train,1,2,2,0,0
crack500_20160316_143445_1281_1_jpg,test,1,1,1,0,0
crack500_20160316_143445_1281_721_jpg,val,1,2,2,0,0
crack500_20160316_143445_1921_1081_jpg,train,1,1,1,0,0
crack500_20160316_143445_1_1081_jpg,train,1,1,1,0,0
crack500_20160316_143445_1_721_jpg,train,1,2,2,0,0
crack500_20160316_143445_641_361_jpg,train,2,2,2,0,0
crack500_20160316_143445_641_721_jpg,val,1,1,1,0,0
crack500_20160316_143527_1281_1081_jpg,val,1,4,4,0,0
crack500_20160316_143527_1281_361_jpg,val,1,2,2,0,0
crack500_20160316_143527_1281_721_jpg,val,1,4,4,0,0
crack500_20160316_143527_1921_361_jpg,val,1,2,2,0,0
crack500_20160316_143527_1_1_jpg,train,1,1,1,0,0
crack500_20160316_143527_1_361_jpg,test,1,1,1,0,0
crack500_20160316_143527_641_361_jpg,train,1,4,4,0,0
crack500_20160316_143527_641_721_jpg,train,1,2,2,0,0
crack500_20160316_143547_1281_361_jpg,train,2,2,2,0,0
crack500_20160316_143547_1281_721_jpg,test,1,1,1,0,0
crack500_20160316_143547_1921_1081_jpg,test,1,3,3,0,0
crack500_20160316_143547_1_1_jpg,train,1,1,1,0,0
crack500_20160316_143547_641_1_jpg,val,1,1,1,0,0
crack500_20160316_143547_641_361_jpg,train,1,1,1,0,0
crack500_20160316_143547_641_721_jpg,train,1,1,1,0,0
crack500_20160316_143603_1281_1_jpg,train,1,2,2,0,0
crack500_20160316_143603_1281_361_jpg,test,1,2,2,0,0
crack500_20160316_143603_1281_721_jpg,train,1,2,2,0,0
crack500_20160316_143603_1921_1081_jpg,train,1,1,1,0,0
crack500_20160316_143603_1921_1_jpg,val,1,1,1,0,0
crack500_20160316_143603_1921_361_jpg,train,2,4,4,0,0
crack500_20160316_143603_1921_721_jpg,train,2,2,2,0,0
crack500_20160316_143603_1_1081_jpg,val,1,1,1,0,0
crack500_20160316_143603_1_1_jpg,test,1,1,1,0,0
crack500_20160316_143603_1_361_jpg,train,1,1,1,0,0
crack500_20160316_143603_1_721_jpg,test,1,1,1,0,0
crack500_20160316_143603_641_1081_jpg,train,2,4,4,0,0
crack500_20160316_143603_641_1_jpg,val,1,1,1,0,0
crack500_20160316_143603_641_361_jpg,train,1,1,1,0,0
crack500_20160316_143603_641_721_jpg,test,1,1,1,0,0
crack500_20160316_143624_1081_1281_jpg,test,1,1,1,0,0
crack500_20160316_143624_1081_641_jpg,train,1,2,2,0,0
crack500_20160316_143624_1_641_jpg,train,2,2,2,0,0
crack500_20160316_143624_361_1281_jpg,test,1,1,1,0,0
crack500_20160316_143624_361_1921_jpg,test,1,1,1,0,0
crack500_20160316_143624_361_641_jpg,train,1,1,1,0,0
crack500_20160316_143624_721_1281_jpg,train,1,1,1,0,0
crack500_20160316_143624_721_641_jpg,train,1,1,1,0,0
crack500_20160316_143629_1281_361_jpg,train,1,1,1,0,0
crack500_20160316_143629_1921_361_jpg,train,1,1,1,0,0
crack500_20160316_143629_1_721_jpg,train,2,2,2,0,0
crack500_20160316_143629_641_361_jpg,train,1,1,1,0,0
crack500_20160316_143629_641_721_jpg,test,1,1,1,0,0
crack500_20160316_144105_1281_1081_jpg,val,1,1,1,0,0
crack500_20160316_144105_1281_1_jpg,train,1,2,2,0,0
crack500_20160316_144105_1281_361_jpg,train,1,3,3,0,0
crack500_20160316_144105_1281_721_jpg,val,1,1,1,0,0
crack500_20160316_144105_1921_1_jpg,train,1,1,1,0,0
crack500_20160316_144105_1921_361_jpg,test,1,1,1,0,0
crack500_20160316_144105_1_1_jpg,test,1,1,1,0,0
crack500_20160316_144105_1_361_jpg,test,1,1,1,0,0
crack500_20160316_144105_1_721_jpg,val,1,1,1,0,0
crack500_20160316_144105_641_361_jpg,test,1,1,1,0,0
crack500_20160316_144105_641_721_jpg,test,1,1,1,0,0
crack500_20160316_144203_1921_721_jpg,train,1,1,1,0,0
crack500_20160316_144203_1_361_jpg,test,1,1,1,0,0
crack500_20160316_144203_641_361_jpg,test,1,1,1,0,0
crack500_20160316_144203_641_721_jpg,test,1,1,1,0,0
crack500_20160316_144212_1281_361_jpg,val,1,1,1,0,0
crack500_20160316_144212_1281_721_jpg,test,1,1,1,0,0
crack500_20160316_144212_1921_361_jpg,val,1,1,1,0,0
crack500_20160316_144212_1_361_jpg,val,1,1,1,0,0
crack500_20160316_144212_1_721_jpg,test,1,1,1,0,0
crack500_20160316_144212_641_361_jpg,val,1,1,1,0,0
crack500_20160316_144230_1281_1081_jpg,train,1,1,1,0,0
crack500_20160316_144230_1281_1_jpg,val,1,1,1,0,0
crack500_20160316_144230_1281_361_jpg,test,1,2,2,0,0
crack500_20160316_144230_1281_721_jpg,test,1,1,1,0,0
crack500_20160316_144230_1921_1_jpg,test,1,2,2,0,0
crack500_20160316_144230_1921_361_jpg,val,1,1,1,0,0
crack500_20160316_144230_1_1_jpg,test,1,1,1,0,0
crack500_20160316_144230_1_361_jpg,train,1,1,1,0,0
crack500_20160316_144230_641_1081_jpg,train,1,1,1,0,0
crack500_20160316_144230_641_1_jpg,train,2,2,2,0,0
crack500_20160316_144230_641_361_jpg,train,1,1,1,0,0
crack500_20160316_144230_641_721_jpg,test,1,1,1,0,0
crack500_20160316_144241_1281_1_jpg,test,1,1,1,0,0
crack500_20160316_144241_1281_721_jpg,test,1,1,1,0,0
crack500_20160316_144241_1921_1081_jpg,test,1,1,1,0,0
crack500_20160316_144241_1921_721_jpg,train,1,1,1,0,0
crack500_20160316_144241_1_1081_jpg,test,1,1,1,0,0
crack500_20160316_144241_1_721_jpg,test,1,1,1,0,0
crack500_20160316_144241_641_1_jpg,test,1,1,1,0,0
crack500_20160316_144241_641_721_jpg,train,1,1,1,0,0
crack500_20160316_144431_1281_1081_jpg,test,1,1,1,0,0
crack500_20160316_144431_1281_361_jpg,test,1,1,1,0,0
crack500_20160316_144431_1281_721_jpg,test,1,1,1,0,0
crack500_20160316_144431_1921_1081_jpg,val,1,1,1,0,0
crack500_20160316_144431_1921_1_jpg,val,1,1,1,0,0
crack500_20160316_144431_1921_361_jpg,val,1,1,1,0,0
crack500_20160316_144431_1_1081_jpg,val,1,1,1,0,0
crack500_20160316_144431_1_1_jpg,train,1,1,1,0,0
crack500_20160316_144431_1_721_jpg,train,1,1,1,0,0
crack500_20160316_144431_641_1081_jpg,train,2,2,2,0,0
crack500_20160316_144431_641_1_jpg,train,1,1,1,0,0
crack500_20160316_144431_641_361_jpg,train,1,1,1,0,0
crack500_20160316_144431_641_721_jpg,val,1,1,1,0,0
crack500_20160316_183217_1281_1081_jpg,test,1,1,1,0,0
crack500_20160316_183217_1281_361_jpg,train,1,1,1,0,0
crack500_20160316_183217_1281_721_jpg,test,1,1,1,0,0
crack500_20160318_084343_1281_721_jpg,val,1,1,1,0,0
crack500_20160318_084343_1921_721_jpg,test,1,1,1,0,0
crack500_20160318_084343_1_1081_jpg,train,1,1,1,0,0
crack500_20160318_084343_1_721_jpg,train,1,1,1,0,0
crack500_20160318_084343_641_361_jpg,train,1,1,1,0,0
crack500_20160318_084343_641_721_jpg,train,1,2,2,0,0
crack500_20160318_181602_1921_361_jpg,train,1,1,1,0,0
crack500_20160318_181602_1_1081_jpg,test,1,1,1,0,0
crack500_20160318_181602_1_721_jpg,val,1,1,1,0,0
crack500_20160318_181602_641_361_jpg,test,1,2,2,0,0
crack500_20160318_181602_641_721_jpg,test,1,1,1,0,0
crack500_20160318_181627_1281_361_jpg,train,2,2,2,0,0
crack500_20160318_181627_1281_721_jpg,test,1,1,1,0,0
crack500_20160318_181627_1921_361_jpg,val,1,1,1,0,0
crack500_20160318_181627_1921_721_jpg,train,1,1,1,0,0
crack500_20160318_181627_1_1_jpg,train,1,1,1,0,0
crack500_20160318_181627_1_361_jpg,test,1,1,1,0,0
crack500_20160318_181627_641_361_jpg,test,1,1,1,0,0
crack500_20160318_181627_641_721_jpg,train,1,2,2,0,0
crack500_20160318_181632_1281_1081_jpg,train,2,2,2,0,0
crack500_20160318_181632_1281_361_jpg,train,1,1,1,0,0
crack500_20160318_181632_1281_721_jpg,train,1,1,1,0,0
crack500_20160318_181632_1921_1_jpg,train,1,1,1,0,0
crack500_20160318_181632_1921_361_jpg,train,1,1,1,0,0
crack500_20160318_181632_641_361_jpg,test,1,1,1,0,0
crack500_20160318_181632_641_721_jpg,val,1,1,1,0,0
crack500_20160318_181712_1281_721_jpg,train,1,2,2,0,0
crack500_20160318_181712_1921_721_jpg,train,2,2,2,0,0
crack500_20160318_181712_1_721_jpg,test,1,1,1,0,0
crack500_20160318_181712_641_721_jpg,val,1,1,1,0,0
crack500_20160321_183909_1281_361_jpg,val,1,1,1,0,0
crack500_20160321_183909_1281_721_jpg,train,1,1,1,0,0
crack500_20160321_183909_1921_721_jpg,train,1,1,1,0,0
crack500_20160321_183909_1_361_jpg,test,1,1,1,0,0
crack500_20160321_183909_1_721_jpg,test,1,1,1,0,0
crack500_20160321_183909_641_361_jpg,val,1,1,1,0,0
crack500_20160321_183909_641_721_jpg,test,1,1,1,0,0
crack500_20160321_183947_1281_361_jpg,val,1,1,1,0,0
crack500_20160321_183947_1281_721_jpg,test,1,1,1,0,0
crack500_20160321_183947_1921_721_jpg,test,1,1,1,0,0
crack500_20160321_183947_1_721_jpg,test,1,1,1,0,0
crack500_20160321_183947_641_721_jpg,test,1,1,1,0,0
crack500_20160321_183951_1281_1081_jpg,train,1,1,1,0,0
crack500_20160321_183951_1281_1_jpg,train,1,1,1,0,0
crack500_20160321_183951_1281_361_jpg,test,1,2,2,0,0
crack500_20160321_183951_1921_361_jpg,val,1,1,1,0,0
crack500_20160321_183951_1921_721_jpg,test,1,1,1,0,0
crack500_20160321_183951_1_361_jpg,train,2,2,2,0,0
crack500_20160321_183951_641_361_jpg,val,1,1,1,0,0
crack500_20160321_185457_1281_1081_jpg,train,1,1,1,0,0
crack500_20160321_185457_1281_361_jpg,test,1,1,1,0,0
crack500_20160321_185457_1281_721_jpg,test,1,1,1,0,0
crack500_20160321_185457_1921_1081_jpg,test,1,1,1,0,0
crack500_20160321_185457_1921_721_jpg,test,1,1,1,0,0
crack500_20160321_185457_1_361_jpg,test,1,2,2,0,0
crack500_20160321_185457_1_721_jpg,test,1,1,1,0,0
crack500_20160321_185457_641_361_jpg,train,1,1,1,0,0
crack500_20160321_185457_641_721_jpg,train,1,1,1,0,0
crack500_20160321_185518_1281_1_jpg,train,1,2,2,0,0
crack500_20160321_185518_1281_361_jpg,train,1,2,2,0,0
crack500_20160321_185518_1281_721_jpg,train,1,1,1,0,0
crack500_20160321_185518_1921_1081_jpg,val,1,1,1,0,0
crack500_20160321_185518_1921_1_jpg,val,1,1,1,0,0
crack500_20160321_185518_1921_361_jpg,train,1,1,1,0,0
crack500_20160321_185518_1_1081_jpg,test,1,1,1,0,0
crack500_20160321_185518_1_361_jpg,train,1,1,1,0,0
crack500_20160321_185518_641_1_jpg,val,1,1,1,0,0
crack500_20160321_185518_641_361_jpg,test,1,1,1,0,0
crack500_20160321_185534_1281_1081_jpg,train,1,1,1,0,0
crack500_20160321_185534_1281_361_jpg,test,1,3,3,0,0
crack500_20160321_185534_1921_361_jpg,test,1,1,1,0,0
crack500_20160321_185534_1921_721_jpg,test,1,3,3,0,0
crack500_20160321_185534_641_1081_jpg,val,1,1,1,0,0
crack500_20160321_185534_641_1_jpg,test,1,1,1,0,0
crack500_20160321_185534_641_361_jpg,test,1,1,1,0,0
crack500_20160321_185534_641_721_jpg,val,1,1,1,0,0
crack500_20160321_185557_1281_721_jpg,val,1,1,1,0,0
crack500_20160321_185557_1921_1081_jpg,test,1,1,1,0,0
crack500_20160321_185557_1921_1_jpg,train,1,1,1,0,0
crack500_20160321_185557_1921_361_jpg,train,1,1,1,0,0
crack500_20160321_185557_1921_721_jpg,train,1,1,1,0,0
crack500_20160321_185557_1_721_jpg,test,1,1,1,0,0
crack500_20160321_185637_1281_1081_jpg,train,1,1,1,0,0
crack500_20160321_185637_1281_1_jpg,test,1,1,1,0,0
crack500_20160321_185637_1281_361_jpg,test,1,1,1,0,0
crack500_20160321_185637_1281_721_jpg,test,1,2,2,0,0
crack500_20160321_185637_1921_1_jpg,val,1,1,1,0,0
crack500_20160321_185637_1_1081_jpg,train,1,1,1,0,0
crack500_20160321_185637_1_1_jpg,test,1,1,1,0,0
crack500_20160321_185637_1_721_jpg,train,1,1,1,0,0
crack500_20160321_185637_641_721_jpg,train,1,1,1,0,0
crack500_20160324_165857_1281_721_jpg,train,1,1,1,0,0
crack500_20160324_165857_1921_721_jpg,val,1,1,1,0,0
crack500_20160324_165857_1_361_jpg,train,1,1,1,0,0
crack500_20160324_165857_1_721_jpg,val,1,1,1,0,0
crack500_20160324_170309_1281_1081_jpg,val,1,1,1,0,0
crack500_20160324_170309_1281_1_jpg,val,1,1,1,0,0
crack500_20160324_170309_1281_361_jpg,train,1,1,1,0,0
crack500_20160324_170309_1281_721_jpg,val,1,1,1,0,0
crack500_20160324_170309_641_1081_jpg,test,1,1,1,0,0
crack500_20160324_170309_641_361_jpg,train,1,1,1,0,0
crack500_20160324_170323_1281_721_jpg,test,1,1,1,0,0
crack500_20160324_170323_1921_361_jpg,train,1,1,1,0,0
crack500_20160324_170323_1921_721_jpg,train,1,1,1,0,0
crack500_20160324_170323_641_361_jpg,test,1,2,2,0,0
crack500_20160324_170323_641_721_jpg,train,1,2,2,0,0
crack500_20160324_170347_1281_1081_jpg,test,1,1,1,0,0
crack500_20160324_170347_1281_1_jpg,test,1,1,1,0,0
crack500_20160324_170347_641_1_jpg,test,1,1,1,0,0
crack500_20160324_170347_641_361_jpg,train,1,1,1,0,0
crack500_20160324_170347_641_721_jpg,train,1,1,1,0,0
crack500_20160324_170408_1281_361_jpg,val,1,1,1,0,0
crack500_20160324_170408_1281_721_jpg,train,1,3,3,0,0
crack500_20160324_170408_1921_721_jpg,train,1,1,1,0,0
crack500_20160324_170408_1_361_jpg,train,1,2,2,0,0
crack500_20160324_170408_1_721_jpg,test,1,1,1,0,0
crack500_20160324_170408_641_361_jpg,train,1,1,1,0,0
crack500_20160324_170542_1281_361_jpg,test,1,2,2,0,0
crack500_20160324_170542_1921_361_jpg,train,1,1,1,0,0
crack500_20160324_170542_1921_721_jpg,test,1,2,2,0,0
crack500_20160324_170542_1_361_jpg,train,1,2,2,0,0
crack500_20160324_170542_641_361_jpg,test,1,1,1,0,0
crack500_20160324_170655_1281_361_jpg,train,1,1,1,0,0
crack500_20160324_170655_1921_361_jpg,test,1,1,1,0,0
crack500_20160324_170655_1_361_jpg,val,1,1,1,0,0
crack500_20160324_170655_1_721_jpg,train,1,1,1,0,0
crack500_20160324_170655_641_361_jpg,test,1,1,1,0,0
crack500_20160324_173501_1281_721_jpg,test,1,2,2,0,0
crack500_20160324_173501_1921_361_jpg,val,1,1,1,0,0
crack500_20160324_173501_1921_721_jpg,train,1,3,3,0,0
crack500_20160324_173501_1_721_jpg,val,1,1,1,0,0
crack500_20160324_173501_641_721_jpg,test,1,1,1,0,0
crack500_20160324_173527_1281_721_jpg,train,1,1,1,0,0
crack500_20160324_173527_1921_361_jpg,train,1,1,1,0,0
crack500_20160324_173527_1921_721_jpg,test,1,1,1,0,0
crack500_20160324_173527_1_361_jpg,test,1,1,1,0,0
crack500_20160324_173527_641_361_jpg,train,1,1,1,0,0
crack500_20160324_173527_641_721_jpg,val,1,1,1,0,0
crack500_20160325_185829_1281_1081_jpg,train,1,1,1,0,0
crack500_20160325_185829_1281_1_jpg,val,1,1,1,0,0
crack500_20160325_185829_1281_361_jpg,val,1,1,1,0,0
crack500_20160325_185829_1281_721_jpg,test,1,1,1,0,0
crack500_20160325_185829_1921_721_jpg,train,1,4,4,0,0
crack500_20160325_185829_1_1081_jpg,train,1,1,1,0,0
crack500_20160325_185829_1_1_jpg,val,1,1,1,0,0
crack500_20160325_185829_1_361_jpg,test,1,1,1,0,0
crack500_20160325_185829_641_1081_jpg,test,1,2,2,0,0
crack500_20160325_185829_641_1_jpg,val,1,1,1,0,0
crack500_20160326_141808_1281_1_jpg,train,2,4,4,0,0
crack500_20160326_141808_641_1_jpg,test,1,1,1,0,0
crack500_20160326_141808_641_361_jpg,val,1,1,1,0,0
crack500_20160326_141808_641_721_jpg,train,1,1,1,0,0
crack500_20160326_141812_1_1_jpg,train,2,2,2,0,0
crack500_20160326_141812_641_1_jpg,test,1,1,1,0,0
crack500_20160326_141812_641_361_jpg,val,1,1,1,0,0
crack500_20160326_141812_641_721_jpg,test,1,1,1,0,0
crack500_20160326_142309_1281_361_jpg,train,1,1,1,0,0
crack500_20160326_142309_1921_361_jpg,test,1,1,1,0,0
crack500_20160326_142309_1921_721_jpg,train,1,1,1,0,0
crack500_20160326_142309_1_361_jpg,val,1,1,1,0,0
crack500_20160326_142309_641_361_jpg,val,1,2,2,0,0
crack500_20160326_142309_641_721_jpg,test,1,1,1,0,0
crack500_20160326_142327_1281_1081_jpg,train,1,4,4,0,0
crack500_20160326_142327_1281_1_jpg,test,1,1,1,0,0
crack500_20160326_142327_1281_361_jpg,train,1,1,1,0,0
crack500_20160326_142327_1281_721_jpg,val,1,1,1,0,0
crack500_20160326_142327_1_1081_jpg,val,1,1,1,0,0
crack500_20160326_142327_1_1_jpg,train,1,1,1,0,0
crack500_20160326_142327_1_361_jpg,train,1,1,1,0,0
crack500_20160326_142327_1_721_jpg,train,1,1,1,0,0
crack500_20160326_142327_641_721_jpg,train,1,1,1,0,0
crack500_20160326_142349_1281_1081_jpg,test,1,1,1,0,0
crack500_20160326_142349_1281_1_jpg,train,1,1,1,0,0
crack500_20160326_142349_1281_361_jpg,val,1,1,1,0,0
crack500_20160326_142349_1281_721_jpg,test,1,1,1,0,0
crack500_20160326_142349_641_1_jpg,test,1,1,1,0,0
crack500_20160326_142349_641_361_jpg,test,1,1,1,0,0
crack500_20160326_142349_641_721_jpg,test,1,1,1,0,0
crack500_20160326_142354_1281_1081_jpg,test,1,2,2,0,0
crack500_20160326_142354_1281_1_jpg,val,1,2,2,0,0
crack500_20160326_142354_1281_361_jpg,train,1,3,3,0,0
crack500_20160326_142354_1281_721_jpg,test,1,2,2,0,0
crack500_20160326_142354_641_361_jpg,test,1,1,1,0,0
crack500_20160326_142354_641_721_jpg,test,1,1,1,0,0
crack500_20160326_142403_1281_721_jpg,train,1,1,1,0,0
crack500_20160326_142403_1921_361_jpg,train,1,1,1,0,0
crack500_20160326_142403_1921_721_jpg,train,2,2,2,0,0
crack500_20160326_142403_1_361_jpg,test,1,1,1,0,0
crack500_20160326_142403_641_361_jpg,train,1,2,2,0,0
crack500_20160326_142403_641_721_jpg,test,1,2,2,0,0
crack500_20160326_142521_1281_1081_jpg,train,1,1,1,0,0
crack500_20160326_142521_1281_1_jpg,test,1,1,1,0,0
crack500_20160326_142521_1281_361_jpg,train,1,1,1,0,0
crack500_20160326_142521_1281_721_jpg,test,1,1,1,0,0
crack500_20160326_142521_641_1081_jpg,train,2,2,2,0,0
crack500_20160326_142521_641_1_jpg,train,1,0,0,0,1
crack500_20160326_142745_1281_1081_jpg,train,1,1,1,0,0
crack500_20160326_142745_1281_361_jpg,train,1,1,1,0,0
crack500_20160326_142745_1921_1081_jpg,test,1,2,2,0,0
crack500_20160326_142745_1_1_jpg,test,1,1,1,0,0
crack500_20160326_142745_641_361_jpg,val,1,1,1,0,0
crack500_20160326_144512_1081_641_jpg,train,1,1,1,0,0
crack500_20160326_144512_1_1_jpg,train,1,1,1,0,0
crack500_20160326_144512_361_1_jpg,test,1,1,1,0,0
crack500_20160326_144512_721_1_jpg,val,1,1,1,0,0
crack500_20160326_150104_1281_361_jpg,train,1,3,3,0,0
crack500_20160326_150104_1281_721_jpg,train,1,4,4,0,0
crack500_20160326_150104_1921_721_jpg,val,1,1,1,0,0
crack500_20160326_150104_1_721_jpg,test,1,1,1,0,0
crack500_20160326_150104_641_361_jpg,train,1,3,3,0,0
crack500_20160326_150104_641_721_jpg,val,1,1,1,0,0
crack500_20160326_150319_1081_641_jpg,train,2,2,2,0,0
crack500_20160326_150319_1_641_jpg,train,2,2,2,0,0
crack500_20160326_150319_361_641_jpg,test,1,1,1,0,0
crack500_20160326_150319_721_641_jpg,train,2,2,2,0,0
crack500_20160326_150337_1281_1_jpg,test,1,1,1,0,0
crack500_20160326_150337_1281_361_jpg,train,1,1,1,0,0
crack500_20160326_150337_1921_1_jpg,train,1,2,2,0,0
crack500_20160326_150337_1921_361_jpg,train,1,1,1,0,0
crack500_20160326_150337_1_361_jpg,val,1,1,1,0,0
crack500_20160326_150337_641_361_jpg,train,1,1,1,0,0
crack500_20160326_162529_1281_1081_jpg,test,1,1,1,0,0
crack500_20160326_162529_1281_721_jpg,train,2,2,2,0,0
crack500_20160326_162529_1921_361_jpg,val,1,1,1,0,0
crack500_20160326_162529_1921_721_jpg,test,1,1,1,0,0
crack500_20160326_162529_1_361_jpg,test,1,1,1,0,0
crack500_20160326_162529_641_1081_jpg,test,1,1,1,0,0
crack500_20160326_162529_641_721_jpg,test,1,2,2,0,0
crack500_20160326_162532_1281_721_jpg,train,1,1,1,0,0
crack500_20160326_162532_1921_721_jpg,val,1,2,2,0,0
crack500_20160326_162532_641_361_jpg,test,1,1,1,0,0
crack500_20160326_162532_641_721_jpg,train,1,2,2,0,0
crack500_20160326_162538_1281_361_jpg,test,1,1,1,0,0
crack500_20160326_162538_1281_721_jpg,train,1,1,1,0,0
crack500_20160326_162538_1921_361_jpg,test,1,1,1,0,0
crack500_20160326_162538_1_361_jpg,train,1,1,1,0,0
crack500_20160326_162538_1_721_jpg,train,1,1,1,0,0
crack500_20160326_162538_641_721_jpg,test,1,1,1,0,0
crack500_20160326_174634_1281_361_jpg,val,1,2,2,0,0
crack500_20160326_174634_1281_721_jpg,train,1,1,1,0,0
crack500_20160326_174634_1921_361_jpg,train,2,4,4,0,0
crack500_20160326_174634_1921_721_jpg,train,1,1,1,0,0
crack500_20160326_174634_1_1_jpg,train,1,1,1,0,0
crack500_20160326_174634_1_361_jpg,test,1,2,2,0,0
crack500_20160326_174634_1_721_jpg,train,1,1,1,0,0
crack500_20160326_174634_641_361_jpg,train,1,1,1,0,0
crack500_20160328_150820_1281_721_jpg,test,1,1,1,0,0
crack500_20160328_150820_1921_361_jpg,train,1,1,1,0,0
crack500_20160328_150820_1921_721_jpg,val,1,1,1,0,0
crack500_20160328_150820_1_361_jpg,test,1,2,2,0,0
crack500_20160328_150820_1_721_jpg,val,1,1,1,0,0
crack500_20160328_150820_641_721_jpg,train,1,1,1,0,0
crack500_20160328_150821_1281_721_jpg,test,1,1,1,0,0
crack500_20160328_150821_1921_361_jpg,train,2,2,2,0,0
crack500_20160328_150821_1921_721_jpg,train,1,1,1,0,0
crack500_20160328_150821_1_361_jpg,val,1,2,2,0,0
crack500_20160328_150827_1281_1_jpg,test,1,1,1,0,0
crack500_20160328_150827_1281_361_jpg,test,1,1,1,0,0
crack500_20160328_150827_1281_721_jpg,val,1,2,2,0,0
crack500_20160328_150827_1921_1_jpg,val,1,1,1,0,0
crack500_20160328_150827_1_1_jpg,test,1,2,2,0,0
crack500_20160328_150827_1_361_jpg,test,1,2,2,0,0
crack500_20160328_150827_641_361_jpg,test,1,2,2,0,0
crack500_20160328_150927_1281_1_jpg,train,1,1,1,0,0
crack500_20160328_150927_1281_361_jpg,train,1,2,2,0,0
crack500_20160328_150927_1921_721_jpg,train,1,1,1,0,0
crack500_20160328_150927_1_361_jpg,train,1,1,1,0,0
crack500_20160328_150927_1_721_jpg,train,1,1,1,0,0
crack500_20160328_150927_641_361_jpg,train,1,1,1,0,0
crack500_20160328_150927_641_721_jpg,test,1,3,3,0,0
crack500_20160328_150932_1281_361_jpg,train,1,1,1,0,0
crack500_20160328_150932_1281_721_jpg,train,1,2,2,0,0
crack500_20160328_150932_1921_721_jpg,train,1,1,1,0,0
crack500_20160328_150932_1_1_jpg,val,1,1,1,0,0
crack500_20160328_150932_1_721_jpg,train,1,2,2,0,0
crack500_20160328_150932_641_721_jpg,train,1,1,1,0,0
crack500_20160328_150933_1281_1_jpg,val,1,1,1,0,0
crack500_20160328_150933_1281_361_jpg,test,1,2,2,0,0
crack500_20160328_150933_1281_721_jpg,test,1,1,1,0,0
crack500_20160328_150933_1921_721_jpg,val,1,1,1,0,0
crack500_20160328_150933_1_361_jpg,val,1,1,1,0,0
crack500_20160328_150933_1_721_jpg,train,1,3,3,0,0
crack500_20160328_150933_641_361_jpg,val,1,1,1,0,0
crack500_20160328_150933_641_721_jpg,test,1,1,1,0,0
crack500_20160328_150940_1281_721_jpg,train,1,1,1,0,0
crack500_20160328_150940_1921_361_jpg,test,1,1,1,0,0
crack500_20160328_150940_1_1_jpg,val,1,1,1,0,0
crack500_20160328_150940_1_361_jpg,test,1,1,1,0,0
crack500_20160328_150940_1_721_jpg,test,1,2,2,0,0
crack500_20160328_150940_641_721_jpg,test,1,2,2,0,0
crack500_20160328_151013_1081_1281_jpg,val,1,1,1,0,0
crack500_20160328_151013_1_1921_jpg,test,1,1,1,0,0
crack500_20160328_151013_361_1281_jpg,val,1,1,1,0,0
crack500_20160328_151013_361_641_jpg,test,1,1,1,0,0
crack500_20160328_151013_721_1281_jpg,val,1,2,2,0,0
crack500_20160328_151013_721_1_jpg,val,1,1,1,0,0
crack500_20160328_151013_721_641_jpg,test,1,1,1,0,0
crack500_20160328_151014_1281_1_jpg,test,1,1,1,0,0
crack500_20160328_151014_1281_361_jpg,test,1,1,1,0,0
crack500_20160328_151014_1281_721_jpg,val,1,1,1,0,0
crack500_20160328_151014_1921_1081_jpg,val,1,1,1,0,0
crack500_20160328_151014_1921_721_jpg,test,1,1,1,0,0
crack500_20160328_151014_1_361_jpg,val,1,1,1,0,0
crack500_20160328_151014_641_361_jpg,train,1,1,1,0,0
crack500_20160328_151014_641_721_jpg,val,1,2,2,0,0
crack500_20160328_151020_1281_361_jpg,train,1,1,1,0,0
crack500_20160328_151020_1921_361_jpg,train,1,1,1,0,0
crack500_20160328_151020_1_1_jpg,test,1,1,1,0,0
crack500_20160328_151020_1_361_jpg,val,1,1,1,0,0
crack500_20160328_151020_641_361_jpg,train,1,2,2,0,0
crack500_20160328_151027_1281_1081_jpg,test,1,1,1,0,0
crack500_20160328_151027_1281_1_jpg,test,1,1,1,0,0
crack500_20160328_151027_1281_361_jpg,train,1,2,2,0,0
crack500_20160328_151027_1281_721_jpg,train,1,1,1,0,0
crack500_20160328_151027_641_1081_jpg,test,1,1,1,0,0
crack500_20160328_151027_641_1_jpg,train,1,1,1,0,0
crack500_20160328_151027_641_721_jpg,train,1,1,1,0,0
crack500_20160328_151056_1281_1_jpg,test,1,1,1,0,0
crack500_20160328_151056_1281_361_jpg,test,1,2,2,0,0
crack500_20160328_151056_641_1_jpg,test,1,5,5,0,0
crack500_20160328_151056_641_361_jpg,test,1,4,4,0,0
crack500_20160328_151056_641_721_jpg,val,1,2,2,0,0
crack500_20160328_151057_1281_1081_jpg,train,1,3,3,0,0
crack500_20160328_151057_1281_1_jpg,test,1,1,1,0,0
crack500_20160328_151057_1281_361_jpg,train,1,1,1,0,0
crack500_20160328_151057_1921_721_jpg,test,1,1,1,0,0
crack500_20160328_151057_641_1081_jpg,test,1,1,1,0,0
crack500_20160328_151057_641_721_jpg,test,1,1,1,0,0
crack500_20160328_151151_1281_1081_jpg,train,1,1,1,0,0
crack500_20160328_151151_1281_721_jpg,val,1,1,1,0,0
crack500_20160328_151151_1921_1081_jpg,test,1,2,2,0,0
crack500_20160328_151151_641_1_jpg,test,1,1,1,0,0
crack500_20160328_151151_641_721_jpg,test,1,1,1,0,0
crack500_20160328_151201_1281_361_jpg,train,1,1,1,0,0
crack500_20160328_151201_1921_1081_jpg,train,1,1,1,0,0
crack500_20160328_151201_1921_721_jpg,train,1,1,1,0,0
crack500_20160328_151201_641_1_jpg,train,1,1,1,0,0
crack500_20160328_151201_641_361_jpg,train,1,1,1,0,0
crack500_20160328_151212_1281_721_jpg,test,1,1,1,0,0
crack500_20160328_151212_1921_1081_jpg,train,1,1,1,0,0
crack500_20160328_151212_1921_721_jpg,test,1,1,1,0,0
crack500_20160328_151212_1_361_jpg,test,1,1,1,0,0
crack500_20160328_151212_1_721_jpg,test,1,1,1,0,0
crack500_20160328_151212_641_721_jpg,train,1,2,2,0,0
crack500_20160328_151241_1281_361_jpg,test,1,1,1,0,0
crack500_20160328_151241_1281_721_jpg,train,1,1,1,0,0
crack500_20160328_151241_1921_361_jpg,train,1,1,1,0,0
crack500_20160328_151241_1921_721_jpg,train,1,3,3,0,0
crack500_20160328_151241_1_361_jpg,val,1,1,1,0,0
crack500_20160328_151241_1_721_jpg,train,1,1,1,0,0
crack500_20160328_151241_641_361_jpg,test,1,2,2,0,0
crack500_20160328_151243_1281_1081_jpg,train,1,1,1,0,0
crack500_20160328_151243_1281_361_jpg,val,1,1,1,0,0
crack500_20160328_151243_1281_721_jpg,test,1,1,1,0,0
crack500_20160328_151243_1921_1081_jpg,test,1,2,2,0,0
crack500_20160328_151243_1921_1_jpg,test,1,1,1,0,0
crack500_20160328_151243_1921_361_jpg,val,1,1,1,0,0
crack500_20160328_151243_1_1_jpg,val,1,2,2,0,0
crack500_20160328_151243_1_361_jpg,val,1,4,4,0,0
crack500_20160328_151243_1_721_jpg,train,1,1,1,0,0
crack500_20160328_151243_641_1_jpg,test,1,1,1,0,0
crack500_20160328_151243_641_361_jpg,test,1,3,3,0,0
crack500_20160328_151243_641_721_jpg,test,1,1,1,0,0
crack500_20160328_151244_1281_1081_jpg,test,1,1,1,0,0
crack500_20160328_151244_1281_361_jpg,test,1,1,1,0,0
crack500_20160328_151244_1281_721_jpg,val,1,4,4,0,0
crack500_20160328_151244_1921_361_jpg,train,1,2,2,0,0
crack500_20160328_151244_1921_721_jpg,test,1,3,3,0,0
crack500_20160328_151244_1_1081_jpg,train,1,1,1,0,0
crack500_20160328_151244_1_1_jpg,train,1,1,1,0,0
crack500_20160328_151244_1_721_jpg,train,1,1,1,0,0
crack500_20160328_151244_641_1_jpg,val,1,1,1,0,0
crack500_20160328_151244_641_361_jpg,val,1,1,1,0,0
crack500_20160328_151247_1281_1081_jpg,val,1,1,1,0,0
crack500_20160328_151247_1281_1_jpg,train,1,2,2,0,0
crack500_20160328_151247_1281_361_jpg,test,1,1,1,0,0
crack500_20160328_151247_1281_721_jpg,val,1,1,1,0,0
crack500_20160328_151247_1921_1_jpg,test,1,1,1,0,0
crack500_20160328_151247_1_1_jpg,val,1,1,1,0,0
crack500_20160328_151247_641_1081_jpg,train,1,1,1,0,0
crack500_20160328_151247_641_361_jpg,test,1,1,1,0,0
crack500_20160328_151247_641_721_jpg,test,1,1,1,0,0
crack500_20160328_151252_1281_1_jpg,test,1,1,1,0,0
crack500_20160328_151252_1281_361_jpg,test,1,1,1,0,0
crack500_20160328_151252_1281_721_jpg,val,1,1,1,0,0
crack500_20160328_151252_1921_721_jpg,val,1,1,1,0,0
crack500_20160328_151252_1_1_jpg,test,1,1,1,0,0
crack500_20160328_151252_641_1_jpg,val,1,2,2,0,0
crack500_20160328_151252_641_361_jpg,test,1,1,1,0,0
crack500_20160328_151343_1281_1_jpg,test,1,1,1,0,0
crack500_20160328_151343_1281_361_jpg,test,1,1,1,0,0
crack500_20160328_151343_1921_361_jpg,test,1,1,1,0,0
crack500_20160328_151343_1_1081_jpg,test,1,1,1,0,0
crack500_20160328_151343_1_361_jpg,train,1,1,1,0,0
crack500_20160328_151343_1_721_jpg,test,1,1,1,0,0
crack500_20160328_151343_641_1_jpg,test,1,1,1,0,0
crack500_20160328_151343_641_361_jpg,val,1,1,1,0,0
crack500_20160328_151355_1281_1081_jpg,val,1,1,1,0,0
crack500_20160328_151355_1281_721_jpg,test,1,1,1,0,0
crack500_20160328_151355_1921_1_jpg,train,1,1,1,0,0
crack500_20160328_151355_1921_361_jpg,test,1,1,1,0,0
crack500_20160328_151355_1_361_jpg,train,1,1,1,0,0
crack500_20160328_151355_1_721_jpg,val,1,1,1,0,0
crack500_20160328_151355_641_361_jpg,test,1,1,1,0,0
crack500_20160328_151355_641_721_jpg,test,1,1,1,0,0
crack500_20160328_151402_1281_1081_jpg,val,1,1,1,0,0
crack500_20160328_151402_1281_361_jpg,train,1,1,1,0,0
crack500_20160328_151402_1281_721_jpg,test,1,3,3,0,0
crack500_20160328_151402_1921_361_jpg,test,1,1,1,0,0
crack500_20160328_151402_1921_721_jpg,test,1,2,2,0,0
crack500_20160328_151402_1_1081_jpg,train,1,1,1,0,0
crack500_20160328_151402_1_721_jpg,train,1,1,1,0,0
crack500_20160328_151402_641_1081_jpg,test,1,1,1,0,0
crack500_20160328_151402_641_1_jpg,train,2,3,3,0,0
crack500_20160328_151402_641_361_jpg,test,1,1,1,0,0
crack500_20160328_151402_641_721_jpg,train,1,1,1,0,0
crack500_20160328_151409_1281_1081_jpg,train,1,1,1,0,0
crack500_20160328_151409_1281_361_jpg,train,1,1,1,0,0
crack500_20160328_151409_1281_721_jpg,train,1,1,1,0,0
crack500_20160328_151409_1921_721_jpg,test,1,1,1,0,0
crack500_20160328_151409_1_1_jpg,test,1,1,1,0,0
crack500_20160328_151409_641_1081_jpg,train,1,1,1,0,0
crack500_20160328_151409_641_1_jpg,train,1,2,2,0,0
crack500_20160328_151409_641_361_jpg,val,1,2,2,0,0
crack500_20160328_151409_641_721_jpg,test,1,1,1,0,0
crack500_20160328_151413_1281_721_jpg,test,1,1,1,0,0
crack500_20160328_151413_1921_361_jpg,test,1,1,1,0,0
crack500_20160328_151413_1921_721_jpg,train,1,2,2,0,0
crack500_20160328_151413_1_1081_jpg,train,1,1,1,0,0
crack500_20160328_151413_1_721_jpg,train,1,1,1,0,0
crack500_20160328_151413_641_361_jpg,val,1,1,1,0,0
crack500_20160328_151413_641_721_jpg,train,1,1,1,0,0
crack500_20160328_151423_1281_1081_jpg,val,1,1,1,0,0
crack500_20160328_151423_1281_361_jpg,val,1,1,1,0,0
crack500_20160328_151423_1281_721_jpg,train,1,2,2,0,0
crack500_20160328_151423_1921_721_jpg,test,1,1,1,0,0
crack500_20160328_151423_1_1081_jpg,val,1,1,1,0,0
crack500_20160328_151423_1_361_jpg,test,1,2,2,0,0
crack500_20160328_151423_1_721_jpg,test,1,2,2,0,0
crack500_20160328_151423_641_361_jpg,test,1,1,1,0,0
crack500_20160328_151423_641_721_jpg,train,1,1,1,0,0
crack500_20160328_151429_1281_1081_jpg,test,1,1,1,0,0
crack500_20160328_151429_1281_1_jpg,test,1,1,1,0,0
crack500_20160328_151429_1281_721_jpg,train,1,1,1,0,0
crack500_20160328_151429_1921_1_jpg,train,1,1,1,0,0
crack500_20160328_151429_1_721_jpg,train,1,1,1,0,0
crack500_20160328_151429_641_1_jpg,test,1,1,1,0,0
crack500_20160328_151429_641_361_jpg,test,1,1,1,0,0
crack500_20160328_151429_641_721_jpg,val,1,2,2,0,0
crack500_20160328_151504_1281_721_jpg,test,1,1,1,0,0
crack500_20160328_151504_1921_721_jpg,test,1,1,1,0,0
crack500_20160328_151504_1_1_jpg,val,1,1,1,0,0
crack500_20160328_151504_641_1081_jpg,train,1,1,1,0,0
crack500_20160328_151504_641_361_jpg,test,1,2,2,0,0
crack500_20160328_151504_641_721_jpg,test,1,1,1,0,0
crack500_20160328_151506_1281_361_jpg,test,1,1,1,0,0
crack500_20160328_151506_1281_721_jpg,train,1,1,1,0,0
crack500_20160328_151506_1921_361_jpg,train,1,1,1,0,0
crack500_20160328_151506_1_721_jpg,train,1,1,1,0,0
crack500_20160328_151506_641_721_jpg,train,1,1,1,0,0
crack500_20160328_151657_1281_1081_jpg,test,1,1,1,0,0
crack500_20160328_151657_1281_361_jpg,test,1,1,1,0,0
crack500_20160328_151657_1921_1081_jpg,test,1,1,1,0,0
crack500_20160328_151657_1_1_jpg,test,1,1,1,0,0
crack500_20160328_151657_1_721_jpg,train,1,1,1,0,0
crack500_20160328_151657_641_1081_jpg,val,1,1,1,0,0
crack500_20160328_151657_641_1_jpg,test,1,2,2,0,0
crack500_20160328_151657_641_361_jpg,test,1,2,2,0,0
crack500_20160328_151728_1281_361_jpg,val,1,1,1,0,0
crack500_20160328_151728_1921_361_jpg,val,1,2,2,0,0
crack500_20160328_151728_1_361_jpg,test,1,1,1,0,0
crack500_20160328_151728_641_361_jpg,train,2,2,2,0,0
crack500_20160328_151752_1281_361_jpg,test,1,1,1,0,0
crack500_20160328_151752_1281_721_jpg,train,1,1,1,0,0
crack500_20160328_151752_1921_721_jpg,test,1,1,1,0,0
crack500_20160328_151752_1_361_jpg,train,1,1,1,0,0
crack500_20160328_151752_1_721_jpg,train,1,2,2,0,0
crack500_20160328_151752_641_361_jpg,val,1,1,1,0,0
crack500_20160328_151804_1281_361_jpg,train,1,2,2,0,0
crack500_20160328_151804_1281_721_jpg,train,1,1,1,0,0
crack500_20160328_151804_1921_721_jpg,test,1,3,3,0,0
crack500_20160328_151804_1_361_jpg,val,1,1,1,0,0
crack500_20160328_151804_1_721_jpg,test,1,1,1,0,0
crack500_20160328_151804_641_361_jpg,train,1,1,1,0,0
crack500_20160328_151808_1281_361_jpg,val,1,1,1,0,0
crack500_20160328_151808_1921_1081_jpg,train,1,1,1,0,0
crack500_20160328_151808_1921_1_jpg,train,2,2,2,0,0
crack500_20160328_151808_1_361_jpg,train,1,1,1,0,0
crack500_20160328_151808_1_721_jpg,train,2,3,3,0,0
crack500_20160328_151808_641_721_jpg,test,1,1,1,0,0
crack500_20160328_151814_1281_361_jpg,train,1,1,1,0,0
crack500_20160328_151814_1281_721_jpg,test,1,1,1,0,0
crack500_20160328_151814_1921_361_jpg,test,1,1,1,0,0
crack500_20160328_151814_1_361_jpg,test,1,1,1,0,0
crack500_20160328_151814_1_721_jpg,train,1,1,1,0,0
crack500_20160328_151814_641_361_jpg,test,1,1,1,0,0
crack500_20160328_151814_641_721_jpg,test,1,1,1,0,0
crack500_20160328_151945_1281_361_jpg,val,1,2,2,0,0
crack500_20160328_151945_1281_721_jpg,train,1,1,1,0,0
crack500_20160328_151945_1921_361_jpg,test,1,1,1,0,0
crack500_20160328_151945_1921_721_jpg,train,1,1,1,0,0
crack500_20160328_151945_1_361_jpg,val,1,2,2,0,0
crack500_20160328_151945_1_721_jpg,train,1,2,2,0,0
crack500_20160328_151945_641_361_jpg,test,1,2,2,0,0
crack500_20160328_151945_641_721_jpg,test,1,1,1,0,0
crack500_20160328_152022_1281_721_jpg,train,1,1,1,0,0
crack500_20160328_152022_1921_1_jpg,val,1,1,1,0,0
crack500_20160328_152022_1921_361_jpg,val,1,1,1,0,0
crack500_20160328_152022_1921_721_jpg,val,1,1,1,0,0
crack500_20160328_152022_1_1081_jpg,train,1,1,1,0,0
crack500_20160328_152022_1_361_jpg,val,1,1,1,0,0
crack500_20160328_152022_1_721_jpg,val,1,2,2,0,0
crack500_20160328_152022_641_361_jpg,train,1,1,1,0,0
crack500_20160328_152305_1281_361_jpg,train,1,2,2,0,0
crack500_20160328_152305_1281_721_jpg,test,1,1,1,0,0
crack500_20160328_152305_1921_721_jpg,test,1,1,1,0,0
crack500_20160328_152305_1_361_jpg,val,1,1,1,0,0
crack500_20160328_152305_641_361_jpg,train,1,2,2,0,0
crack500_20160328_152305_641_721_jpg,train,1,2,2,0,0
crack500_20160328_152308_1281_361_jpg,train,1,1,1,0,0
crack500_20160328_152308_1921_361_jpg,val,1,1,1,0,0
crack500_20160328_152308_1921_721_jpg,test,1,2,2,0,0
crack500_20160328_152308_1_721_jpg,test,1,1,1,0,0
crack500_20160328_152308_641_361_jpg,train,1,2,2,0,0
crack500_20160328_152322_1281_361_jpg,val,1,1,1,0,0
crack500_20160328_152322_1921_721_jpg,test,1,1,1,0,0
crack500_20160328_152322_1_361_jpg,train,1,3,3,0,0
crack500_20160328_152322_641_361_jpg,test,1,1,1,0,0
crack500_20160328_152328_1921_1_jpg,val,1,1,1,0,0
crack500_20160328_152328_1_361_jpg,train,1,1,1,0,0
crack500_20160328_152328_1_721_jpg,test,1,2,2,0,0
crack500_20160328_152328_641_721_jpg,train,1,1,1,0,0
crack500_20160328_152336_1281_361_jpg,test,1,2,2,0,0
crack500_20160328_152336_1281_721_jpg,test,1,1,1,0,0
crack500_20160328_152336_1921_361_jpg,test,1,1,1,0,0
crack500_20160328_152336_1921_721_jpg,test,1,1,1,0,0
crack500_20160328_152336_1_361_jpg,val,1,1,1,0,0
crack500_20160328_152336_1_721_jpg,train,1,1,1,0,0
crack500_20160328_152336_641_361_jpg,val,1,1,1,0,0
crack500_20160328_152336_641_721_jpg,train,1,1,1,0,0
crack500_20160328_152511_1281_361_jpg,train,1,1,1,0,0
crack500_20160328_152511_1281_721_jpg,train,1,1,1,0,0
crack500_20160328_152511_1921_361_jpg,test,1,2,2,0,0
crack500_20160328_152511_1_361_jpg,train,1,1,1,0,0
crack500_20160328_152511_641_361_jpg,train,1,1,1,0,0
crack500_20160328_152511_641_721_jpg,train,1,1,1,0,0
crack500_20160328_152514_1281_361_jpg,val,1,2,2,0,0
crack500_20160328_152514_1281_721_jpg,test,1,1,1,0,0
crack500_20160328_152514_1921_361_jpg,train,1,1,1,0,0
crack500_20160328_152514_1921_721_jpg,train,1,1,1,0,0
crack500_20160328_152514_1_721_jpg,val,1,1,1,0,0
crack500_20160328_152514_641_361_jpg,test,1,2,2,0,0
crack500_20160328_152514_641_721_jpg,train,1,2,2,0,0
crack500_20160328_152747_1281_361_jpg,test,1,2,2,0,0
crack500_20160328_152747_1281_721_jpg,test,1,1,1,0,0
crack500_20160328_152747_1921_361_jpg,val,1,1,1,0,0
crack500_20160328_152747_1_361_jpg,test,1,1,1,0,0
crack500_20160328_152747_641_361_jpg,test,1,1,1,0,0
crack500_20160328_153020_1281_721_jpg,train,1,1,1,0,0
crack500_20160328_153020_1921_361_jpg,train,2,2,2,0,0
crack500_20160328_153020_1921_721_jpg,val,1,1,1,0,0
crack500_20160328_153020_1_721_jpg,val,1,1,1,0,0
crack500_20160328_153020_641_721_jpg,train,1,1,1,0,0
crack500_20160328_153241_1281_361_jpg,test,1,1,1,0,0
crack500_20160328_153241_1921_721_jpg,train,2,2,2,0,0
crack500_20160328_153241_1_1081_jpg,test,1,1,1,0,0
crack500_20160328_153241_1_721_jpg,train,1,2,2,0,0
crack500_20160328_153241_641_361_jpg,train,1,1,1,0,0
crack500_20160328_153241_641_721_jpg,val,1,1,1,0,0
crack500_20160328_153327_1281_361_jpg,train,1,1,1,0,0
crack500_20160328_153327_1921_361_jpg,train,1,1,1,0,0
crack500_20160328_153327_1921_721_jpg,train,1,1,1,0,0
crack500_20160328_153327_641_361_jpg,test,1,1,1,0,0
crack500_20160328_153327_641_721_jpg,train,1,1,1,0,0
crack500_20160328_153357_1281_1_jpg,train,1,1,1,0,0
crack500_20160328_153357_1281_721_jpg,train,1,1,1,0,0
crack500_20160328_153357_1921_361_jpg,train,1,1,1,0,0
crack500_20160328_153357_1921_721_jpg,val,1,1,1,0,0
crack500_20160328_153357_1_1081_jpg,train,1,1,1,0,0
crack500_20160328_153357_1_721_jpg,train,1,2,2,0,0
crack500_20160328_153357_641_1081_jpg,test,1,1,1,0,0
crack500_20160328_153357_641_721_jpg,val,1,1,1,0,0
crack500_20160328_153404_1281_361_jpg,train,1,1,1,0,0
crack500_20160328_153404_1281_721_jpg,train,1,1,1,0,0
crack500_20160328_153404_1921_361_jpg,val,1,1,1,0,0
crack500_20160328_153404_1_721_jpg,train,2,2,2,0,0
crack500_20160328_153404_641_361_jpg,test,1,1,1,0,0
crack500_20160328_153421_1281_1081_jpg,test,1,1,1,0,0
crack500_20160328_153421_1281_1_jpg,train,2,2,2,0,0
crack500_20160328_153421_1281_361_jpg,train,1,1,1,0,0
crack500_20160328_153421_1281_721_jpg,train,1,1,1,0,0
crack500_20160328_153421_1921_361_jpg,test,1,1,1,0,0
crack500_20160328_153421_1_721_jpg,val,1,1,1,0,0
crack500_20160328_153421_641_721_jpg,train,1,1,1,0,0
crack500_20160328_153524_1281_361_jpg,train,1,1,1,0,0
crack500_20160328_153524_1921_361_jpg,train,2,2,2,0,0
crack500_20160328_153524_1921_721_jpg,train,1,1,1,0,0
crack500_20160328_153524_1_721_jpg,val,1,1,1,0,0
crack500_20160328_153524_641_721_jpg,test,1,1,1,0,0
crack500_20160328_153533_1281_1081_jpg,test,1,1,1,0,0
crack500_20160328_153533_1281_361_jpg,test,1,1,1,0,0
crack500_20160328_153533_1921_1081_jpg,train,1,1,1,0,0
crack500_20160328_153533_1921_1_jpg,train,1,1,1,0,0
crack500_20160328_153533_1921_361_jpg,val,1,1,1,0,0
crack500_20160328_153533_1921_721_jpg,train,1,1,1,0,0
crack500_20160328_153533_1_361_jpg,train,1,1,1,0,0
crack500_20160328_153533_1_721_jpg,train,1,1,1,0,0
crack500_20160328_153533_641_1081_jpg,train,1,1,1,0,0
crack500_20160328_153533_641_1_jpg,train,2,3,3,0,0
crack500_20160328_153536_1281_1_jpg,train,1,1,1,0,0
crack500_20160328_153536_1281_361_jpg,val,1,1,1,0,0
crack500_20160328_153536_1281_721_jpg,val,1,1,1,0,0
crack500_20160328_153536_1921_1081_jpg,train,1,1,1,0,0
crack500_20160328_153536_1921_1_jpg,test,1,1,1,0,0
crack500_20160328_153536_1921_361_jpg,train,1,1,1,0,0
crack500_20160328_153536_1921_721_jpg,train,1,2,2,0,0
crack500_20160328_153536_1_361_jpg,train,2,2,2,0,0
crack500_20160328_153536_1_721_jpg,val,1,1,1,0,0
crack500_20160328_153536_641_1_jpg,train,1,1,1,0,0
crack500_20160328_153536_641_361_jpg,test,1,1,1,0,0
crack500_20160328_153536_641_721_jpg,train,1,1,1,0,0
crack500_20160328_153540_1281_1081_jpg,train,1,1,1,0,0
crack500_20160328_153540_1281_361_jpg,train,1,1,1,0,0
crack500_20160328_153540_1281_721_jpg,test,1,2,2,0,0
crack500_20160328_153540_1921_1081_jpg,test,1,2,2,0,0
crack500_20160328_153540_1921_1_jpg,train,1,1,1,0,0
crack500_20160328_153540_1921_361_jpg,train,1,1,1,0,0
crack500_20160328_153540_1_361_jpg,val,1,1,1,0,0
crack500_20160328_153540_1_721_jpg,test,1,1,1,0,0
crack500_20160328_153544_1281_1_jpg,train,1,1,1,0,0
crack500_20160328_153544_1281_361_jpg,test,1,2,2,0,0
crack500_20160328_153544_1281_721_jpg,train,1,1,1,0,0
crack500_20160328_153544_1921_721_jpg,test,1,1,1,0,0
crack500_20160328_153544_641_1_jpg,test,1,1,1,0,0
crack500_20160328_153544_641_721_jpg,train,1,1,1,0,0
crack500_20160328_153548_1281_1081_jpg,test,1,1,1,0,0
crack500_20160328_153548_1281_361_jpg,train,1,1,1,0,0
crack500_20160328_153548_1921_361_jpg,val,1,1,1,0,0
crack500_20160328_153548_1_1081_jpg,train,1,1,1,0,0
crack500_20160328_153548_1_1_jpg,test,1,1,1,0,0
crack500_20160328_153548_641_1081_jpg,test,1,1,1,0,0
crack500_20160328_153548_641_1_jpg,test,1,1,1,0,0
crack500_20160328_153548_641_361_jpg,test,1,2,2,0,0
crack500_20160328_153548_641_721_jpg,train,1,1,1,0,0
crack500_20160328_153553_1281_361_jpg,test,1,2,2,0,0
crack500_20160328_153553_1921_361_jpg,test,1,1,1,0,0
crack500_20160328_153553_1921_721_jpg,val,1,1,1,0,0
crack500_20160328_153553_1_721_jpg,train,1,1,1,0,0
crack500_20160328_153553_641_1081_jpg,test,1,1,1,0,0
crack500_20160328_153553_641_361_jpg,test,1,2,2,0,0
crack500_20160328_153553_641_721_jpg,test,1,1,1,0,0
crack500_20160328_153556_1281_1081_jpg,train,1,1,1,0,0
crack500_20160328_153556_1281_1_jpg,train,1,1,1,0,0
crack500_20160328_153556_1281_361_jpg,train,1,1,1,0,0
crack500_20160328_153556_1281_721_jpg,train,1,1,1,0,0
crack500_20160328_153556_1_721_jpg,val,1,2,2,0,0
crack500_20160328_153556_641_361_jpg,test,1,1,1,0,0
crack500_20160328_153559_1281_721_jpg,train,1,1,1,0,0
crack500_20160328_153559_1921_361_jpg,train,1,1,1,0,0
crack500_20160328_153559_1921_721_jpg,train,1,2,2,0,0
crack500_20160328_153559_641_361_jpg,train,1,1,1,0,0
crack500_20160328_153559_641_721_jpg,val,1,1,1,0,0
crack500_20160328_153604_1281_1_jpg,val,1,1,1,0,0
crack500_20160328_153604_1281_361_jpg,train,1,1,1,0,0
crack500_20160328_153604_1281_721_jpg,val,1,1,1,0,0
crack500_20160328_153604_1921_361_jpg,test,1,2,2,0,0
crack500_20160328_153604_1921_721_jpg,test,1,1,1,0,0
crack500_20160328_153604_1_1_jpg,train,1,1,1,0,0
crack500_20160328_153604_641_1081_jpg,val,1,1,1,0,0
crack500_20160328_153604_641_361_jpg,val,1,1,1,0,0
crack500_20160328_153612_1281_1_jpg,val,1,1,1,0,0
crack500_20160328_153612_1281_361_jpg,val,1,1,1,0,0
crack500_20160328_153612_1281_721_jpg,train,1,1,1,0,0
crack500_20160328_153612_1921_1081_jpg,test,1,1,1,0,0
crack500_20160328_153612_1921_361_jpg,val,1,1,1,0,0
crack500_20160328_153612_1921_721_jpg,train,1,1,1,0,0
crack500_20160328_153612_641_1081_jpg,train,1,1,1,0,0
crack500_20160328_153612_641_1_jpg,train,1,2,2,0,0
crack500_20160328_153612_641_361_jpg,val,1,1,1,0,0
crack500_20160328_153612_641_721_jpg,val,1,1,1,0,0
crack500_20160328_153616_1281_1081_jpg,test,1,1,1,0,0
crack500_20160328_153616_1281_721_jpg,train,1,1,1,0,0
crack500_20160328_153616_1921_1081_jpg,test,1,2,2,0,0
crack500_20160328_153616_1921_361_jpg,train,1,1,1,0,0
crack500_20160328_153616_1921_721_jpg,val,1,1,1,0,0
crack500_20160328_153616_1_361_jpg,train,1,1,1,0,0
crack500_20160328_153616_1_721_jpg,val,1,2,2,0,0
crack500_20160328_153616_641_1081_jpg,test,1,1,1,0,0
crack500_20160328_153616_641_361_jpg,train,1,1,1,0,0
crack500_20160328_153616_641_721_jpg,train,1,2,2,0,0
crack500_20160328_153620_1281_1081_jpg,train,1,1,1,0,0
crack500_20160328_153620_1281_361_jpg,test,1,1,1,0,0
crack500_20160328_153620_1281_721_jpg,test,1,2,2,0,0
crack500_20160328_153620_1921_1081_jpg,test,1,1,1,0,0
crack500_20160328_153620_1921_361_jpg,val,1,1,1,0,0
crack500_20160328_153620_1_361_jpg,test,1,1,1,0,0
crack500_20160328_153620_1_721_jpg,train,1,1,1,0,0
crack500_20160328_153620_641_361_jpg,test,1,1,1,0,0
crack500_20160328_153620_641_721_jpg,train,1,1,1,0,0
crack500_20160328_153623_1281_361_jpg,train,1,1,1,0,0
crack500_20160328_153623_1281_721_jpg,test,1,1,1,0,0
crack500_20160328_153623_1921_361_jpg,train,1,1,1,0,0
crack500_20160328_153623_1921_721_jpg,train,1,1,1,0,0
crack500_20160328_153623_1_361_jpg,test,1,2,2,0,0
crack500_20160328_153623_641_361_jpg,train,1,1,1,0,0
crack500_20160328_153629_1281_361_jpg,test,1,1,1,0,0
crack500_20160328_153629_1281_721_jpg,test,1,1,1,0,0
crack500_20160328_153629_1_361_jpg,val,1,1,1,0,0
crack500_20160328_153629_641_361_jpg,test,1,1,1,0,0
crack500_20160328_153629_641_721_jpg,test,1,1,1,0,0
crack500_20160328_153632_1281_361_jpg,val,1,2,2,0,0
crack500_20160328_153632_1281_721_jpg,val,1,1,1,0,0
crack500_20160328_153632_1921_721_jpg,test,1,1,1,0,0
crack500_20160328_153632_1_721_jpg,test,1,1,1,0,0
crack500_20160328_153632_641_1_jpg,train,1,1,1,0,0
crack500_20160328_153632_641_361_jpg,val,1,1,1,0,0
crack500_20160328_153632_641_721_jpg,train,1,2,2,0,0
crack500_20160328_153645_1281_361_jpg,train,1,1,1,0,0
crack500_20160328_153645_1281_721_jpg,test,1,1,1,0,0
crack500_20160328_153645_1921_361_jpg,val,1,2,2,0,0
crack500_20160328_153645_1921_721_jpg,test,1,2,2,0,0
crack500_20160328_153645_1_721_jpg,test,1,1,1,0,0
crack500_20160328_153645_641_361_jpg,test,1,1,1,0,0
crack500_20160328_153645_641_721_jpg,test,1,1,1,0,0
crack500_20160328_153654_1281_1_jpg,test,1,3,3,0,0
crack500_20160328_153654_1281_361_jpg,test,1,1,1,0,0
crack500_20160328_153654_1281_721_jpg,test,1,1,1,0,0
crack500_20160328_153654_1921_1081_jpg,train,1,1,1,0,0
crack500_20160328_153654_1_361_jpg,test,1,1,1,0,0
crack500_20160328_153654_1_721_jpg,test,1,1,1,0,0
crack500_20160328_153654_641_361_jpg,train,1,1,1,0,0
crack500_20160328_153654_641_721_jpg,test,1,1,1,0,0
crack500_20160328_153657_1281_1_jpg,train,1,2,2,0,0
crack500_20160328_153657_1281_361_jpg,val,1,2,2,0,0
crack500_20160328_153657_1281_721_jpg,val,1,1,1,0,0
crack500_20160328_153657_1921_1_jpg,val,1,2,2,0,0
crack500_20160328_153657_1921_361_jpg,val,1,1,1,0,0
crack500_20160328_153657_1921_721_jpg,train,1,1,1,0,0
crack500_20160328_153657_1_1081_jpg,train,1,2,2,0,0
crack500_20160328_153657_1_1_jpg,train,1,1,1,0,0
crack500_20160328_153657_1_361_jpg,test,1,2,2,0,0
crack500_20160328_153657_1_721_jpg,test,1,1,1,0,0
crack500_20160328_153657_641_1081_jpg,test,1,2,2,0,0
crack500_20160328_153657_641_1_jpg,train,1,1,1,0,0
crack500_20160328_153657_641_361_jpg,test,1,1,1,0,0
crack500_20160328_153657_641_721_jpg,test,1,3,3,0,0
crack500_20160328_153702_1281_1081_jpg,test,1,1,1,0,0
crack500_20160328_153702_1281_1_jpg,val,1,1,1,0,0
crack500_20160328_153702_1281_361_jpg,val,1,1,1,0,0
crack500_20160328_153702_1921_1081_jpg,test,1,1,1,0,0
crack500_20160328_153702_1921_1_jpg,test,1,1,1,0,0
crack500_20160328_153702_1921_361_jpg,test,1,1,1,0,0
crack500_20160328_153702_1921_721_jpg,train,1,1,1,0,0
crack500_20160328_153702_1_1_jpg,test,1,1,1,0,0
crack500_20160328_153702_1_361_jpg,test,1,2,2,0,0
crack500_20160328_153702_1_721_jpg,train,1,1,1,0,0
crack500_20160328_153702_641_1081_jpg,val,1,1,1,0,0
crack500_20160328_153702_641_1_jpg,val,1,2,2,0,0
crack500_20160328_153702_641_361_jpg,test,1,1,1,0,0
crack500_20160328_153702_641_721_jpg,test,1,1,1,0,0
crack500_20160328_153706_1281_361_jpg,train,1,1,1,0,0
crack500_20160328_153706_1281_721_jpg,train,1,1,1,0,0
crack500_20160328_153706_1921_361_jpg,val,1,1,1,0,0
crack500_20160328_153706_1921_721_jpg,test,1,1,1,0,0
crack500_20160328_153706_1_361_jpg,test,1,1,1,0,0
crack500_20160328_153706_641_1081_jpg,train,1,1,1,0,0
crack500_20160328_153706_641_1_jpg,test,1,1,1,0,0
crack500_20160328_153706_641_361_jpg,test,1,1,1,0,0
crack500_20160328_153706_641_721_jpg,train,1,1,1,0,0
crack500_20160328_153714_1281_1081_jpg,val,1,2,2,0,0
crack500_20160328_153714_1281_1_jpg,test,1,1,1,0,0
crack500_20160328_153714_1281_361_jpg,train,1,2,2,0,0
crack500_20160328_153714_1281_721_jpg,train,1,1,1,0,0
crack500_20160328_153714_1921_1081_jpg,train,1,1,1,0,0
crack500_20160328_153714_1921_1_jpg,test,1,1,1,0,0
crack500_20160328_153714_1921_721_jpg,test,1,1,1,0,0
crack500_20160328_153714_1_361_jpg,val,1,1,1,0,0
crack500_20160328_153714_641_1081_jpg,train,1,1,1,0,0
crack500_20160328_153714_641_1_jpg,test,1,2,2,0,0
crack500_20160328_153714_641_361_jpg,test,1,2,2,0,0
crack500_20160328_153718_1281_1081_jpg,val,1,1,1,0,0
crack500_20160328_153718_1281_361_jpg,test,1,1,1,0,0
crack500_20160328_153718_1281_721_jpg,test,1,1,1,0,0
crack500_20160328_153718_1921_361_jpg,test,1,1,1,0,0
crack500_20160328_153718_1921_721_jpg,test,1,1,1,0,0
crack500_20160328_153718_1_1081_jpg,train,1,1,1,0,0
crack500_20160328_153718_1_1_jpg,train,1,1,1,0,0
crack500_20160328_153718_1_361_jpg,train,1,2,2,0,0
crack500_20160328_153718_1_721_jpg,train,1,1,1,0,0
crack500_20160328_153718_641_1081_jpg,test,1,1,1,0,0
crack500_20160328_153724_1281_361_jpg,train,1,1,1,0,0
crack500_20160328_153724_1281_721_jpg,train,1,3,3,0,0
crack500_20160328_153724_1921_361_jpg,val,1,1,1,0,0
crack500_20160328_153724_1921_721_jpg,test,1,1,1,0,0
crack500_20160328_153724_1_1_jpg,train,1,1,1,0,0
crack500_20160328_153724_641_1081_jpg,train,1,1,1,0,0
crack500_20160328_153724_641_1_jpg,test,1,1,1,0,0
crack500_20160328_153724_641_361_jpg,val,1,1,1,0,0
crack500_20160328_153732_1281_361_jpg,test,1,1,1,0,0
crack500_20160328_153732_1281_721_jpg,val,1,1,1,0,0
crack500_20160328_153732_1921_361_jpg,test,1,2,2,0,0
crack500_20160328_153732_1921_721_jpg,test,1,1,1,0,0
crack500_20160328_153732_1_361_jpg,test,1,1,1,0,0
crack500_20160328_153732_641_361_jpg,train,1,1,1,0,0
crack500_20160328_153732_641_721_jpg,test,1,1,1,0,0
crack500_20160328_153801_1281_361_jpg,test,1,1,1,0,0
crack500_20160328_153801_1281_721_jpg,test,1,1,1,0,0
crack500_20160328_153801_1921_361_jpg,val,1,1,1,0,0
crack500_20160328_153801_1921_721_jpg,val,1,1,1,0,0
crack500_20160328_153801_1_361_jpg,train,1,1,1,0,0
crack500_20160328_153801_1_721_jpg,test,1,1,1,0,0
crack500_20160328_153801_641_361_jpg,train,1,2,2,0,0
crack500_20160328_153801_641_721_jpg,test,1,1,1,0,0
crack500_20160328_153813_1281_1_jpg,test,1,1,1,0,0
crack500_20160328_153813_1281_721_jpg,train,1,1,1,0,0
crack500_20160328_153813_1921_1_jpg,train,1,1,1,0,0
crack500_20160328_153813_1921_361_jpg,train,1,1,1,0,0
crack500_20160328_153813_1_1081_jpg,train,1,1,1,0,0
crack500_20160328_153813_1_1_jpg,train,1,3,3,0,0
crack500_20160328_153813_1_361_jpg,val,1,1,1,0,0
crack500_20160328_153813_1_721_jpg,train,1,3,3,0,0
crack500_20160328_153813_641_1081_jpg,train,1,1,1,0,0
crack500_20160328_153813_641_1_jpg,train,1,1,1,0,0
crack500_20160328_153813_641_361_jpg,train,1,1,1,0,0
crack500_20160328_153821_1281_1081_jpg,val,1,1,1,0,0
crack500_20160328_153821_1281_1_jpg,test,1,2,2,0,0
crack500_20160328_153821_1281_361_jpg,train,1,1,1,0,0
crack500_20160328_153821_1281_721_jpg,test,1,3,3,0,0
crack500_20160328_153821_1921_1_jpg,train,1,1,1,0,0
crack500_20160328_153821_1921_361_jpg,test,1,1,1,0,0
crack500_20160328_153821_1921_721_jpg,val,1,1,1,0,0
crack500_20160328_153821_1_1081_jpg,test,1,1,1,0,0
crack500_20160328_153821_1_361_jpg,val,1,1,1,0,0
crack500_20160328_153821_1_721_jpg,train,1,1,1,0,0
crack500_20160328_153821_641_1081_jpg,test,1,1,1,0,0
crack500_20160328_153821_641_361_jpg,train,1,2,2,0,0
crack500_20160328_153821_641_721_jpg,train,1,1,1,0,0
crack500_20160328_153829_1281_361_jpg,test,1,1,1,0,0
crack500_20160328_153829_1281_721_jpg,train,1,1,1,0,0
crack500_20160328_153829_1921_1_jpg,train,1,1,1,0,0
crack500_20160328_153829_1_1_jpg,test,1,1,1,0,0
crack500_20160328_153829_1_721_jpg,train,1,1,1,0,0
crack500_20160328_153829_641_1081_jpg,test,1,1,1,0,0
crack500_20160328_153829_641_361_jpg,test,1,1,1,0,0
crack500_20160328_153829_641_721_jpg,test,1,1,1,0,0
crack500_20160328_153845_1281_1081_jpg,train,1,1,1,0,0
crack500_20160328_153845_1281_1_jpg,test,1,1,1,0,0
crack500_20160328_153845_1281_361_jpg,train,1,1,1,0,0
crack500_20160328_153845_1921_361_jpg,test,1,1,1,0,0
crack500_20160328_153845_1_1_jpg,test,1,2,2,0,0
crack500_20160328_153845_641_1081_jpg,test,1,2,2,0,0
crack500_20160328_153845_641_1_jpg,train,1,2,2,0,0
crack500_20160328_153845_641_361_jpg,val,1,4,4,0,0
crack500_20160328_153848_1281_1081_jpg,train,1,3,3,0,0
crack500_20160328_153848_1281_1_jpg,train,1,2,2,0,0
crack500_20160328_153848_1281_361_jpg,train,1,4,4,0,0
crack500_20160328_153848_1281_721_jpg,test,1,1,1,0,0
crack500_20160328_153848_1921_1081_jpg,test,1,1,1,0,0
crack500_20160328_153848_1921_361_jpg,test,1,1,1,0,0
crack500_20160328_153848_1_1081_jpg,test,1,3,3,0,0
crack500_20160328_153848_1_1_jpg,train,1,1,1,0,0
crack500_20160328_153848_1_361_jpg,val,1,1,1,0,0
crack500_20160328_153848_1_721_jpg,train,1,2,2,0,0
crack500_20160328_153848_641_1081_jpg,test,1,2,2,0,0
crack500_20160328_153848_641_1_jpg,test,1,1,1,0,0
crack500_20160328_153848_641_361_jpg,test,1,3,3,0,0
crack500_20160328_153848_641_721_jpg,test,1,1,1,0,0
crack500_20160328_153915_1281_361_jpg,test,1,1,1,0,0
crack500_20160328_153915_1921_361_jpg,val,1,3,3,0,0
crack500_20160328_153915_1_361_jpg,train,1,1,1,0,0
crack500_20160328_153915_1_721_jpg,test,1,1,1,0,0
crack500_20160328_153915_641_361_jpg,test,1,1,1,0,0
crack500_20160328_153918_1281_721_jpg,train,1,1,1,0,0
crack500_20160328_153918_1921_721_jpg,test,1,1,1,0,0
crack500_20160328_153918_641_721_jpg,test,1,1,1,0,0
crack500_20160328_154011_1281_1_jpg,train,1,1,1,0,0
crack500_20160328_154011_1281_361_jpg,test,1,1,1,0,0
crack500_20160328_154011_1281_721_jpg,train,1,1,1,0,0
crack500_20160328_154011_1921_1081_jpg,train,1,1,1,0,0
crack500_20160328_154011_1921_361_jpg,val,1,1,1,0,0
crack500_20160328_154011_1921_721_jpg,train,1,1,1,0,0
crack500_20160328_154011_1_1081_jpg,val,1,1,1,0,0
crack500_20160328_154011_1_1_jpg,train,1,1,1,0,0
crack500_20160328_154011_1_361_jpg,test,1,1,1,0,0
crack500_20160328_154011_1_721_jpg,test,1,1,1,0,0
crack500_20160328_154011_641_1081_jpg,test,1,1,1,0,0
crack500_20160328_154011_641_361_jpg,test,1,1,1,0,0
crack500_20160328_154017_1281_1081_jpg,val,1,1,1,0,0
crack500_20160328_154017_1281_1_jpg,test,1,1,1,0,0
crack500_20160328_154017_1281_361_jpg,val,1,1,1,0,0
crack500_20160328_154017_1281_721_jpg,train,1,1,1,0,0
crack500_20160328_154017_1921_1081_jpg,test,1,1,1,0,0
crack500_20160328_154017_1921_361_jpg,train,1,1,1,0,0
crack500_20160328_154017_1921_721_jpg,val,1,1,1,0,0
crack500_20160328_154017_1_1081_jpg,test,1,1,1,0,0
crack500_20160328_154017_1_1_jpg,train,1,1,1,0,0
crack500_20160328_154017_1_361_jpg,train,1,1,1,0,0
crack500_20160328_154017_1_721_jpg,train,1,1,1,0,0
crack500_20160328_154017_641_1081_jpg,train,1,1,1,0,0
crack500_20160328_154017_641_361_jpg,train,1,1,1,0,0
crack500_20160328_154017_641_721_jpg,test,1,3,3,0,0
crack500_20160328_154159_1281_1081_jpg,test,1,1,1,0,0
crack500_20160328_154159_1281_361_jpg,train,1,1,1,0,0
crack500_20160328_154159_1281_721_jpg,val,1,1,1,0,0
crack500_20160328_154159_1921_361_jpg,test,1,1,1,0,0
crack500_20160328_154159_1921_721_jpg,test,1,1,1,0,0
crack500_20160328_154159_1_721_jpg,test,1,1,1,0,0
crack500_20160328_154159_641_361_jpg,test,1,1,1,0,0
crack500_20160328_154202_1281_361_jpg,train,1,1,1,0,0
crack500_20160328_154202_1921_1081_jpg,test,1,1,1,0,0
crack500_20160328_154202_1921_721_jpg,train,1,1,1,0,0
crack500_20160328_154202_1_1081_jpg,test,1,1,1,0,0
crack500_20160328_154202_641_1_jpg,test,1,1,1,0,0
crack500_20160328_154202_641_361_jpg,test,1,1,1,0,0
crack500_20160328_154202_641_721_jpg,train,1,1,1,0,0
crack500_20160328_154318_1281_721_jpg,test,1,1,1,0,0
crack500_20160328_154318_1921_721_jpg,test,1,1,1,0,0
crack500_20160328_154318_1_1081_jpg,train,1,1,1,0,0
crack500_20160328_154318_1_1_jpg,train,1,1,1,0,0
crack500_20160328_154318_1_721_jpg,val,1,1,1,0,0
crack500_20160328_154318_641_361_jpg,val,1,3,3,0,0
crack500_20160328_154321_1281_361_jpg,train,1,1,1,0,0
crack500_20160328_154321_1281_721_jpg,train,1,1,1,0,0
crack500_20160328_154321_1921_1081_jpg,test,1,1,1,0,0
crack500_20160328_154321_1921_721_jpg,train,1,1,1,0,0
crack500_20160328_154321_1_721_jpg,train,1,1,1,0,0
crack500_20160328_154321_641_1_jpg,train,1,1,1,0,0
crack500_20160328_154321_641_361_jpg,val,1,1,1,0,0
crack500_20160328_154321_641_721_jpg,val,1,1,1,0,0
crack500_20160328_154325_1281_1_jpg,test,1,1,1,0,0
crack500_20160328_154325_1281_361_jpg,test,1,1,1,0,0
crack500_20160328_154325_1281_721_jpg,test,1,1,1,0,0
crack500_20160328_154325_1921_1081_jpg,test,1,1,1,0,0
crack500_20160328_154325_1921_1_jpg,train,1,1,1,0,0
crack500_20160328_154325_1921_721_jpg,test,1,2,2,0,0
crack500_20160328_154325_1_361_jpg,train,1,1,1,0,0
crack500_20160328_154325_641_361_jpg,train,1,2,2,0,0
crack500_20160328_154325_641_721_jpg,train,1,1,1,0,0
crack500_20160328_154334_1281_361_jpg,test,1,1,1,0,0
crack500_20160328_154334_1281_721_jpg,train,1,2,2,0,0
crack500_20160328_154334_1921_361_jpg,train,1,1,1,0,0
crack500_20160328_154334_1921_721_jpg,test,1,1,1,0,0
crack500_20160328_154334_1_1_jpg,train,1,2,2,0,0
crack500_20160328_154334_1_361_jpg,val,1,1,1,0,0
crack500_20160328_154334_1_721_jpg,val,1,1,1,0,0
crack500_20160328_154334_641_1081_jpg,train,1,2,2,0,0
crack500_20160328_154334_641_1_jpg,train,1,1,1,0,0
crack500_20160328_154334_641_361_jpg,val,1,1,1,0,0
crack500_20160328_154339_1281_1081_jpg,val,1,1,1,0,0
crack500_20160328_154339_1281_361_jpg,val,1,2,2,0,0
crack500_20160328_154339_1281_721_jpg,train,1,1,1,0,0
crack500_20160328_154339_1921_1081_jpg,train,1,1,1,0,0
crack500_20160328_154339_1921_361_jpg,train,1,1,1,0,0
crack500_20160328_154339_1921_721_jpg,val,1,1,1,0,0
crack500_20160328_154339_1_361_jpg,test,1,2,2,0,0
crack500_20160328_154339_1_721_jpg,test,1,1,1,0,0
crack500_20160328_154339_641_361_jpg,train,1,1,1,0,0
crack500_20160328_154352_1281_1081_jpg,train,1,1,1,0,0
crack500_20160328_154352_1281_361_jpg,test,1,2,2,0,0
crack500_20160328_154352_1921_361_jpg,train,1,1,1,0,0
crack500_20160328_154352_1_1_jpg,val,1,1,1,0,0
crack500_20160328_154352_1_361_jpg,train,1,1,1,0,0
crack500_20160328_154352_641_1_jpg,test,1,1,1,0,0
crack500_20160328_154352_641_361_jpg,train,1,1,1,0,0
crack500_20160328_154356_1281_361_jpg,train,1,1,1,0,0
crack500_20160328_154356_1281_721_jpg,test,1,1,1,0,0
crack500_20160328_154356_1_1081_jpg,train,1,1,1,0,0
crack500_20160328_154356_641_1081_jpg,test,1,1,1,0,0
crack500_20160328_154356_641_1_jpg,train,1,1,1,0,0
crack500_20160328_154356_641_361_jpg,val,1,1,1,0,0
crack500_20160328_154356_641_721_jpg,test,1,1,1,0,0
crack500_20160328_154429_1281_361_jpg,val,1,1,1,0,0
crack500_20160328_154429_1281_721_jpg,test,1,2,2,0,0
crack500_20160328_154429_1921_721_jpg,val,1,1,1,0,0
crack500_20160328_154429_1_1_jpg,train,1,1,1,0,0
crack500_20160328_154429_641_1_jpg,train,1,1,1,0,0
crack500_20160328_154429_641_361_jpg,test,1,2,2,0,0
crack500_20160328_154452_1281_361_jpg,train,1,1,1,0,0
crack500_20160328_154452_1281_721_jpg,test,1,1,1,0,0
crack500_20160328_154452_1921_361_jpg,test,1,1,1,0,0
crack500_20160328_154452_1921_721_jpg,test,1,1,1,0,0
crack500_20160328_154452_1_361_jpg,test,1,1,1,0,0
crack500_20160328_154452_1_721_jpg,val,1,1,1,0,0
crack500_20160328_154452_641_361_jpg,test,1,1,1,0,0
crack500_20160328_154452_641_721_jpg,train,1,1,1,0,0
crack500_20160328_154454_1281_361_jpg,test,1,1,1,0,0
crack500_20160328_154454_1921_361_jpg,train,1,1,1,0,0
crack500_20160328_154454_1921_721_jpg,train,1,1,1,0,0
crack500_20160328_154454_1_361_jpg,test,1,1,1,0,0
crack500_20160328_154454_361_1921_jpg,val,1,1,1,0,0
crack500_20160328_154454_361_1_jpg,val,1,1,1,0,0
crack500_20160328_154454_641_361_jpg,train,1,1,1,0,0
crack500_20160328_154454_721_1281_jpg,val,1,1,1,0,0
crack500_20160328_154454_721_1921_jpg,val,1,1,1,0,0
crack500_20160328_154454_721_641_jpg,train,1,1,1,0,0
crack500_20160328_154535_1921_361_jpg,train,1,1,1,0,0
crack500_20160328_154535_1921_721_jpg,val,1,1,1,0,0
crack500_20160328_154535_1_361_jpg,test,1,1,1,0,0
crack500_20160328_154535_641_361_jpg,test,1,1,1,0,0
crack500_20160328_154540_1281_361_jpg,train,1,1,1,0,0
crack500_20160328_154540_1281_721_jpg,test,1,1,1,0,0
crack500_20160328_154540_1921_1081_jpg,test,1,1,1,0,0
crack500_20160328_154540_1921_721_jpg,test,1,1,1,0,0
crack500_20160328_154540_1_361_jpg,test,1,1,1,0,0
crack500_20160328_154540_641_361_jpg,train,1,1,1,0,0
crack500_20160329_093920_1281_361_jpg,test,1,2,2,0,0
crack500_20160329_093920_1281_721_jpg,test,1,2,2,0,0
crack500_20160329_093920_1921_361_jpg,test,1,1,1,0,0
crack500_20160329_093920_1_361_jpg,val,1,2,2,0,0
crack500_20160329_093920_1_721_jpg,train,1,4,4,0,0
crack500_20160329_093920_641_361_jpg,test,1,3,3,0,0
crack500_20160329_093920_641_721_jpg,test,1,2,2,0,0
crack500_20160329_093924_1281_361_jpg,val,1,3,3,0,0
crack500_20160329_093924_1281_721_jpg,test,1,3,3,0,0
crack500_20160329_093924_1921_361_jpg,train,1,2,2,0,0
crack500_20160329_093924_1_361_jpg,train,1,2,2,0,0
crack500_20160329_093924_641_1_jpg,test,1,1,1,0,0
crack500_20160329_093924_641_361_jpg,test,1,3,3,0,0
crack500_20160329_094003_1281_361_jpg,test,1,1,1,0,0
crack500_20160329_094003_1921_361_jpg,train,1,1,1,0,0
crack500_20160329_094003_1_721_jpg,test,1,1,1,0,0
crack500_20160329_094003_641_721_jpg,train,1,1,1,0,0
crack500_20160329_094006_1281_1081_jpg,train,1,1,1,0,0
crack500_20160329_094006_1281_1_jpg,test,1,1,1,0,0
crack500_20160329_094006_1281_361_jpg,test,1,2,2,0,0
crack500_20160329_094006_1281_721_jpg,train,1,2,2,0,0
crack500_20160329_094006_1921_361_jpg,test,1,1,1,0,0
crack500_20160329_094006_1_721_jpg,train,1,1,1,0,0
crack500_20160329_094006_641_1081_jpg,test,1,1,1,0,0
crack500_20160329_094006_641_361_jpg,train,1,1,1,0,0
crack500_20160329_094006_641_721_jpg,test,1,1,1,0,0
crack500_20160329_094010_1921_361_jpg,test,1,1,1,0,0
crack500_20160329_094010_641_361_jpg,train,1,2,2,0,0
crack500_20160329_094016_1281_361_jpg,test,1,1,1,0,0
crack500_20160329_094016_1281_721_jpg,test,1,1,1,0,0
crack500_20160329_094016_1921_361_jpg,train,1,2,2,0,0
crack500_20160329_094016_1921_721_jpg,train,1,1,1,0,0
crack500_20160329_094016_1_361_jpg,train,1,1,1,0,0
crack500_20160329_094016_641_361_jpg,train,1,1,1,0,0
crack500_20160329_094025_1281_361_jpg,test,1,1,1,0,0
crack500_20160329_094025_1281_721_jpg,test,1,1,1,0,0
crack500_20160329_094025_1921_721_jpg,test,1,2,2,0,0
crack500_20160329_094025_1_1081_jpg,test,1,1,1,0,0
crack500_20160329_094025_1_361_jpg,test,1,1,1,0,0
crack500_20160329_094025_641_361_jpg,train,1,1,1,0,0
crack500_20160329_094025_641_721_jpg,test,1,2,2,0,0
crack500_20160329_094055_1281_1_jpg,test,1,1,1,0,0
crack500_20160329_094055_1281_361_jpg,val,1,1,1,0,0
crack500_20160329_094055_1921_1_jpg,test,1,1,1,0,0
crack500_20160329_094055_1921_361_jpg,val,1,1,1,0,0
crack500_20160329_094055_1_361_jpg,train,1,2,2,0,0
crack500_20160329_094055_641_361_jpg,test,1,1,1,0,0
crack500_20160329_094452_1281_1081_jpg,train,1,1,1,0,0
crack500_20160329_094452_1281_1_jpg,train,1,1,1,0,0
crack500_20160329_094452_1281_361_jpg,test,1,2,2,0,0
crack500_20160329_094452_1281_721_jpg,test,1,1,1,0,0
crack500_20160329_094452_1921_1081_jpg,train,1,1,1,0,0
crack500_20160329_094452_1921_1_jpg,val,1,1,1,0,0
crack500_20160329_094452_1921_721_jpg,test,1,1,1,0,0
crack500_20160329_094452_1_1081_jpg,test,1,1,1,0,0
crack500_20160329_094452_641_361_jpg,train,1,1,1,0,0
crack500_20160329_094452_641_721_jpg,test,1,1,1,0,0
crack500_20160329_094459_1281_361_jpg,test,1,2,2,0,0
crack500_20160329_094459_1281_721_jpg,train,1,1,1,0,0
crack500_20160329_094459_1921_361_jpg,val,1,1,1,0,0
crack500_20160329_094459_1_1081_jpg,test,1,1,1,0,0
crack500_20160329_094459_1_721_jpg,val,1,1,1,0,0
crack500_20160329_094459_641_1081_jpg,val,1,1,1,0,0
crack500_20160329_094459_641_721_jpg,test,1,2,2,0,0
crack500_20160329_094507_1281_361_jpg,train,1,2,2,0,0
crack500_20160329_094507_1281_721_jpg,test,1,3,3,0,0
crack500_20160329_094507_1921_361_jpg,test,1,1,1,0,0
crack500_20160329_094507_1921_721_jpg,test,1,3,3,0,0
crack500_20160329_094507_1_361_jpg,test,1,1,1,0,0
crack500_20160329_094507_641_361_jpg,test,1,1,1,0,0
crack500_20160329_094507_641_721_jpg,val,1,1,1,0,0
crack500_20160329_094512_1281_1_jpg,val,1,1,1,0,0
crack500_20160329_094512_1281_361_jpg,val,1,1,1,0,0
crack500_20160329_094512_1_1_jpg,train,1,1,1,0,0
crack500_20160329_094512_641_1_jpg,val,1,1,1,0,0
crack500_20160329_094512_641_361_jpg,test,1,1,1,0,0
crack500_20160329_094512_641_721_jpg,train,1,1,1,0,0
crack500_20160329_094527_1281_361_jpg,test,1,1,1,0,0
crack500_20160329_094527_1281_721_jpg,train,1,1,1,0,0
crack500_20160329_094527_1921_361_jpg,train,1,3,3,0,0
crack500_20160329_094527_1921_721_jpg,test,1,1,1,0,0
crack500_20160329_094527_1_721_jpg,train,1,1,1,0,0
crack500_20160329_094527_641_721_jpg,test,1,2,2,0,0
crack500_20160329_094632_1281_361_jpg,val,1,1,1,0,0
crack500_20160329_094632_1281_721_jpg,train,1,1,1,0,0
crack500_20160329_094632_1921_361_jpg,val,1,1,1,0,0
crack500_20160329_094632_1_361_jpg,test,1,1,1,0,0
crack500_20160329_094632_641_361_jpg,val,1,1,1,0,0
crack500_20160329_094632_641_721_jpg,val,1,1,1,0,0
crack500_20160329_101342_1281_361_jpg,test,1,1,1,0,0
crack500_20160329_101342_1921_361_jpg,val,1,1,1,0,0
crack500_20160329_101342_1_361_jpg,train,1,1,1,0,0
crack500_20160329_101342_641_361_jpg,train,1,2,2,0,0
crack500_20160329_101347_1281_721_jpg,train,1,1,1,0,0
crack500_20160329_101347_1_361_jpg,test,1,1,1,0,0
crack500_20160329_101347_641_361_jpg,train,1,1,1,0,0
crack500_20160329_101503_1281_361_jpg,test,1,1,1,0,0
crack500_20160329_101503_1281_721_jpg,test,1,2,2,0,0
crack500_20160329_101503_1921_1_jpg,test,1,1,1,0,0
crack500_20160329_101503_1921_361_jpg,train,1,2,2,0,0
crack500_20160329_101503_1_361_jpg,val,1,1,1,0,0
crack500_20160329_101503_1_721_jpg,train,1,1,1,0,0
crack500_20160329_101507_1281_361_jpg,train,1,1,1,0,0
crack500_20160329_101507_1921_361_jpg,train,1,1,1,0,0
crack500_20160329_101507_1921_721_jpg,train,1,1,1,0,0
crack500_20160329_101507_1_1_jpg,val,1,1,1,0,0
crack500_20160329_101507_1_361_jpg,train,1,2,2,0,0
crack500_20160329_101507_641_1_jpg,test,1,1,1,0,0
crack500_20160329_101507_641_361_jpg,train,1,1,1,0,0
crack500_20160329_101511_1281_361_jpg,test,1,1,1,0,0
crack500_20160329_101511_1281_721_jpg,train,1,1,1,0,0
crack500_20160329_101511_1921_1_jpg,test,1,1,1,0,0
crack500_20160329_101511_1921_721_jpg,test,1,2,2,0,0
crack500_20160329_101511_1_721_jpg,train,1,1,1,0,0
crack500_20160329_101511_641_721_jpg,test,1,1,1,0,0
crack500_20160329_101514_1281_361_jpg,test,1,1,1,0,0
crack500_20160329_101514_1281_721_jpg,train,1,2,2,0,0
crack500_20160329_101514_1921_721_jpg,test,1,1,1,0,0
crack500_20160329_101514_1_361_jpg,test,1,1,1,0,0
crack500_20160329_101514_641_361_jpg,test,1,2,2,0,0
crack500_20160329_101514_641_721_jpg,train,1,2,2,0,0
crack500_20160329_101520_1281_361_jpg,train,1,1,1,0,0
crack500_20160329_101520_1921_361_jpg,test,1,1,1,0,0
crack500_20160329_101520_1_361_jpg,train,1,1,1,0,0
crack500_20160329_101520_1_721_jpg,train,1,1,1,0,0
crack500_20160329_101520_641_361_jpg,train,1,1,1,0,0
crack500_20160329_101520_641_721_jpg,train,1,1,1,0,0
crack500_20160329_101524_1281_361_jpg,train,1,3,3,0,0
crack500_20160329_101524_1281_721_jpg,test,1,2,2,0,0
crack500_20160329_101524_1921_361_jpg,val,1,1,1,0,0
crack500_20160329_101524_1_361_jpg,train,1,1,1,0,0
crack500_20160329_101524_1_721_jpg,test,1,2,2,0,0
crack500_20160329_101524_641_361_jpg,train,1,1,1,0,0
crack500_20160329_101524_641_721_jpg,test,1,1,1,0,0
crack500_20160329_103530_1281_361_jpg,test,1,1,1,0,0
crack500_20160329_103530_1281_721_jpg,train,1,1,1,0,0
crack500_20160329_103530_1921_1_jpg,test,1,1,1,0,0
crack500_20160329_103530_1921_721_jpg,test,1,2,2,0,0
crack500_20160329_103530_1_361_jpg,train,1,1,1,0,0
crack500_20160329_103530_1_721_jpg,test,1,1,1,0,0
crack500_20160329_103530_641_361_jpg,test,1,1,1,0,0
crack500_20160329_103609_1281_361_jpg,test,1,1,1,0,0
crack500_20160329_103609_1921_1081_jpg,test,1,1,1,0,0
crack500_20160329_103609_1_1921_jpg,val,1,1,1,0,0
crack500_20160329_103609_361_1281_jpg,test,1,2,2,0,0
crack500_20160329_103609_361_1921_jpg,train,1,1,1,0,0
crack500_20160329_103609_361_1_jpg,test,1,1,1,0,0
crack500_20160329_103609_361_641_jpg,test,1,1,1,0,0
crack500_20160329_103609_641_721_jpg,test,1,1,1,0,0
crack500_20160329_103609_721_1281_jpg,train,1,1,1,0,0
crack500_20160329_103609_721_1921_jpg,test,1,1,1,0,0
crack500_20160329_103609_721_641_jpg,test,1,1,1,0,0
crack500_20160329_103626_1921_721_jpg,train,1,1,1,0,0
crack500_20160329_103626_1_1_jpg,val,1,1,1,0,0
crack500_20160329_103626_1_361_jpg,val,1,1,1,0,0
crack500_20160329_103626_641_361_jpg,test,1,1,1,0,0
crack500_20160329_103800_1281_361_jpg,train,1,1,1,0,0
crack500_20160329_103800_1281_721_jpg,test,1,1,1,0,0
crack500_20160329_103800_1921_361_jpg,train,1,1,1,0,0
crack500_20160329_103800_1_641_jpg,test,1,1,1,0,0
crack500_20160329_103800_1_721_jpg,val,1,1,1,0,0
crack500_20160329_103800_361_1281_jpg,train,1,2,2,0,0
crack500_20160329_103800_361_1921_jpg,train,1,2,2,0,0
crack500_20160329_103800_361_1_jpg,train,1,1,1,0,0
crack500_20160329_103800_641_361_jpg,val,1,2,2,0,0
crack500_20160329_103800_641_721_jpg,test,1,2,2,0,0
crack500_20160329_103800_721_1281_jpg,test,1,2,2,0,0
crack500_20160329_103800_721_1921_jpg,test,1,1,1,0,0
crack500_20160329_103800_721_1_jpg,test,1,2,2,0,0
crack500_20160329_103800_721_641_jpg,val,1,2,2,0,0
crack500_20160329_103807_1081_1_jpg,test,1,1,1,0,0
crack500_20160329_103807_1281_721_jpg,test,1,1,1,0,0
crack500_20160329_103807_1921_721_jpg,train,1,1,1,0,0
crack500_20160329_103807_1_361_jpg,train,1,1,1,0,0
crack500_20160329_103807_1_721_jpg,train,1,1,1,0,0
crack500_20160329_103807_361_1281_jpg,test,1,1,1,0,0
crack500_20160329_103807_361_1921_jpg,train,1,3,3,0,0
crack500_20160329_103807_361_1_jpg,test,1,1,1,0,0
crack500_20160329_103807_361_641_jpg,test,1,1,1,0,0
crack500_20160329_103807_641_721_jpg,val,1,1,1,0,0
crack500_20160329_103807_721_1_jpg,train,1,1,1,0,0
crack500_20160329_104024_1281_1_jpg,test,1,1,1,0,0
crack500_20160329_104024_1281_361_jpg,test,1,2,2,0,0
crack500_20160329_104024_1281_721_jpg,train,1,2,2,0,0
crack500_20160329_104024_1921_1_jpg,test,1,2,2,0,0
crack500_20160329_104024_1921_361_jpg,test,1,1,1,0,0
crack500_20160329_104024_1_1081_jpg,val,1,1,1,0,0
crack500_20160329_104024_1_1_jpg,test,1,1,1,0,0
crack500_20160329_104024_1_361_jpg,train,1,1,1,0,0
crack500_20160329_104024_1_721_jpg,test,1,1,1,0,0
crack500_20160329_104024_641_721_jpg,train,1,2,2,0,0
crack500_20160329_104031_1281_361_jpg,train,1,2,2,0,0
crack500_20160329_104031_1921_361_jpg,val,1,1,1,0,0
crack500_20160329_104031_1_1081_jpg,val,1,1,1,0,0
crack500_20160329_104031_641_1_jpg,test,1,1,1,0,0
crack500_20160329_104031_641_361_jpg,train,1,1,1,0,0
crack500_20160329_104031_641_721_jpg,train,1,1,1,0,0
crack500_20160329_104035_1281_1081_jpg,val,1,1,1,0,0
crack500_20160329_104035_1281_361_jpg,train,1,1,1,0,0
crack500_20160329_104035_1281_721_jpg,test,1,1,1,0,0
crack500_20160329_104035_1921_361_jpg,test,1,2,2,0,0
crack500_20160329_104035_1_1_jpg,train,1,1,1,0,0
crack500_20160329_104035_641_361_jpg,train,1,1,1,0,0
crack500_20160329_104035_641_721_jpg,val,1,1,1,0,0
crack500_20160329_104038_1281_361_jpg,train,1,1,1,0,0
crack500_20160329_104038_1921_361_jpg,train,1,1,1,0,0
crack500_20160329_104038_1_361_jpg,train,1,1,1,0,0
crack500_20160329_104038_641_361_jpg,test,1,1,1,0,0
crack500_20160329_104100_1281_361_jpg,val,1,1,1,0,0
crack500_20160329_104100_1281_721_jpg,train,1,1,1,0,0
crack500_20160329_104100_1921_361_jpg,val,1,1,1,0,0
crack500_20160329_104100_1921_721_jpg,train,1,2,2,0,0
crack500_20160329_104100_1_721_jpg,train,1,1,1,0,0
crack500_20160329_104100_641_721_jpg,test,1,1,1,0,0
crack500_20160329_104107_1281_1_jpg,train,1,1,1,0,0
crack500_20160329_104107_1281_721_jpg,test,1,4,4,0,0
crack500_20160329_104107_1921_1_jpg,val,1,1,1,0,0
crack500_20160329_104107_1921_361_jpg,test,1,1,1,0,0
crack500_20160329_104107_1_1081_jpg,test,1,3,3,0,0
crack500_20160329_104107_1_1_jpg,train,1,1,1,0,0
crack500_20160329_104107_1_361_jpg,train,1,1,1,0,0
crack500_20160329_104107_641_1_jpg,train,1,2,2,0,0
crack500_20160329_104107_641_721_jpg,train,1,1,1,0,0
crack500_20160329_104111_1281_1081_jpg,train,1,2,2,0,0
crack500_20160329_104111_1281_361_jpg,val,1,1,1,0,0
crack500_20160329_104111_1921_721_jpg,test,1,1,1,0,0
crack500_20160329_104111_1_361_jpg,val,1,1,1,0,0
crack500_20160329_104111_641_1_jpg,test,1,1,1,0,0
crack500_20160329_104111_641_361_jpg,train,1,2,2,0,0
crack500_20160329_104111_641_721_jpg,val,1,1,1,0,0
crack500_20160329_104117_1_1081_jpg,train,1,2,2,0,0
crack500_20160329_104117_1_1_jpg,train,1,1,1,0,0
crack500_20160329_104117_1_361_jpg,val,1,1,1,0,0
crack500_20160329_104117_1_721_jpg,train,1,2,2,0,0
crack500_20160329_104117_641_1_jpg,test,1,1,1,0,0
crack500_20160329_104117_641_361_jpg,train,1,3,3,0,0
crack500_20160329_104117_641_721_jpg,train,1,1,1,0,0
crack500_20160329_104120_1281_361_jpg,val,1,2,2,0,0
crack500_20160329_104120_1281_721_jpg,train,1,2,2,0,0
crack500_20160329_104120_1921_1081_jpg,test,1,1,1,0,0
crack500_20160329_104120_1921_1_jpg,train,1,1,1,0,0
crack500_20160329_104120_1921_361_jpg,train,1,1,1,0,0
crack500_20160329_104120_641_361_jpg,train,1,1,1,0,0
crack500_20160329_104133_1281_361_jpg,test,1,2,2,0,0
crack500_20160329_104133_1281_721_jpg,test,1,1,1,0,0
crack500_20160329_104133_1921_721_jpg,test,1,1,1,0,0
crack500_20160329_104133_1_721_jpg,test,1,2,2,0,0
crack500_20160329_104133_641_361_jpg,train,1,1,1,0,0
crack500_20160329_104133_641_721_jpg,test,1,1,1,0,0
crack500_20160329_104152_1281_1081_jpg,test,1,1,1,0,0
crack500_20160329_104152_1281_721_jpg,train,1,2,2,0,0
crack500_20160329_104152_1921_1081_jpg,test,1,1,1,0,0
crack500_20160329_104152_1921_361_jpg,test,1,1,1,0,0
crack500_20160329_104152_1921_721_jpg,train,1,1,1,0,0
crack500_20160329_104152_1_361_jpg,test,1,1,1,0,0
crack500_20160329_104201_1281_721_jpg,test,1,1,1,0,0
crack500_20160329_104201_1921_721_jpg,test,1,1,1,0,0
crack500_20160329_104201_1_361_jpg,train,1,1,1,0,0
crack500_20160329_104201_1_721_jpg,val,1,1,1,0,0
crack500_20160329_104201_641_361_jpg,val,1,1,1,0,0
crack500_20160329_104201_641_721_jpg,val,1,2,2,0,0
crack500_20160329_104205_1281_361_jpg,test,1,1,1,0,0
crack500_20160329_104205_1281_721_jpg,train,1,1,1,0,0
crack500_20160329_104205_1921_721_jpg,test,1,1,1,0,0
crack500_20160329_104205_1_361_jpg,train,1,2,2,0,0
crack500_20160329_104205_1_721_jpg,val,1,1,1,0,0
crack500_20160329_104205_641_361_jpg,train,1,1,1,0,0
crack500_20160329_104205_641_721_jpg,val,1,1,1,0,0
crack500_20160329_111111_1281_361_jpg,train,1,1,1,0,0
crack500_20160329_111111_1281_721_jpg,test,1,1,1,0,0
crack500_20160329_111111_1921_721_jpg,test,1,1,1,0,0
crack500_20160329_111111_1_361_jpg,train,1,1,1,0,0
crack500_20160329_111111_361_1281_jpg,test,1,2,2,0,0
crack500_20160329_111111_361_1921_jpg,train,1,1,1,0,0
crack500_20160329_111111_361_641_jpg,val,1,1,1,0,0
crack500_20160329_111111_641_361_jpg,val,1,2,2,0,0
crack500_20160329_111111_641_721_jpg,test,1,1,1,0,0
crack500_20160329_111111_721_1281_jpg,train,1,1,1,0,0
crack500_20160329_111111_721_1921_jpg,train,1,1,1,0,0
crack500_20160329_111111_721_1_jpg,val,1,1,1,0,0
crack500_20160329_111111_721_641_jpg,test,1,2,2,0,0
crack500_20160329_115529_1281_1081_jpg,val,1,1,1,0,0
crack500_20160329_115529_1281_721_jpg,train,1,2,2,0,0
crack500_20160329_115529_1921_1081_jpg,test,1,2,2,0,0
crack500_20160329_115529_1921_361_jpg,train,1,1,1,0,0
crack500_20160329_115529_1921_721_jpg,train,1,4,4,0,0
crack500_20160329_115529_641_721_jpg,train,1,1,1,0,0
crack500_20160329_115531_1281_1081_jpg,test,1,1,1,0,0
crack500_20160329_115531_1281_1_jpg,test,1,1,1,0,0
crack500_20160329_115531_1281_721_jpg,val,1,1,1,0,0
crack500_20160329_115531_1921_1_jpg,val,1,1,1,0,0
crack500_20160329_115531_1921_361_jpg,val,1,2,2,0,0
crack500_20160329_115531_1921_721_jpg,test,1,2,2,0,0
crack500_20160329_115531_1_1_jpg,val,1,1,1,0,0
crack500_20160329_115531_1_721_jpg,test,1,1,1,0,0
crack500_20160329_115531_641_1081_jpg,train,1,1,1,0,0
crack500_20160330_160938_1281_361_jpg,train,1,2,2,0,0
crack500_20160330_160938_1281_721_jpg,test,1,2,2,0,0
crack500_20160330_160938_1921_721_jpg,val,1,2,2,0,0
crack500_20160330_160938_1_361_jpg,test,1,1,1,0,0
crack500_20160330_160938_1_721_jpg,test,1,2,2,0,0
crack500_20160330_160938_641_361_jpg,test,1,1,1,0,0
crack500_20160330_160957_1281_1081_jpg,train,1,1,1,0,0
crack500_20160330_160957_1281_1_jpg,val,1,1,1,0,0
crack500_20160330_160957_1281_361_jpg,train,1,3,3,0,0
crack500_20160330_160957_1281_721_jpg,train,1,4,4,0,0
crack500_20160330_160957_1921_361_jpg,test,1,2,2,0,0
crack500_20160330_160957_1921_721_jpg,test,1,2,2,0,0
crack500_20160330_160957_1_1_jpg,val,1,1,1,0,0
crack500_20160330_160957_1_361_jpg,test,1,1,1,0,0
crack500_20160330_160957_641_1_jpg,train,1,2,2,0,0
crack500_20160330_160957_641_361_jpg,val,1,2,2,0,0
crack500_20160330_160957_641_721_jpg,test,1,1,1,0,0
crack500_20160330_163725_1281_1081_jpg,train,1,1,1,0,0
crack500_20160330_163725_1281_361_jpg,test,1,1,1,0,0
crack500_20160330_163725_1281_721_jpg,val,1,2,2,0,0
crack500_20160330_163725_1921_1_jpg,val,1,2,2,0,0
crack500_20160330_163725_641_1_jpg,val,1,1,1,0,0
crack500_20160330_163725_641_361_jpg,train,1,3,3,0,0
crack500_20160330_163725_641_721_jpg,test,1,1,1,0,0
crack500_20160330_163855_1281_1081_jpg,val,1,1,1,0,0
crack500_20160330_163855_1281_721_jpg,test,1,2,2,0,0
crack500_20160330_163855_1921_721_jpg,test,1,1,1,0,0
crack500_20160330_163855_1_721_jpg,val,1,1,1,0,0
crack500_20160330_163855_641_1_jpg,train,1,1,1,0,0
crack500_20160330_163855_641_361_jpg,test,1,1,1,0,0
crack500_20160330_163855_641_721_jpg,train,1,1,1,0,0
crack500_20160330_163941_1281_361_jpg,train,1,1,1,0,0
crack500_20160330_163941_1281_721_jpg,val,1,1,1,0,0
crack500_20160330_163941_1921_721_jpg,test,1,1,1,0,0
crack500_20160330_163941_1_361_jpg,val,1,1,1,0,0
crack500_20160330_163941_641_361_jpg,test,1,1,1,0,0
crack500_20160330_163946_1281_361_jpg,train,1,1,1,0,0
crack500_20160330_163946_1921_361_jpg,train,1,1,1,0,0
crack500_20160330_163946_1_361_jpg,test,1,1,1,0,0
crack500_20160330_164743_1281_1081_jpg,train,1,2,2,0,0
crack500_20160330_164743_1281_1_jpg,val,1,1,1,0,0
crack500_20160330_164743_1281_361_jpg,train,1,1,1,0,0
crack500_20160330_164743_1281_721_jpg,train,1,2,2,0,0
crack500_20160330_164743_1921_361_jpg,test,1,1,1,0,0
crack500_20160330_164743_1921_721_jpg,test,1,1,1,0,0
crack500_20160330_164743_1_721_jpg,train,1,1,1,0,0
crack500_20160330_164743_641_1081_jpg,test,1,1,1,0,0
crack500_20160330_164743_641_721_jpg,test,1,1,1,0,0
crack500_20160330_164935_1281_1081_jpg,test,1,2,2,0,0
crack500_20160330_164935_1281_721_jpg,train,1,4,4,0,0
crack500_20160330_164935_1921_1081_jpg,val,1,1,1,0,0
crack500_20160330_164935_1_1081_jpg,val,1,1,1,0,0
crack500_20160330_164935_1_721_jpg,train,1,2,2,0,0
crack500_20160330_164935_641_721_jpg,val,1,1,1,0,0
crack500_20160330_165325_1281_1081_jpg,test,1,1,1,0,0
crack500_20160330_165325_1281_361_jpg,val,1,1,1,0,0
crack500_20160330_165325_1281_721_jpg,train,1,1,1,0,0
crack500_20160330_165325_1921_1081_jpg,train,1,2,2,0,0
crack500_20160330_165325_641_361_jpg,test,1,1,1,0,0
crack500_20160330_165325_641_721_jpg,train,1,2,2,0,0
crack500_20160330_165333_1281_1081_jpg,train,1,2,2,0,0
crack500_20160330_165333_1281_721_jpg,val,1,1,1,0,0
crack500_20160330_165333_1921_361_jpg,test,1,1,1,0,0
crack500_20160330_165333_1921_721_jpg,train,1,3,3,0,0
crack500_20160330_165333_1_1081_jpg,train,1,2,2,0,0
crack500_20160330_165333_641_1081_jpg,train,1,2,2,0,0
crack500_20160330_165333_641_721_jpg,val,1,1,1,0,0
crack500_20160330_165644_1281_1081_jpg,train,1,2,2,0,0
crack500_20160330_165644_1281_361_jpg,test,1,1,1,0,0
crack500_20160330_165644_1281_721_jpg,train,1,4,4,0,0
crack500_20160330_165644_1921_361_jpg,val,1,2,2,0,0
crack500_20160330_165644_1921_721_jpg,train,1,1,1,0,0
crack500_20160330_165644_1_1081_jpg,train,1,1,1,0,0
crack500_20160330_165644_1_361_jpg,test,1,1,1,0,0
crack500_20160330_165644_1_721_jpg,train,1,1,1,0,0
crack500_20160330_165644_641_361_jpg,train,1,1,1,0,0
crack500_20160330_165644_641_721_jpg,test,1,3,3,0,0
crack500_20160330_165956_1281_721_jpg,test,1,3,3,0,0
crack500_20160330_165956_1921_721_jpg,val,1,1,1,0,0
crack500_20160330_165956_1_1081_jpg,test,1,1,1,0,0
crack500_20160330_165956_1_721_jpg,test,1,3,3,0,0
crack500_20160330_165956_641_721_jpg,test,1,1,1,0,0
crack500_20160330_170014_1281_721_jpg,test,1,1,1,0,0
crack500_20160330_170014_1921_721_jpg,val,1,1,1,0,0
crack500_20160330_170014_1_361_jpg,train,1,2,2,0,0
crack500_20160330_170014_1_721_jpg,test,1,1,1,0,0
crack500_20160330_170114_1281_721_jpg,test,1,2,2,0,0
crack500_20160330_170114_1921_721_jpg,train,1,1,1,0,0
crack500_20160330_170114_1_721_jpg,train,1,1,1,0,0
crack500_20160330_170114_641_361_jpg,test,1,2,2,0,0
crack500_20160330_170201_1281_721_jpg,train,1,1,1,0,0
crack500_20160330_170201_1921_721_jpg,train,1,1,1,0,0
crack500_20160330_170201_1_721_jpg,train,1,1,1,0,0
crack500_20160330_170201_641_361_jpg,val,1,1,1,0,0
crack500_20160330_170201_641_721_jpg,train,1,3,3,0,0
crack500_20160330_170256_1281_721_jpg,train,1,2,2,0,0
crack500_20160330_170256_1921_721_jpg,test,1,1,1,0,0
crack500_20160330_170256_1_1_jpg,train,1,1,1,0,0
crack500_20160330_170256_1_361_jpg,train,1,1,1,0,0
crack500_20160330_170256_641_361_jpg,val,1,1,1,0,0
crack500_20160330_170256_641_721_jpg,test,1,2,2,0,0
crack500_20160330_170302_1281_1_jpg,test,1,1,1,0,0
crack500_20160330_170302_1281_361_jpg,test,1,2,2,0,0
crack500_20160330_170302_1281_721_jpg,val,1,4,4,0,0
crack500_20160330_170302_1921_1081_jpg,train,1,1,1,0,0
crack500_20160330_170302_1921_721_jpg,test,1,1,1,0,0
crack500_20160330_170302_1_1081_jpg,train,1,1,1,0,0
crack500_20160330_170302_641_1081_jpg,test,1,1,1,0,0
crack500_20160330_170302_641_1_jpg,test,1,2,2,0,0
crack500_20160330_170302_641_361_jpg,train,1,3,3,0,0
crack500_20160330_170302_641_721_jpg,val,1,4,4,0,0
crack500_20160330_170308_1281_721_jpg,train,1,1,1,0,0
crack500_20160330_170308_1_361_jpg,test,1,1,1,0,0
crack500_20160330_170308_1_721_jpg,train,1,1,1,0,0
crack500_20160330_170308_641_361_jpg,train,1,1,1,0,0
crack500_20160330_170308_641_721_jpg,train,1,2,2,0,0
crack500_20160330_170348_1281_361_jpg,test,1,1,1,0,0
crack500_20160330_170348_1281_721_jpg,val,1,1,1,0,0
crack500_20160330_170348_1921_721_jpg,test,1,1,1,0,0
crack500_20160330_170348_1_721_jpg,train,1,1,1,0,0
crack500_20160330_170348_641_361_jpg,train,1,1,1,0,0
crack500_20160330_170348_641_721_jpg,val,1,1,1,0,0
crack500_20160330_170359_1281_721_jpg,test,1,1,1,0,0
crack500_20160330_170359_1921_361_jpg,test,1,1,1,0,0
crack500_20160330_170359_1921_721_jpg,test,1,1,1,0,0
crack500_20160330_170359_1_721_jpg,test,1,1,1,0,0
crack500_20160330_170359_641_721_jpg,test,1,1,1,0,0
crack500_20160330_170428_1081_641_jpg,train,1,1,1,0,0
crack500_20160330_170428_1_641_jpg,val,1,1,1,0,0
crack500_20160330_170428_361_641_jpg,train,1,1,1,0,0
crack500_20160330_170428_721_641_jpg,test,1,1,1,0,0
crack500_20160330_170501_1281_361_jpg,train,1,1,1,0,0
crack500_20160330_170501_1281_721_jpg,val,1,1,1,0,0
crack500_20160330_170501_1921_361_jpg,val,1,1,1,0,0
crack500_20160330_170501_1921_721_jpg,train,1,1,1,0,0
crack500_20160330_170501_641_361_jpg,test,1,1,1,0,0
crack500_20160330_170501_641_721_jpg,val,1,1,1,0,0
crack500_20160330_170504_1281_361_jpg,test,1,1,1,0,0
crack500_20160330_170504_1281_721_jpg,test,1,1,1,0,0
crack500_20160330_170504_1921_361_jpg,train,1,1,1,0,0
crack500_20160330_170504_1921_721_jpg,train,1,1,1,0,0
crack500_20160330_170504_1_361_jpg,test,1,1,1,0,0
crack500_20160330_170504_1_721_jpg,val,1,1,1,0,0
crack500_20160330_170507_1281_361_jpg,test,1,1,1,0,0
crack500_20160330_170507_1281_721_jpg,train,1,1,1,0,0
crack500_20160330_170507_1921_721_jpg,val,1,1,1,0,0
crack500_20160330_170507_1_361_jpg,test,1,2,2,0,0
crack500_20160330_170507_1_721_jpg,test,1,1,1,0,0
crack500_20160330_170507_641_361_jpg,val,1,2,2,0,0
crack500_20160330_170507_641_721_jpg,train,1,1,1,0,0
crack500_20160330_170848_1281_1_jpg,test,1,3,3,0,0
crack500_20160330_170848_1281_361_jpg,test,1,1,1,0,0
crack500_20160330_170848_1281_721_jpg,train,1,1,1,0,0
crack500_20160330_170848_1921_1_jpg,test,1,2,2,0,0
crack500_20160330_170848_1921_361_jpg,train,1,1,1,0,0
crack500_20160330_170848_1921_721_jpg,val,1,1,1,0,0
crack500_20160330_170848_1_1081_jpg,test,1,2,2,0,0
crack500_20160330_170848_1_1_jpg,train,1,1,1,0,0
crack500_20160330_170848_1_361_jpg,test,1,1,1,0,0
crack500_20160330_170848_1_721_jpg,train,1,1,1,0,0
crack500_20160330_170848_641_1_jpg,val,1,2,2,0,0
crack500_20160330_170848_641_721_jpg,test,1,1,1,0,0
crack500_20160330_170922_1281_721_jpg,train,1,1,1,0,0
crack500_20160330_170922_1921_1081_jpg,val,1,1,1,0,0
crack500_20160330_170922_1921_721_jpg,test,1,1,1,0,0
crack500_20160330_170922_1_361_jpg,test,1,1,1,0,0
crack500_20160330_170922_641_1_jpg,test,1,1,1,0,0
crack500_20160330_170922_641_361_jpg,test,1,3,3,0,0
crack500_20160330_170922_641_721_jpg,train,1,3,3,0,0
crack500_20160330_172305_1281_361_jpg,train,1,2,2,0,0
crack500_20160330_172305_1281_721_jpg,val,1,1,1,0,0
crack500_20160330_172305_1921_361_jpg,train,1,1,1,0,0
crack500_20160330_172305_1921_721_jpg,val,1,1,1,0,0
crack500_20160330_172305_641_361_jpg,val,1,1,1,0,0
crack500_20160330_172305_641_721_jpg,val,1,1,1,0,0
crack500_20160330_172309_1281_361_jpg,test,1,1,1,0,0
crack500_20160330_172309_1281_721_jpg,test,1,2,2,0,0
crack500_20160330_172309_1921_361_jpg,test,1,1,1,0,0
crack500_20160330_172309_1921_721_jpg,test,1,1,1,0,0
crack500_20160330_172309_641_361_jpg,val,1,1,1,0,0
crack500_20160330_172309_641_721_jpg,test,1,1,1,0,0
crack500_20160402_150105_1281_1081_jpg,val,1,1,1,0,0
crack500_20160402_150105_1281_361_jpg,test,1,1,1,0,0
crack500_20160402_150105_1921_1081_jpg,test,1,1,1,0,0
crack500_20160402_150105_1921_361_jpg,test,1,1,1,0,0
crack500_20160402_150105_1921_721_jpg,train,1,1,1,0,0
crack500_20160402_150105_641_1081_jpg,train,1,1,1,0,0
crack500_20160402_150105_641_1_jpg,train,1,1,1,0,0
crack500_20160402_150105_641_361_jpg,train,1,2,2,0,0
crack500_20160402_150105_641_721_jpg,test,1,1,1,0,0
crack500_20160402_150110_1281_1081_jpg,val,1,1,1,0,0
crack500_20160402_150110_1281_1_jpg,test,1,1,1,0,0
crack500_20160402_150110_1921_1081_jpg,train,1,1,1,0,0
crack500_20160402_150110_1921_1_jpg,train,1,1,1,0,0
crack500_20160402_150110_1921_721_jpg,test,1,1,1,0,0
crack500_20160402_150110_1_1081_jpg,train,1,2,2,0,0
crack500_20160402_150110_1_721_jpg,train,1,1,1,0,0
crack500_20160402_150110_641_1081_jpg,test,1,1,1,0,0
crack500_20160402_150110_641_361_jpg,val,1,1,1,0,0
crack500_20160402_150300_1921_721_jpg,train,1,1,1,0,0
crack500_20160402_150300_1_721_jpg,test,1,1,1,0,0
crack500_20160402_150300_641_721_jpg,test,1,1,1,0,0
crack500_20160402_150304_1281_721_jpg,test,1,1,1,0,0
crack500_20160402_150304_1921_721_jpg,train,1,1,1,0,0
crack500_20160402_150304_1_721_jpg,test,1,2,2,0,0
crack500_20160402_150304_641_721_jpg,test,1,1,1,0,0
crack500_20160402_150314_1281_1081_jpg,val,1,1,1,0,0
crack500_20160402_150314_1281_361_jpg,test,1,1,1,0,0
crack500_20160402_150314_1281_721_jpg,test,1,2,2,0,0
crack500_20160402_150314_1921_1_jpg,test,1,1,1,0,0
crack500_20160402_150314_1921_361_jpg,test,1,1,1,0,0
crack500_20160402_150314_1_361_jpg,test,1,1,1,0,0
crack500_20160402_150314_1_721_jpg,test,1,1,1,0,0
crack500_20160402_150314_641_721_jpg,val,1,1,1,0,0
crack500_20160402_150317_1281_361_jpg,test,1,2,2,0,0
crack500_20160402_150317_1281_721_jpg,test,1,2,2,0,0
crack500_20160402_150317_1921_361_jpg,train,1,1,1,0,0
crack500_20160402_150317_1921_721_jpg,val,1,2,2,0,0
crack500_20160402_150317_1_361_jpg,test,1,3,3,0,0
crack500_20160402_150317_1_721_jpg,train,1,1,1,0,0
crack500_20160402_150938_1281_1081_jpg,val,1,1,1,0,0
crack500_20160402_150938_1281_721_jpg,val,1,1,1,0,0
crack500_20160402_150938_1921_1081_jpg,train,1,2,2,0,0
crack500_20160402_150938_1921_721_jpg,test,1,2,2,0,0
crack500_20160402_150938_1_1_jpg,train,1,1,1,0,0
crack500_20160402_150938_1_361_jpg,train,1,2,2,0,0
crack500_20160402_150942_1281_721_jpg,train,1,1,1,0,0
crack500_20160402_150942_1921_1081_jpg,test,1,1,1,0,0
crack500_20160402_150942_1921_721_jpg,train,1,1,1,0,0
crack500_20160402_150942_1_361_jpg,val,1,1,1,0,0
crack500_20160402_150942_641_361_jpg,test,1,1,1,0,0
crack500_20160402_150942_641_721_jpg,train,1,1,1,0,0
crack500_20160402_151049_1281_721_jpg,train,1,1,1,0,0
crack500_20160402_151049_1921_1081_jpg,val,1,1,1,0,0
crack500_20160402_151049_1921_721_jpg,train,1,1,1,0,0
crack500_20160402_151049_1_361_jpg,test,1,1,1,0,0
crack500_20160402_151049_1_721_jpg,val,1,1,1,0,0
crack500_20160402_151049_641_361_jpg,train,1,1,1,0,0
crack500_20160402_151054_1281_1081_jpg,train,1,1,1,0,0
crack500_20160402_151054_1281_721_jpg,test,1,1,1,0,0
crack500_20160402_151054_1921_361_jpg,val,1,2,2,0,0
crack500_20160402_151054_1_361_jpg,val,1,1,1,0,0
crack500_20160402_151054_1_721_jpg,train,1,1,1,0,0
crack500_20160402_151054_641_361_jpg,val,1,1,1,0,0
crack500_20160402_151837_1281_721_jpg,test,1,1,1,0,0
crack500_20160402_151837_1921_361_jpg,val,1,2,2,0,0
crack500_20160402_151837_1_721_jpg,train,1,1,1,0,0
crack500_20160402_151837_641_721_jpg,train,1,1,1,0,0
crack500_20160405_171215_1281_361_jpg,test,1,1,1,0,0
crack500_20160405_171215_1281_721_jpg,test,1,3,3,0,0
crack500_20160405_171215_1921_1081_jpg,test,1,1,1,0,0
crack500_20160405_171215_1921_721_jpg,val,1,3,3,0,0
crack500_20160405_171215_1_1_jpg,val,1,1,1,0,0
crack500_20160405_171215_1_361_jpg,test,1,2,2,0,0
crack500_20160405_171215_641_361_jpg,val,1,5,5,0,0
crack500_20160405_171215_641_721_jpg,train,1,1,1,0,0
crack500_20160405_171219_1281_361_jpg,val,1,1,1,0,0
crack500_20160405_171219_1921_721_jpg,train,1,1,1,0,0
crack500_20160405_171219_1_361_jpg,train,1,2,2,0,0
crack500_20160405_171219_1_721_jpg,val,1,1,1,0,0
crack500_20160405_171219_641_361_jpg,train,1,1,1,0,0
crack500_20160405_171333_1281_721_jpg,train,1,2,2,0,0
crack500_20160405_171333_1921_721_jpg,train,1,1,1,0,0
crack500_20160405_171333_1_361_jpg,test,1,2,2,0,0
crack500_20160405_171333_1_721_jpg,train,1,2,2,0,0
crack500_20160405_171333_641_721_jpg,val,1,3,3,0,0
crack500_20160405_171336_1281_361_jpg,val,1,1,1,0,0
crack500_20160405_171336_1921_1081_jpg,test,1,1,1,0,0
crack500_20160405_171336_1921_361_jpg,val,1,1,1,0,0
crack500_20160405_171336_1921_721_jpg,train,1,1,1,0,0
crack500_20160405_171336_1_361_jpg,val,1,1,1,0,0
crack500_20160405_171336_1_721_jpg,val,1,1,1,0,0
crack500_20160405_171336_641_721_jpg,val,1,1,1,0,0
crack500_20160405_171348_1281_361_jpg,test,1,1,1,0,0
crack500_20160405_171348_1281_721_jpg,train,1,1,1,0,0
crack500_20160405_171348_1_721_jpg,train,1,3,3,0,0
crack500_20160405_171348_641_721_jpg,train,1,3,3,0,0
crack500_20160405_171353_1281_721_jpg,test,1,1,1,0,0
crack500_20160405_171353_1921_361_jpg,test,1,1,1,0,0
crack500_20160405_171353_1921_721_jpg,val,1,1,1,0,0
crack500_20160405_171353_1_721_jpg,test,1,1,1,0,0
crack500_20160405_171353_641_721_jpg,val,1,2,2,0,0
crack500_20160405_171410_1281_361_jpg,val,1,1,1,0,0
crack500_20160405_171410_1281_721_jpg,val,1,1,1,0,0
crack500_20160405_171410_1921_361_jpg,test,1,1,1,0,0
crack500_20160405_171410_1921_721_jpg,test,1,1,1,0,0
crack500_20160405_171410_1_361_jpg,train,1,2,2,0,0
crack500_20160405_171410_1_721_jpg,val,1,1,1,0,0
crack500_20160405_171410_641_361_jpg,train,1,1,1,0,0
crack500_20160405_171410_641_721_jpg,test,1,2,2,0,0
crack500_20160405_171431_1281_361_jpg,test,1,1,1,0,0
crack500_20160405_171431_1921_361_jpg,train,1,1,1,0,0
crack500_20160405_171431_1_1081_jpg,train,1,2,2,0,0
crack500_20160405_171431_1_721_jpg,val,1,2,2,0,0
crack500_20160405_171431_641_721_jpg,train,1,1,1,0,0
crack500_20160405_171453_1281_1_jpg,test,1,1,1,0,0
crack500_20160405_171453_1281_721_jpg,test,1,1,1,0,0
crack500_20160405_171453_1921_1081_jpg,train,1,1,1,0,0
crack500_20160405_171453_1921_1_jpg,val,1,2,2,0,0
crack500_20160405_171453_1921_361_jpg,train,1,1,1,0,0
crack500_20160405_171453_1921_721_jpg,test,1,1,1,0,0
crack500_20160405_171453_1_1081_jpg,train,1,1,1,0,0
crack500_20160405_171453_641_721_jpg,test,1,3,3,0,0
crack500_20160405_171456_1281_361_jpg,test,1,1,1,0,0
crack500_20160405_171456_1281_721_jpg,train,1,1,1,0,0
crack500_20160405_171456_1921_1081_jpg,val,1,1,1,0,0
crack500_20160405_171456_1921_721_jpg,test,1,3,3,0,0
crack500_20160405_171456_1_1_jpg,val,1,1,1,0,0
crack500_20160405_171456_641_361_jpg,test,1,1,1,0,0
crack500_20160405_171712_1281_721_jpg,train,1,3,3,0,0
crack500_20160405_171712_1921_1081_jpg,val,1,1,1,0,0
crack500_20160405_171712_1921_721_jpg,test,1,1,1,0,0
crack500_20160405_171712_1_361_jpg,val,1,1,1,0,0
crack500_20160405_171712_1_721_jpg,train,1,1,1,0,0
crack500_20160405_171712_641_361_jpg,train,1,1,1,0,0
crack500_20160405_171712_641_721_jpg,train,1,1,1,0,0
crack500_20160405_171716_1281_361_jpg,test,1,1,1,0,0
crack500_20160405_171716_1281_721_jpg,train,1,1,1,0,0
crack500_20160405_171716_1_1081_jpg,train,1,1,1,0,0
crack500_20160405_171716_1_361_jpg,train,1,2,2,0,0
crack500_20160405_171716_1_721_jpg,test,1,1,1,0,0
crack500_20160405_171716_641_361_jpg,test,1,1,1,0,0
crack500_20160405_171716_641_721_jpg,test,1,2,2,0,0
crack500_20160405_171723_1281_1_jpg,train,1,2,2,0,0
crack500_20160405_171723_1281_721_jpg,train,1,1,1,0,0
crack500_20160405_171723_1921_1081_jpg,train,1,1,1,0,0
crack500_20160405_171723_1921_721_jpg,val,1,1,1,0,0
crack500_20160405_171723_1_721_jpg,test,1,1,1,0,0
crack500_20160405_171723_641_721_jpg,train,1,1,1,0,0
crack500_20160405_172849_1281_1081_jpg,test,1,3,3,0,0
crack500_20160405_172849_1281_1_jpg,train,1,6,6,0,0
crack500_20160405_172849_1281_361_jpg,train,1,3,3,0,0
crack500_20160405_172849_1281_721_jpg,test,1,4,4,0,0
crack500_20160405_172849_1921_1081_jpg,val,1,3,3,0,0
crack500_20160405_172849_1921_361_jpg,val,1,1,1,0,0
crack500_20160405_172849_1921_721_jpg,train,1,1,1,0,0
crack500_20160405_172849_1_1081_jpg,val,1,1,1,0,0
crack500_20160405_172849_1_1_jpg,train,1,1,1,0,0
crack500_20160405_172849_1_361_jpg,train,1,2,2,0,0
crack500_20160405_172849_1_721_jpg,val,1,1,1,0,0
crack500_20160405_172849_641_1081_jpg,test,1,1,1,0,0
crack500_20160405_172849_641_361_jpg,test,1,1,1,0,0
crack500_20160405_172849_641_721_jpg,test,1,1,1,0,0
crack500_20160405_172854_1281_1081_jpg,train,1,1,1,0,0
crack500_20160405_172854_1281_721_jpg,train,1,1,1,0,0
crack500_20160405_172854_1921_1081_jpg,train,1,1,1,0,0
crack500_20160405_172854_1921_361_jpg,train,1,1,1,0,0
crack500_20160405_172854_1921_721_jpg,test,1,2,2,0,0
crack500_20160405_172854_1_361_jpg,val,1,1,1,0,0
crack500_20160405_172854_1_721_jpg,train,1,1,1,0,0
crack500_20160405_172854_641_1081_jpg,train,1,2,2,0,0
crack500_20160405_172854_641_721_jpg,train,1,2,2,0,0
crack500_20160405_172908_1281_1081_jpg,test,1,2,2,0,0
crack500_20160405_172908_1281_361_jpg,test,1,1,1,0,0
crack500_20160405_172908_1281_721_jpg,val,1,3,3,0,0
crack500_20160405_172908_1921_1081_jpg,train,1,1,1,0,0
crack500_20160405_172908_1921_721_jpg,test,1,2,2,0,0
crack500_20160405_172908_1_1_jpg,train,1,1,1,0,0
crack500_20160405_172908_641_1081_jpg,train,1,3,3,0,0
crack500_20160405_172908_641_1_jpg,test,1,3,3,0,0
crack500_20160405_172908_641_361_jpg,val,1,2,2,0,0
crack500_20160405_172908_641_721_jpg,train,1,4,4,0,0
crack500_20160407_163125_1281_361_jpg,train,1,1,1,0,0
crack500_20160407_163125_1281_721_jpg,test,1,1,1,0,0
crack500_20160407_163125_1921_721_jpg,val,1,1,1,0,0
crack500_20160407_163125_641_361_jpg,train,1,1,1,0,0
crack500_20160407_163125_641_721_jpg,train,1,2,2,0,0
crack500_20160407_163130_1281_721_jpg,train,1,1,1,0,0
crack500_20160407_163130_1921_721_jpg,test,1,1,1,0,0
crack500_20160407_163130_1_361_jpg,test,1,1,1,0,0
crack500_20160407_163130_1_721_jpg,test,1,3,3,0,0
crack500_20160407_163130_641_721_jpg,test,1,1,1,0,0
crack500_20160407_163257_1281_1_jpg,test,1,1,1,0,0
crack500_20160407_163257_1281_361_jpg,test,1,1,1,0,0
crack500_20160407_163257_1921_1081_jpg,train,1,1,1,0,0
crack500_20160407_163257_1921_721_jpg,train,1,1,1,0,0
crack500_20160407_163257_1_1_jpg,test,1,1,1,0,0
crack500_20160407_163515_1281_361_jpg,train,1,2,2,0,0
crack500_20160407_163515_1921_721_jpg,train,1,1,1,0,0
crack500_20160407_163515_1_721_jpg,train,1,1,1,0,0
crack500_20160407_163515_641_361_jpg,train,1,2,2,0,0
crack500_20160407_163515_641_721_jpg,val,1,1,1,0,0
crack500_20160407_163522_1281_721_jpg,val,1,1,1,0,0
crack500_20160407_163522_1_361_jpg,test,1,2,2,0,0
crack500_20160407_163522_1_721_jpg,train,1,1,1,0,0
crack500_20160407_163522_641_361_jpg,test,1,2,2,0,0
crack500_20160407_164918_1281_721_jpg,train,1,2,2,0,0
crack500_20160407_164918_1921_721_jpg,train,1,1,1,0,0
crack500_20160407_164918_1_1_jpg,train,1,2,2,0,0
crack500_20160407_164918_1_361_jpg,test,1,2,2,0,0
crack500_20160407_164918_1_721_jpg,val,1,1,1,0,0
crack500_20160407_164918_641_721_jpg,train,1,1,1,0,0
crack500_20160407_165001_1281_1081_jpg,val,1,2,2,0,0
crack500_20160407_165001_1281_361_jpg,val,1,2,2,0,0
crack500_20160407_165001_1281_721_jpg,train,1,1,1,0,0
crack500_20160407_165001_1921_361_jpg,val,1,1,1,0,0
crack500_20160407_165001_1921_721_jpg,test,1,2,2,0,0
crack500_20160407_165001_1_1081_jpg,train,1,2,2,0,0
crack500_20160407_165001_1_721_jpg,test,1,1,1,0,0
crack500_20160407_165001_641_361_jpg,train,1,1,1,0,0
crack500_20160407_165001_641_721_jpg,train,1,1,1,0,0
crack500_20160407_165009_1281_361_jpg,train,1,1,1,0,0
crack500_20160407_165009_1921_1081_jpg,val,1,1,1,0,0
crack500_20160407_165009_1921_721_jpg,train,1,2,2,0,0
crack500_20160407_165009_1_361_jpg,test,1,1,1,0,0
crack500_20160407_165009_641_1081_jpg,train,1,1,1,0,0
crack500_20160407_165009_641_361_jpg,train,1,1,1,0,0
crack500_20160407_165009_641_721_jpg,test,1,1,1,0,0
crack500_20160407_165210_1281_721_jpg,test,1,1,1,0,0
crack500_20160407_165210_1921_361_jpg,test,1,1,1,0,0
crack500_20160407_165210_1_1081_jpg,train,1,1,1,0,0
crack500_20160407_165210_1_721_jpg,val,1,1,1,0,0
crack500_20160407_165210_641_721_jpg,test,1,1,1,0,0
crack500_20160413_113422_1281_361_jpg,test,1,1,1,0,0
crack500_20160413_113422_1281_721_jpg,train,1,1,1,0,0
crack500_20160413_113422_1921_1081_jpg,train,1,1,1,0,0
crack500_20160413_113422_1921_721_jpg,train,1,4,4,0,0
crack500_20160413_113422_1_1_jpg,test,1,2,2,0,0
crack500_20160413_113422_641_361_jpg,test,1,1,1,0,0
crack500_20160415_191330_1281_721_jpg,test,1,1,1,0,0
crack500_20160415_191330_1921_721_jpg,train,1,1,1,0,0
crack500_20160415_191330_1_721_jpg,test,1,1,1,0,0
crack500_img_2917_1297_485_jpg,train,1,2,2,0,0
crack500_img_2917_1_485_jpg,train,1,1,1,0,0
crack500_img_2917_1_969_jpg,train,1,1,1,0,0
crack500_img_2917_649_485_jpg,val,1,1,1,0,0
crack500_img_2930_1297_969_jpg,train,1,1,1,0,0
crack500_img_2930_1945_969_jpg,train,1,2,2,0,0
crack500_img_2930_1_485_jpg,val,1,2,2,0,0
crack500_img_2930_1_969_jpg,test,1,1,1,0,0
crack500_img_2930_649_969_jpg,train,1,1,1,0,0
crack500_img_2931_649_485_jpg,test,1,2,2,0,0
crack500_img_2931_649_969_jpg,train,1,1,1,0,0
crack500_img_2932_1297_485_jpg,train,1,2,2,0,0
crack500_img_2932_1945_485_jpg,train,1,1,1,0,0
crack500_img_2932_1945_969_jpg,test,1,1,1,0,0
crack500_img_2932_1_969_jpg,test,1,1,1,0,0
crack500_img_2932_649_969_jpg,test,1,1,1,0,0
crack500_img_2933_1297_485_jpg,val,1,1,1,0,0
crack500_img_2933_1945_485_jpg,val,1,1,1,0,0
crack500_img_2933_1_969_jpg,train,1,1,1,0,0
crack500_img_2933_649_485_jpg,val,1,1,1,0,0
crack500_img_2934_1297_969_jpg,val,1,1,1,0,0
crack500_img_2934_1945_485_jpg,test,1,1,1,0,0
crack500_img_2934_1945_969_jpg,train,1,2,2,0,0
crack500_img_2934_1_969_jpg,train,1,1,1,0,0
crack500_img_2935_1297_485_jpg,test,1,1,1,0,0
crack500_img_2935_1297_969_jpg,train,1,1,1,0,0
crack500_img_2935_1945_485_jpg,val,1,1,1,0,0
crack500_img_2935_1945_969_jpg,train,1,2,2,0,0
crack500_img_2935_1_485_jpg,train,1,1,1,0,0
crack500_img_2935_1_969_jpg,train,1,2,2,0,0
crack500_img_2935_649_485_jpg,test,1,1,1,0,0
crack500_img_2936_1297_969_jpg,val,1,2,2,0,0
crack500_img_2936_1945_485_jpg,test,1,1,1,0,0
crack500_img_2936_1945_969_jpg,train,1,2,2,0,0
crack500_img_2936_1_969_jpg,test,1,1,1,0,0
crack500_img_2936_649_969_jpg,test,1,1,1,0,0
crack500_img_2937_1297_485_jpg,val,1,1,1,0,0
crack500_img_2937_1945_969_jpg,test,1,1,1,0,0
crack500_img_2937_1_485_jpg,val,1,1,1,0,0
crack500_img_2937_649_485_jpg,val,1,1,1,0,0
crack500_img_2937_649_969_jpg,train,1,1,1,0,0
crack500_img_2938_1297_1453_jpg,test,1,2,2,0,0
crack500_img_2938_1297_485_jpg,test,1,2,2,0,0
crack500_img_2938_1945_1_jpg,val,1,1,1,0,0
crack500_img_2938_1945_485_jpg,val,1,2,2,0,0
crack500_img_2938_1_969_jpg,test,1,1,1,0,0
crack500_img_2938_649_485_jpg,train,1,3,3,0,0
crack500_img_2938_649_969_jpg,val,1,1,1,0,0
crack500_img_2940_1297_485_jpg,val,1,2,2,0,0
crack500_img_2940_1945_485_jpg,train,1,2,2,0,0
crack500_img_2940_1_969_jpg,val,1,1,1,0,0
crack500_img_2940_649_485_jpg,train,1,1,1,0,0
crack500_img_2941_1297_485_jpg,train,1,1,1,0,0
crack500_img_2941_1297_969_jpg,test,1,1,1,0,0
crack500_img_2941_1945_485_jpg,val,1,1,1,0,0
crack500_img_2941_1_485_jpg,train,1,2,2,0,0
crack500_img_2941_1_969_jpg,train,1,1,1,0,0
crack500_img_2941_649_969_jpg,val,1,1,1,0,0
crack500_img_2942_1297_485_jpg,test,1,2,2,0,0
crack500_img_2942_1945_485_jpg,test,1,3,3,0,0
crack500_img_2942_1_485_jpg,test,1,1,1,0,0
cracktree200_6193_jpg,test,1,7,7,0,0
cracktree200_6199_jpg,test,1,3,3,0,0
cracktree200_6202_jpg,train,1,3,3,0,0
cracktree200_6205_jpg,train,1,3,3,0,0
cracktree200_6207_jpg,val,1,1,1,0,0
cracktree200_6209_jpg,test,1,5,5,0,0
cracktree200_6211_jpg,train,1,3,3,0,0
cracktree200_6213_jpg,train,1,5,5,0,0
cracktree200_6214_jpg,test,1,1,1,0,0
cracktree200_6217_jpg,test,1,3,3,0,0
cracktree200_6219_jpg,test,1,3,3,0,0
cracktree200_6224_jpg,val,1,2,2,0,0
cracktree200_6231_jpg,test,1,2,2,0,0
cracktree200_6237_jpg,test,1,3,3,0,0
cracktree200_6251_jpg,train,1,2,2,0,0
cracktree200_6257_jpg,train,1,3,3,0,0
cracktree200_6263_jpg,train,1,2,2,0,0
cracktree200_6273_jpg,test,1,1,1,0,0
cracktree200_6274_jpg,val,1,3,3,0,0
cracktree200_6275_jpg,test,1,1,1,0,0
cracktree200_6279_jpg,val,1,4,4,0,0
cracktree200_6282_jpg,train,1,9,9,0,0
cracktree200_6283_jpg,test,1,6,6,0,0
cracktree200_6284_jpg,train,1,5,5,0,0
cracktree200_6286_jpg,val,1,4,4,0,0
cracktree200_6288_jpg,train,1,2,2,0,0
cracktree200_6292_jpg,val,1,6,6,0,0
cracktree200_6302_jpg,val,1,2,2,0,0
cracktree200_6303_jpg,train,1,2,2,0,0
cracktree200_6306_jpg,train,1,1,1,0,0
cracktree200_6307_jpg,test,1,3,3,0,0
cracktree200_6308_jpg,val,1,2,2,0,0
cracktree200_6309_jpg,test,1,1,1,0,0
cracktree200_6311_jpg,train,1,1,1,0,0
cracktree200_6312_jpg,train,1,1,1,0,0
cracktree200_6313_jpg,train,1,4,4,0,0
cracktree200_6314_jpg,test,1,8,8,0,0
cracktree200_6315_jpg,test,1,4,4,0,0
cracktree200_6316_jpg,test,1,5,5,0,0
cracktree200_6317_jpg,test,1,5,5,0,0
cracktree200_6319_jpg,train,1,5,5,0,0
cracktree200_6322_jpg,test,1,8,8,0,0
cracktree200_6323_jpg,test,1,3,3,0,0
cracktree200_6324_jpg,test,1,4,0,4,0
cracktree200_6325_jpg,test,1,7,7,0,0
cracktree200_6326_jpg,train,1,1,1,0,0
cracktree200_6331_jpg,train,1,3,0,3,0
cracktree200_6333_jpg,train,1,2,2,0,0
cracktree200_6335_jpg,test,1,3,3,0,0
cracktree200_6336_jpg,val,1,3,3,0,0
cracktree200_6344_jpg,train,1,2,2,0,0
cracktree200_6349_jpg,test,1,4,4,0,0
cracktree200_6353_jpg,train,1,1,1,0,0
cracktree200_6355_jpg,train,1,4,4,0,0
cracktree200_6356_jpg,test,1,4,4,0,0
cracktree200_6357_jpg,train,1,2,2,0,0
cracktree200_6358_jpg,train,1,1,1,0,0
cracktree200_6581_jpg,val,1,3,3,0,0
cracktree200_6583_jpg,test,1,2,2,0,0
cracktree200_6584_jpg,test,1,5,5,0,0
cracktree200_6592_jpg,test,1,2,2,0,0
cracktree200_6596_jpg,test,1,2,2,0,0
cracktree200_6599_jpg,train,1,5,5,0,0
cracktree200_6601_jpg,train,1,2,2,0,0
cracktree200_6609_jpg,train,1,3,3,0,0
cracktree200_6616_jpg,test,1,1,1,0,0
cracktree200_6619_jpg,train,1,2,2,0,0
cracktree200_6620_jpg,train,1,2,2,0,0
cracktree200_6626_jpg,test,1,4,4,0,0
cracktree200_6633_jpg,val,1,1,1,0,0
cracktree200_6637_jpg,train,1,2,2,0,0
cracktree200_6638_jpg,train,1,2,2,0,0
cracktree200_6641_jpg,train,1,4,4,0,0
cracktree200_6653_jpg,test,1,2,2,0,0
cracktree200_6654_jpg,test,1,3,3,0,0
cracktree200_6655_jpg,val,1,3,3,0,0
cracktree200_6659_jpg,test,1,2,2,0,0
cracktree200_6664_jpg,train,1,2,2,0,0
cracktree200_6675_jpg,train,1,3,3,0,0
cracktree200_6682_jpg,train,1,1,1,0,0
cracktree200_6684_jpg,test,1,2,2,0,0
cracktree200_6706_jpg,train,1,2,2,0,0
cracktree200_6707_jpg,val,1,2,2,0,0
cracktree200_6708_jpg,train,1,5,5,0,0
cracktree200_6709_jpg,train,1,1,1,0,0
cracktree200_6712_jpg,test,1,5,5,0,0
cracktree200_6713_jpg,test,1,5,5,0,0
cracktree200_6714_jpg,val,1,3,3,0,0
cracktree200_6715_jpg,test,1,2,2,0,0
cracktree200_6716_jpg,train,1,6,6,0,0
cracktree200_6717_jpg,val,1,3,3,0,0
cracktree200_6718_jpg,train,1,1,1,0,0
cracktree200_6719_jpg,test,1,2,2,0,0
cracktree200_6720_jpg,val,1,2,2,0,0
cracktree200_6721_jpg,val,1,2,2,0,0
cracktree200_6723_jpg,val,1,3,3,0,0
cracktree200_6724_jpg,train,1,6,6,0,0
cracktree200_6725_jpg,test,1,5,5,0,0
cracktree200_6726_jpg,test,1,3,3,0,0
cracktree200_6727_jpg,val,1,3,3,0,0
cracktree200_6728_jpg,train,1,4,4,0,0
cracktree200_6730_jpg,test,1,1,1,0,0
cracktree200_6731_jpg,train,1,4,4,0,0
cracktree200_6732_jpg,train,1,2,2,0,0
cracktree200_6733_jpg,val,1,2,2,0,0
cracktree200_6740_jpg,train,1,1,1,0,0
cracktree200_6741_jpg,test,1,2,2,0,0
cracktree200_6749_jpg,test,1,1,1,0,0
cracktree200_6750_jpg,train,1,8,8,0,0
cracktree200_6753_jpg,test,1,2,2,0,0
cracktree200_6754_jpg,train,1,5,5,0,0
cracktree200_6779_jpg,test,1,9,9,0,0
deepcrack_11111_jpg,val,1,2,2,0,0
deepcrack_11115_jpg,train,1,2,2,0,0
deepcrack_11116-1_jpg,train,1,2,2,0,0
deepcrack_11116-4_jpg,val,1,2,2,0,0
deepcrack_11116_jpg,val,1,2,2,0,0
deepcrack_11119_jpg,test,1,1,1,0,0
deepcrack_11120_jpg,test,1,1,1,0,0
deepcrack_111212-1_jpg,train,1,1,1,0,0
deepcrack_11122-1_jpg,test,1,3,3,0,0
deepcrack_11122-2_jpg,val,1,2,2,0,0
deepcrack_11122-3_jpg,test,1,2,2,0,0
deepcrack_11122-4_jpg,test,1,2,2,0,0
deepcrack_11122-5_jpg,test,1,4,4,0,0
deepcrack_11123-1_jpg,test,1,2,2,0,0
deepcrack_11123-4_jpg,test,1,3,3,0,0
deepcrack_11123-5_jpg,train,1,4,4,0,0
deepcrack_11124_jpg,train,1,1,1,0,0
deepcrack_11125-2_jpg,test,1,5,5,0,0
deepcrack_11126_jpg,train,1,2,2,0,0
deepcrack_11129_jpg,train,1,1,1,0,0
deepcrack_11130_jpg,train,1,1,1,0,0
deepcrack_11131_jpg,test,1,1,1,0,0
deepcrack_11132_jpg,train,1,1,1,0,0
deepcrack_11133_jpg,test,1,1,1,0,0
deepcrack_11140-1_jpg,val,1,3,3,0,0
deepcrack_11140-6_jpg,train,1,1,1,0,0
deepcrack_11140_jpg,test,1,2,2,0,0
deepcrack_11141-1_jpg,val,1,1,1,0,0
deepcrack_11141-2_jpg,test,1,1,1,0,0
deepcrack_11141-3_jpg,train,1,1,1,0,0
deepcrack_11141-4_jpg,test,1,2,2,0,0
deepcrack_11141_jpg,test,1,2,2,0,0
deepcrack_11143_jpg,test,1,1,1,0,0
deepcrack_11144_jpg,val,1,2,2,0,0
deepcrack_11148_jpg,test,1,1,1,0,0
deepcrack_11149_jpg,test,1,2,2,0,0
deepcrack_11150_jpg,val,1,2,2,0,0
deepcrack_11151-1_jpg,test,1,1,1,0,0
deepcrack_11151-3_jpg,train,1,1,1,0,0
deepcrack_11151-4_jpg,train,1,1,1,0,0
deepcrack_11151_jpg,train,1,2,2,0,0
deepcrack_11152_jpg,test,1,2,2,0,0
deepcrack_11154_jpg,test,1,2,2,0,0
deepcrack_11155-2_jpg,train,1,1,1,0,0
deepcrack_11155-3_jpg,train,1,1,1,0,0
deepcrack_11155-4_jpg,train,1,1,1,0,0
deepcrack_11156-2_jpg,train,1,1,1,0,0
deepcrack_11156_jpg,train,1,1,1,0,0
deepcrack_11157-1_jpg,test,1,1,1,0,0
deepcrack_11157_jpg,train,1,1,1,0,0
deepcrack_11158_jpg,train,1,1,1,0,0
deepcrack_11159_jpg,test,1,1,1,0,0
deepcrack_11162-1_jpg,val,1,1,1,0,0
deepcrack_11162-2_jpg,val,1,1,1,0,0
deepcrack_11162-3_jpg,test,1,2,2,0,0
deepcrack_11162-4_jpg,test,1,1,1,0,0
deepcrack_11162_jpg,train,1,1,1,0,0
deepcrack_11163_jpg,test,1,1,1,0,0
deepcrack_11165-1_jpg,val,1,1,1,0,0
deepcrack_11166-1_jpg,test,1,1,1,0,0
deepcrack_11166-2_jpg,test,1,1,1,0,0
deepcrack_11166_jpg,test,1,1,1,0,0
deepcrack_11167-1_jpg,test,1,3,3,0,0
deepcrack_11167-2_jpg,val,1,3,3,0,0
deepcrack_11167_jpg,val,1,3,3,0,0
deepcrack_11168-2_jpg,test,1,1,1,0,0
deepcrack_11168_jpg,test,1,1,1,0,0
deepcrack_11169-1_jpg,val,1,1,1,0,0
deepcrack_11169-2_jpg,val,1,1,1,0,0
deepcrack_11170-1_jpg,train,1,1,1,0,0
deepcrack_11170-2_jpg,test,1,1,1,0,0
deepcrack_11170_jpg,test,1,1,1,0,0
deepcrack_11171_jpg,val,1,1,1,0,0
deepcrack_11174_jpg,val,1,5,5,0,0
deepcrack_11175-1_jpg,val,1,1,1,0,0
deepcrack_11175-2_jpg,test,1,1,1,0,0
deepcrack_11175-3_jpg,train,1,1,1,0,0
deepcrack_11175_jpg,val,1,1,1,0,0
deepcrack_11176_jpg,train,1,1,1,0,0
deepcrack_11179-1_jpg,train,1,1,1,0,0
deepcrack_11179-2_jpg,train,1,1,1,0,0
deepcrack_11179-3_jpg,train,1,1,1,0,0
deepcrack_11179-4_jpg,test,1,1,1,0,0
deepcrack_11179-5_jpg,test,1,1,1,0,0
deepcrack_11179_jpg,test,1,1,1,0,0
deepcrack_11181_jpg,test,1,2,2,0,0
deepcrack_11182-1_jpg,val,1,1,1,0,0
deepcrack_11182-2_jpg,train,1,1,1,0,0
deepcrack_11183_jpg,test,1,1,1,0,0
deepcrack_11184-2_jpg,train,1,3,3,0,0
deepcrack_11184_jpg,train,1,3,3,0,0
deepcrack_11185-1_jpg,val,1,1,1,0,0
deepcrack_11185_jpg,test,1,1,1,0,0
deepcrack_11186_jpg,train,1,1,1,0,0
deepcrack_11187-1_jpg,train,1,2,2,0,0
deepcrack_11187-2_jpg,val,1,2,2,0,0
deepcrack_11187-3_jpg,test,1,1,1,0,0
deepcrack_11187-4_jpg,train,1,1,1,0,0
deepcrack_11187-5_jpg,val,1,1,1,0,0
deepcrack_11187_jpg,train,1,1,1,0,0
deepcrack_11189-1_jpg,train,1,1,1,0,0
deepcrack_11189-2_jpg,test,1,1,1,0,0
deepcrack_11189_jpg,test,1,1,1,0,0
deepcrack_11190-1_jpg,train,1,1,1,0,0
deepcrack_11190-2_jpg,val,1,1,1,0,0
deepcrack_11190-3_jpg,train,1,1,1,0,0
deepcrack_11190-4_jpg,test,1,1,1,0,0
deepcrack_11190-5_jpg,test,1,1,1,0,0
deepcrack_11190-6_jpg,test,1,1,1,0,0
deepcrack_11192-1_jpg,test,1,1,1,0,0
deepcrack_11192-2_jpg,val,1,1,1,0,0
deepcrack_11192_jpg,train,1,1,1,0,0
deepcrack_11193-1_jpg,train,1,1,1,0,0
deepcrack_11193-2_jpg,train,1,1,1,0,0
deepcrack_11193_jpg,train,1,1,1,0,0
deepcrack_11194_jpg,test,1,1,1,0,0
deepcrack_11196_jpg,test,1,2,2,0,0
deepcrack_11197-1_jpg,val,1,1,1,0,0
deepcrack_11197-3_jpg,test,1,4,4,0,0
deepcrack_11198_jpg,train,1,4,4,0,0
deepcrack_11200-1_jpg,val,1,2,2,0,0
deepcrack_11200-2_jpg,test,1,3,3,0,0
deepcrack_11202_jpg,test,1,1,1,0,0
deepcrack_11203_jpg,train,1,1,1,0,0
deepcrack_11215-1_jpg,train,1,2,2,0,0
deepcrack_11215-8_jpg,val,1,2,2,0,0
deepcrack_11215-9_jpg,train,1,1,1,0,0
deepcrack_11216_jpg,test,1,1,1,0,0
deepcrack_11217_jpg,train,1,2,2,0,0
deepcrack_11218-1_jpg,train,1,1,1,0,0
deepcrack_11218-2_jpg,val,1,1,1,0,0
deepcrack_11220-1_jpg,test,1,2,2,0,0
deepcrack_11222-1_jpg,train,1,1,1,0,0
deepcrack_11222-2_jpg,train,1,1,1,0,0
deepcrack_11222-3_jpg,test,1,4,4,0,0
deepcrack_11231-1_jpg,test,1,1,1,0,0
deepcrack_11231-5_jpg,val,1,3,3,0,0
deepcrack_11231-6_jpg,test,1,2,2,0,0
deepcrack_11231-7_jpg,test,1,2,2,0,0
deepcrack_11231-9_jpg,test,1,2,2,0,0
deepcrack_11236-2_jpg,test,1,2,2,0,0
deepcrack_11236-3_jpg,train,1,2,2,0,0
deepcrack_11236-5_jpg,test,1,1,1,0,0
deepcrack_11236-6_jpg,test,1,1,1,0,0
deepcrack_11236-7_jpg,test,1,1,1,0,0
deepcrack_11239-1_jpg,test,1,1,1,0,0
deepcrack_11239-2_jpg,test,1,2,2,0,0
deepcrack_11239-3_jpg,test,1,1,1,0,0
deepcrack_11240-11_jpg,val,1,3,3,0,0
deepcrack_11240-12_jpg,train,1,3,3,0,0
deepcrack_11240-1_jpg,train,1,3,3,0,0
deepcrack_11240-2_jpg,test,1,3,3,0,0
deepcrack_11240-3_jpg,val,1,1,1,0,0
deepcrack_11240-4_jpg,train,1,1,1,0,0
deepcrack_11240-5_jpg,test,1,4,4,0,0
deepcrack_11240-7_jpg,train,1,3,3,0,0
deepcrack_11240-9_jpg,train,1,2,2,0,0
deepcrack_11247-10_jpg,test,1,1,1,0,0
deepcrack_11247-1_jpg,val,1,2,2,0,0
deepcrack_11247-3_jpg,train,1,2,2,0,0
deepcrack_11247-4_jpg,test,1,2,2,0,0
deepcrack_11247-5_jpg,train,1,3,3,0,0
deepcrack_11247-6_jpg,test,1,2,2,0,0
deepcrack_11247-7_jpg,val,1,2,2,0,0
deepcrack_11247-8_jpg,test,1,2,2,0,0
deepcrack_11247-9_jpg,train,1,3,3,0,0
deepcrack_11248-1_jpg,val,1,1,1,0,0
deepcrack_11248-2_jpg,test,1,1,1,0,0
deepcrack_11248-3_jpg,train,1,1,1,0,0
deepcrack_11249-1_jpg,test,1,1,1,0,0
deepcrack_11249-2_jpg,test,1,1,1,0,0
deepcrack_11249-3_jpg,test,1,1,1,0,0
deepcrack_11249-5_jpg,train,1,1,1,0,0
deepcrack_11249-6_jpg,train,1,1,1,0,0
deepcrack_11249-8_jpg,test,1,1,1,0,0
deepcrack_11258-1_jpg,test,1,1,1,0,0
deepcrack_11258-2_jpg,train,1,2,2,0,0
deepcrack_11266-1_jpg,test,1,1,1,0,0
deepcrack_11266-2_jpg,test,1,1,1,0,0
deepcrack_11266-4_jpg,test,1,1,1,0,0
deepcrack_11266-5_jpg,train,1,1,1,0,0
deepcrack_11269-3_jpg,train,1,1,1,0,0
deepcrack_11269-4_jpg,val,1,1,1,0,0
deepcrack_11269-5_jpg,val,1,1,1,0,0
deepcrack_11269-6_jpg,train,1,1,1,0,0
deepcrack_11270-1_jpg,val,1,1,1,0,0
deepcrack_11271-1_jpg,val,1,1,1,0,0
deepcrack_11271-3_jpg,test,1,1,1,0,0
deepcrack_11271-4_jpg,train,1,1,1,0,0
deepcrack_11271-6_jpg,val,1,1,1,0,0
deepcrack_11275-1_jpg,train,1,1,1,0,0
deepcrack_11275-2_jpg,train,1,1,1,0,0
deepcrack_11275-3_jpg,test,1,1,1,0,0
deepcrack_11276-1_jpg,test,1,3,3,0,0
deepcrack_11284-1_jpg,val,1,1,1,0,0
deepcrack_11286-1_jpg,train,1,1,1,0,0
deepcrack_11286-3_jpg,test,1,1,1,0,0
deepcrack_11289-10_jpg,val,1,1,1,0,0
deepcrack_11289-11_jpg,val,1,1,1,0,0
deepcrack_11289-1_jpg,train,1,1,1,0,0
deepcrack_11289-2_jpg,val,1,1,1,0,0
deepcrack_11289-3_jpg,val,1,1,1,0,0
deepcrack_11289-4_jpg,train,1,1,1,0,0
deepcrack_11289-5_jpg,val,1,1,1,0,0
deepcrack_11289-7_jpg,test,1,1,1,0,0
deepcrack_11289-8_jpg,val,1,1,1,0,0
deepcrack_11295_jpg,train,1,2,2,0,0
deepcrack_11296-10_jpg,train,1,5,5,0,0
deepcrack_11296-12_jpg,test,1,1,1,0,0
deepcrack_11296-13_jpg,train,1,3,3,0,0
deepcrack_11296-14_jpg,val,1,4,4,0,0
deepcrack_11296-15_jpg,test,1,5,5,0,0
deepcrack_11296-16_jpg,test,1,2,2,0,0
deepcrack_11296-17_jpg,train,1,4,4,0,0
deepcrack_11296-20_jpg,val,1,1,1,0,0
deepcrack_11296-21_jpg,train,1,1,1,0,0
deepcrack_11296-23_jpg,val,1,1,1,0,0
deepcrack_11296-2_jpg,test,1,1,1,0,0
deepcrack_11296-3_jpg,train,1,2,2,0,0
deepcrack_11296-6_jpg,val,1,1,1,0,0
deepcrack_11296-8_jpg,val,1,4,4,0,0
deepcrack_11300_jpg,test,1,1,1,0,0
deepcrack_11301-1_jpg,train,1,1,1,0,0
deepcrack_11301-2_jpg,train,1,1,1,0,0
deepcrack_11301-3_jpg,val,1,1,1,0,0
deepcrack_11301-4_jpg,train,1,1,1,0,0
deepcrack_11301-5_jpg,train,1,1,1,0,0
deepcrack_11302-1_jpg,test,1,1,1,0,0
deepcrack_11302-2_jpg,train,1,1,1,0,0
deepcrack_11305-1_jpg,test,1,1,1,0,0
deepcrack_11305-2_jpg,test,1,1,1,0,0
deepcrack_11308-1_jpg,test,1,2,2,0,0
deepcrack_11308-2_jpg,test,1,2,2,0,0
deepcrack_11309-1_jpg,train,1,2,2,0,0
deepcrack_7q3a9060-10_jpg,val,1,1,1,0,0
deepcrack_7q3a9060-11_jpg,train,1,2,2,0,0
deepcrack_7q3a9060-12_jpg,train,1,1,1,0,0
deepcrack_7q3a9060-13_jpg,val,1,2,2,0,0
deepcrack_7q3a9060-14_jpg,test,1,1,1,0,0
deepcrack_7q3a9060-15_jpg,test,1,3,3,0,0
deepcrack_7q3a9060-16_jpg,test,1,2,2,0,0
deepcrack_7q3a9060-17_jpg,val,1,1,1,0,0
deepcrack_7q3a9060-18_jpg,train,1,1,1,0,0
deepcrack_7q3a9060-19_jpg,val,1,1,1,0,0
deepcrack_7q3a9060-1_jpg,train,1,1,1,0,0
deepcrack_7q3a9060-20_jpg,val,1,2,2,0,0
deepcrack_7q3a9060-2_jpg,val,1,1,1,0,0
deepcrack_7q3a9060-4_jpg,test,1,2,2,0,0
deepcrack_7q3a9060-5_jpg,train,1,1,1,0,0
deepcrack_7q3a9060-6_jpg,val,1,1,1,0,0
deepcrack_7q3a9060-7_jpg,train,1,1,1,0,0
deepcrack_7q3a9060-8_jpg,train,1,1,1,0,0
deepcrack_7q3a9064-10_jpg,test,1,1,1,0,0
deepcrack_7q3a9064-11_jpg,train,1,2,2,0,0
deepcrack_7q3a9064-13_jpg,val,1,2,2,0,0
deepcrack_7q3a9064-14_jpg,test,1,1,1,0,0
deepcrack_7q3a9064-15_jpg,train,1,1,1,0,0
deepcrack_7q3a9064-16_jpg,test,1,1,1,0,0
deepcrack_7q3a9064-18_jpg,val,1,1,1,0,0
deepcrack_7q3a9064-1_jpg,train,1,2,2,0,0
deepcrack_7q3a9064-2_jpg,val,1,1,1,0,0
deepcrack_7q3a9064-3_jpg,train,1,1,1,0,0
deepcrack_7q3a9064-4_jpg,train,1,2,2,0,0
deepcrack_7q3a9064-5_jpg,test,1,2,2,0,0
deepcrack_7q3a9064-6_jpg,train,1,3,3,0,0
deepcrack_7q3a9064-7_jpg,train,1,2,2,0,0
deepcrack_7q3a9064-8_jpg,test,1,1,1,0,0
deepcrack_7q3a9064-9_jpg,train,1,1,1,0,0
deepcrack_img108_jpg,test,1,4,4,0,0
deepcrack_img11-1_jpg,val,1,1,1,0,0
deepcrack_img11-2_jpg,val,1,1,1,0,0
deepcrack_img11-3_jpg,train,1,1,1,0,0
deepcrack_img11-4_jpg,train,1,1,1,0,0
deepcrack_img11-5_jpg,train,1,1,1,0,0
deepcrack_img12-2_jpg,test,1,1,1,0,0
deepcrack_img12_jpg,test,1,2,2,0,0
deepcrack_img13-1_jpg,val,1,4,4,0,0
deepcrack_img13-2_jpg,test,1,3,3,0,0
deepcrack_img13-3_jpg,val,1,2,2,0,0
deepcrack_img13-4_jpg,train,1,2,2,0,0
deepcrack_img13-5_jpg,train,1,2,2,0,0
deepcrack_img13-6_jpg,test,1,1,1,0,0
deepcrack_img13-7_jpg,val,1,1,1,0,0
deepcrack_img136_jpg,test,1,3,3,0,0
deepcrack_img14-2_jpg,test,1,3,3,0,0
deepcrack_img14-4_jpg,train,1,3,3,0,0
deepcrack_img24-1_jpg,test,1,3,3,0,0
deepcrack_img24-2_jpg,test,1,4,4,0,0
deepcrack_img24-3_jpg,train,1,2,2,0,0
deepcrack_img25-10_jpg,test,1,1,1,0,0
deepcrack_img25-1_jpg,test,1,1,1,0,0
deepcrack_img25-2_jpg,train,1,1,1,0,0
deepcrack_img25-3_jpg,test,1,1,1,0,0
deepcrack_img25-4_jpg,train,1,1,1,0,0
deepcrack_img25-5_jpg,test,1,1,1,0,0
deepcrack_img25-7_jpg,test,1,1,1,0,0
deepcrack_img25-8_jpg,val,1,3,3,0,0
deepcrack_img25-9_jpg,train,1,2,2,0,0
deepcrack_img27-10_jpg,test,1,1,1,0,0
deepcrack_img27-11_jpg,test,1,2,2,0,0
deepcrack_img27-12_jpg,test,1,3,3,0,0
deepcrack_img27-13_jpg,train,1,4,4,0,0
deepcrack_img27-1_jpg,test,1,7,7,0,0
deepcrack_img27-2_jpg,train,1,8,8,0,0
deepcrack_img27-4_jpg,train,1,1,1,0,0
deepcrack_img27-5_jpg,test,1,1,1,0,0
deepcrack_img27-6_jpg,train,1,1,1,0,0
deepcrack_img33-10_jpg,train,1,3,3,0,0
deepcrack_img33-11_jpg,test,1,2,2,0,0
deepcrack_img33-13_jpg,test,1,3,3,0,0
deepcrack_img33-14_jpg,val,1,2,2,0,0
deepcrack_img33-15_jpg,test,1,2,2,0,0
deepcrack_img33-17_jpg,train,1,1,1,0,0
deepcrack_img33-18_jpg,test,1,1,1,0,0
deepcrack_img33-1_jpg,train,1,3,3,0,0
deepcrack_img33-2_jpg,test,1,3,3,0,0
deepcrack_img33-3_jpg,train,1,2,2,0,0
deepcrack_img33-4_jpg,train,1,2,2,0,0
deepcrack_img33-5_jpg,test,1,2,2,0,0
deepcrack_img33-7_jpg,test,1,1,1,0,0
deepcrack_img33-8_jpg,train,1,1,1,0,0
deepcrack_img36-1_jpg,test,1,1,1,0,0
deepcrack_img36-3_jpg,train,1,1,1,0,0
deepcrack_img39-1_jpg,train,1,6,6,0,0
deepcrack_img39-2_jpg,train,1,2,2,0,0
deepcrack_img49_jpg,test,1,1,1,0,0
deepcrack_img56_jpg,train,1,1,1,0,0
deepcrack_img5_jpg,train,1,2,2,0,0
deepcrack_img6-1_jpg,val,1,4,4,0,0
deepcrack_img6-2_jpg,train,1,3,3,0,0
deepcrack_img74_jpg,test,1,1,1,0,0
deepcrack_img88_jpg,test,1,3,3,0,0
deepcrack_img_5776-1_jpg,train,1,1,1,0,0
deepcrack_img_5776-2_jpg,test,1,1,1,0,0
deepcrack_img_5778-1_jpg,val,1,1,1,0,0
deepcrack_img_6469-1_jpg,train,1,3,3,0,0
deepcrack_img_6469-3_jpg,test,1,1,1,0,0
deepcrack_img_6469-5_jpg,train,1,1,1,0,0
deepcrack_img_6469-6_jpg,val,1,1,1,0,0
deepcrack_img_6469-7_jpg,test,1,1,1,0,0
deepcrack_img_6472-2_jpg,train,1,2,2,0,0
deepcrack_img_6472-3_jpg,train,1,3,3,0,0
deepcrack_img_6472-4_jpg,train,1,1,1,0,0
deepcrack_img_6472-5_jpg,train,1,1,1,0,0
deepcrack_img_6472-6_jpg,test,1,1,1,0,0
deepcrack_img_6472-7_jpg,test,1,1,1,0,0
deepcrack_img_6472-8_jpg,test,1,2,2,0,0
deepcrack_img_6514-1_jpg,val,1,4,4,0,0
deepcrack_img_6514-2_jpg,train,1,4,4,0,0
deepcrack_img_6516-2_jpg,train,1,2,2,0,0
deepcrack_img_6516-3_jpg,val,1,5,5,0,0
deepcrack_img_6516-4_jpg,train,1,5,5,0,0
deepcrack_img_6522-3_jpg,test,1,7,7,0,0
deepcrack_img_6526-1_jpg,train,1,2,2,0,0
deepcrack_img_6526-2_jpg,val,1,3,3,0,0
deepcrack_img_6526-3_jpg,val,1,4,4,0,0
deepcrack_img_6526-4_jpg,train,1,4,4,0,0
deepcrack_img_6528-1_jpg,train,1,2,2,0,0
deepcrack_img_6528-3_jpg,train,1,3,3,0,0
deepcrack_img_6533-3_jpg,train,1,3,3,0,0
deepcrack_img_6536-1_jpg,test,1,4,4,0,0
deepcrack_img_6536-2_jpg,train,1,3,3,0,0
deepcrack_img_6536-3_jpg,test,1,1,1,0,0
deepcrack_img_6536-4_jpg,test,1,1,1,0,0
deepcrack_img_6536-5_jpg,train,1,1,1,0,0
deepcrack_img_6536-6_jpg,test,1,3,3,0,0
deepcrack_img_6536-7_jpg,train,1,3,3,0,0
deepcrack_img_6537-2_jpg,test,1,2,2,0,0
deepcrack_img_6537-3_jpg,train,1,1,1,0,0
deepcrack_img_6537-4_jpg,val,1,2,2,0,0
deepcrack_img_6537-5_jpg,train,1,3,3,0,0
deepcrack_img_6538-1_jpg,test,1,3,3,0,0
deepcrack_img_6538-3_jpg,test,1,1,1,0,0
deepcrack_img_6542-2_jpg,train,1,1,1,0,0
deepcrack_img_6542-3_jpg,train,1,1,1,0,0
deepcrack_img_6542-4_jpg,test,1,1,1,0,0
deepcrack_img_6542-5_jpg,train,1,1,1,0,0
deepcrack_img_6542-7_jpg,train,1,1,1,0,0
deepcrack_img_6544-1_jpg,val,1,1,1,0,0
deepcrack_img_6544-2_jpg,val,1,1,1,0,0
deepcrack_img_6544-3_jpg,train,1,1,1,0,0
deepcrack_img_6544-4_jpg,train,1,1,1,0,0
eugen_muller_4470_0_0_1054_1067_jpg,val,1,1,1,0,0
eugen_muller_4470_122_206_490_473_jpg,test,1,1,1,0,0
eugen_muller_4470_141_152_742_562_jpg,val,1,1,1,0,0
eugen_muller_4470_187_362_517_460_jpg,train,1,1,1,0,0
eugen_muller_4470_189_279_746_787_jpg,val,1,1,1,0,0
eugen_muller_4470_28_183_611_648_jpg,test,1,1,1,0,0
eugen_muller_4470_320_74_620_759_jpg,train,1,1,1,0,0
eugen_muller_4470_4_166_1022_773_jpg,train,1,1,1,0,0
eugen_muller_4470_69_222_863_844_jpg,test,1,1,1,0,0
eugen_muller_4470_86_187_742_868_jpg,val,1,1,1,0,0
eugen_muller_7723_158_44_344_377_jpg,train,1,1,1,0,0
eugen_muller_7723_168_21_377_318_jpg,train,1,1,1,0,0
eugen_muller_7723_20_8_481_384_jpg,train,1,1,1,0,0
eugen_muller_7723_281_38_304_312_jpg,train,1,1,1,0,0
eugen_muller_7723_292_12_418_388_jpg,train,1,1,1,0,0
eugen_muller_7723_302_22_306_361_jpg,test,1,1,1,0,0
eugen_muller_7723_337_14_262_258_jpg,val,1,1,1,0,0
eugen_muller_7723_382_146_299_267_jpg,test,1,1,1,0,0
eugen_muller_7723_75_2_409_349_jpg,train,1,1,1,0,0
eugen_muller_7723_81_52_433_365_jpg,train,1,1,1,0,0
eugen_muller_8980_0_0_539_926_jpg,val,1,4,4,0,0
eugen_muller_8980_0_344_500_476_jpg,train,1,4,4,0,0
eugen_muller_8980_106_98_404_440_jpg,test,1,4,4,0,0
eugen_muller_8980_108_230_428_446_jpg,train,1,4,4,0,0
eugen_muller_8980_120_364_366_415_jpg,train,1,3,3,0,0
eugen_muller_8980_1_205_465_503_jpg,val,1,2,2,0,0
eugen_muller_8980_22_409_412_497_jpg,test,1,2,2,0,0
eugen_muller_8980_44_364_409_315_jpg,train,1,2,2,0,0
eugen_muller_8980_57_254_430_493_jpg,train,1,4,4,0,0
eugen_muller_8980_93_267_366_368_jpg,test,1,3,3,0,0
eugen_muller_8980a_0_0_871_928_jpg,val,1,6,6,0,0
eugen_muller_8980a_100_47_665_631_jpg,val,1,9,9,0,0
eugen_muller_8980a_112_65_611_618_jpg,test,1,6,6,0,0
eugen_muller_8980a_160_194_558_577_jpg,train,1,4,4,0,0
eugen_muller_8980a_180_143_640_574_jpg,train,1,7,7,0,0
eugen_muller_8980a_27_352_649_567_jpg,test,1,3,3,0,0
eugen_muller_8980a_311_269_505_487_jpg,train,1,5,5,0,0
eugen_muller_8980a_59_177_557_687_jpg,train,1,4,4,0,0
eugen_muller_8980a_61_149_679_563_jpg,train,1,6,6,0,0
eugen_muller_9360_0_0_1042_1175_jpg,val,1,2,2,0,0
eugen_muller_9360_0_17_780_665_jpg,train,1,2,2,0,0
eugen_muller_9360_143_192_656_776_jpg,test,1,2,2,0,0
eugen_muller_9360_149_443_672_554_jpg,test,1,1,1,0,0
eugen_muller_9360_281_434_580_729_jpg,val,1,1,1,0,0
eugen_muller_9360_300_116_719_613_jpg,test,1,1,1,0,0
eugen_muller_9360_38_198_495_557_jpg,train,1,2,2,0,0
eugen_muller_9360_40_76_967_755_jpg,train,1,2,2,0,0
forest_080_jpg,train,1,2,2,0,0
gaps384_test_0005_1_1_jpg,test,1,2,2,0,0
gaps384_test_0005_541_1_jpg,train,1,1,1,0,0
gaps384_test_0006_1_641_jpg,test,1,1,1,0,0
gaps384_test_0016_1_641_jpg,test,1,1,1,0,0
gaps384_test_0028_541_1_jpg,test,1,1,1,0,0
gaps384_test_0033_541_1_jpg,test,1,1,1,0,0
gaps384_test_0033_541_641_jpg,test,1,1,1,0,0
gaps384_test_0034_541_1_jpg,test,1,1,1,0,0
gaps384_test_0034_541_641_jpg,test,1,1,1,0,0
gaps384_test_0039_541_1_jpg,val,1,1,1,0,0
gaps384_test_0040_541_641_jpg,train,1,1,1,0,0
gaps384_test_0041_541_1_jpg,train,1,2,2,0,0
gaps384_test_0041_541_641_jpg,test,1,1,1,0,0
gaps384_test_0042_1_1_jpg,train,1,2,2,0,0
gaps384_test_0042_541_641_jpg,train,1,1,1,0,0
gaps384_test_0058_541_1_jpg,train,1,3,3,0,0
gaps384_test_0192_541_1_jpg,test,1,1,1,0,0
gaps384_test_0192_541_641_jpg,val,1,3,3,0,0
gaps384_test_0193_541_641_jpg,test,1,1,1,0,0
gaps384_test_0203_541_641_jpg,test,1,1,1,0,0
gaps384_test_0251_1_1_jpg,test,1,1,1,0,0
gaps384_test_0251_541_1_jpg,test,1,2,2,0,0
gaps384_test_0252_1_641_jpg,train,1,2,2,0,0
gaps384_test_0252_541_641_jpg,test,1,2,2,0,0
gaps384_test_0274_1_1_jpg,test,1,1,1,0,0
gaps384_test_0275_1_641_jpg,test,1,1,1,0,0
gaps384_test_0275_541_641_jpg,test,1,2,2,0,0
gaps384_test_0278_1_641_jpg,val,1,1,1,0,0
gaps384_test_0363_1_1_jpg,test,1,1,1,0,0
gaps384_test_0363_541_1_jpg,val,1,1,1,0,0
gaps384_train_0178_1_1_jpg,val,1,1,1,0,0
gaps384_train_0178_541_641_jpg,test,1,1,1,0,0
gaps384_train_0420_1_1_jpg,train,1,1,1,0,0
gaps384_train_0420_1_641_jpg,test,1,1,1,0,0
gaps384_train_0421_1_1_jpg,train,1,1,1,0,0
gaps384_train_0421_1_641_jpg,test,1,1,1,0,0
gaps384_train_0422_1_1_jpg,test,1,2,2,0,0
gaps384_train_0422_1_641_jpg,test,1,1,1,0,0
gaps384_train_0423_1_641_jpg,test,1,1,1,0,0
gaps384_train_0440_1_1_jpg,train,1,2,2,0,0
gaps384_train_0447_541_1_jpg,train,1,1,1,0,0
gaps384_train_0447_541_641_jpg,val,1,2,2,0,0
gaps384_train_0448_541_1_jpg,test,1,2,2,0,0
gaps384_train_0448_541_641_jpg,train,1,1,1,0,0
gaps384_train_0450_541_1_jpg,train,1,1,1,0,0
gaps384_train_0451_541_1_jpg,train,1,1,1,0,0
gaps384_train_0451_541_641_jpg,test,1,1,1,0,0
gaps384_train_0454_541_1_jpg,test,1,2,2,0,0
gaps384_train_0455_541_641_jpg,test,1,2,2,0,0
gaps384_train_0470_541_1_jpg,val,1,1,1,0,0
gaps384_train_0470_541_641_jpg,test,1,2,2,0,0
gaps384_train_0472_541_1_jpg,test,1,1,1,0,0
gaps384_train_0472_541_641_jpg,train,1,1,1,0,0
gaps384_train_0482_541_1_jpg,val,1,1,1,0,0
gaps384_train_0482_541_641_jpg,train,1,1,1,0,0
gaps384_train_0506_541_1_jpg,test,1,4,4,0,0
gaps384_train_0506_541_641_jpg,test,1,4,4,0,0
gaps384_train_0507_541_641_jpg,train,1,3,3,0,0
gaps384_train_0513_541_1_jpg,test,1,3,3,0,0
gaps384_train_0514_541_641_jpg,train,1,2,2,0,0
gaps384_train_0515_541_1_jpg,train,1,1,1,0,0
gaps384_train_0515_541_641_jpg,test,1,1,1,0,0
gaps384_train_0516_541_1_jpg,test,1,3,3,0,0
gaps384_train_0525_541_1_jpg,train,1,2,2,0,0
gaps384_train_0525_541_641_jpg,train,1,6,6,0,0
gaps384_train_0528_541_1_jpg,test,1,4,4,0,0
gaps384_train_0532_541_641_jpg,val,1,1,1,0,0
gaps384_train_0534_541_1_jpg,test,1,1,1,0,0
gaps384_train_0535_541_641_jpg,test,1,1,1,0,0
gaps384_train_0536_541_641_jpg,train,1,1,1,0,0
gaps384_train_0540_1_1_jpg,train,1,2,2,0,0
gaps384_train_0540_1_641_jpg,test,1,1,1,0,0
gaps384_train_0540_541_641_jpg,test,1,2,2,0,0
gaps384_train_0541_1_1_jpg,val,1,4,4,0,0
gaps384_train_0541_1_641_jpg,train,1,3,3,0,0
gaps384_train_0541_541_1_jpg,test,1,1,1,0,0
gaps384_train_0542_1_1_jpg,test,1,2,2,0,0
gaps384_train_0543_1_1_jpg,val,1,1,1,0,0
gaps384_train_0543_1_641_jpg,train,1,4,4,0,0
gaps384_train_0544_1_1_jpg,test,1,2,2,0,0
gaps384_train_0544_1_641_jpg,train,1,1,1,0,0
gaps384_train_0544_541_641_jpg,train,1,1,1,0,0
gaps384_train_0545_1_1_jpg,val,1,2,2,0,0
gaps384_train_0545_1_641_jpg,test,1,2,2,0,0
gaps384_train_0545_541_1_jpg,test,1,2,2,0,0
gaps384_train_0546_1_1_jpg,train,1,1,1,0,0
gaps384_train_0546_1_641_jpg,train,1,2,2,0,0
gaps384_train_0546_541_641_jpg,train,1,2,2,0,0
gaps384_train_0547_541_641_jpg,test,1,1,1,0,0
gaps384_train_0549_541_1_jpg,val,1,2,2,0,0
gaps384_train_0549_541_641_jpg,train,1,3,3,0,0
gaps384_train_0550_541_1_jpg,val,1,4,4,0,0
gaps384_train_0550_541_641_jpg,test,1,2,2,0,0
gaps384_train_0551_1_1_jpg,test,1,1,1,0,0
gaps384_train_0551_541_1_jpg,train,1,1,1,0,0
gaps384_train_0551_541_641_jpg,test,1,4,4,0,0
gaps384_train_0552_541_1_jpg,train,1,4,4,0,0
gaps384_train_0552_541_641_jpg,test,1,2,2,0,0
gaps384_train_0554_1_641_jpg,val,1,1,1,0,0
gaps384_train_0554_541_1_jpg,train,1,3,3,0,0
gaps384_train_0554_541_641_jpg,test,1,3,3,0,0
gaps384_train_0556_541_1_jpg,val,1,1,1,0,0
gaps384_train_0557_541_1_jpg,test,1,1,1,0,0
gaps384_train_0557_541_641_jpg,train,1,1,1,0,0
gaps384_train_0558_541_1_jpg,train,1,1,1,0,0
gaps384_train_0558_541_641_jpg,train,1,2,2,0,0
gaps384_train_0559_541_1_jpg,train,1,1,1,0,0
gaps384_train_0560_541_1_jpg,val,1,2,2,0,0
gaps384_train_0561_541_641_jpg,test,1,1,1,0,0
gaps384_train_0567_541_1_jpg,train,1,1,1,0,0
gaps384_train_0568_541_641_jpg,test,1,1,1,0,0
gaps384_train_0570_541_1_jpg,test,1,4,4,0,0
gaps384_train_0571_541_641_jpg,train,1,4,4,0,0
gaps384_train_0573_1_1_jpg,train,1,1,1,0,0
gaps384_train_0574_1_1_jpg,test,1,1,1,0,0
gaps384_train_0575_1_1_jpg,val,1,1,1,0,0
gaps384_train_0575_1_641_jpg,test,1,1,1,0,0
gaps384_train_0576_1_1_jpg,test,1,2,2,0,0
gaps384_train_0576_1_641_jpg,test,1,1,1,0,0
gaps384_train_0578_541_1_jpg,test,1,1,1,0,0
gaps384_train_0579_541_1_jpg,train,1,1,1,0,0
gaps384_train_0579_541_641_jpg,val,1,1,1,0,0
gaps384_train_0580_541_1_jpg,train,1,1,1,0,0
gaps384_train_0580_541_641_jpg,val,1,1,1,0,0
gaps384_train_0581_541_1_jpg,val,1,1,1,0,0
gaps384_train_0582_541_641_jpg,val,1,1,1,0,0
gaps384_train_0584_541_1_jpg,train,1,1,1,0,0
gaps384_train_0584_541_641_jpg,train,1,1,1,0,0
gaps384_train_0585_541_641_jpg,train,1,2,2,0,0
gaps384_train_0589_1_641_jpg,val,1,3,3,0,0
gaps384_train_0590_1_1_jpg,val,1,3,3,0,0
gaps384_train_0592_1_1_jpg,train,1,1,1,0,0
gaps384_train_0592_1_641_jpg,train,1,3,3,0,0
gaps384_train_0593_1_1_jpg,train,1,3,3,0,0
gaps384_train_0593_1_641_jpg,val,1,3,3,0,0
gaps384_train_0594_1_1_jpg,test,1,2,2,0,0
gaps384_train_0594_1_641_jpg,train,1,1,1,0,0
gaps384_train_0595_1_1_jpg,train,1,3,3,0,0
gaps384_train_0595_1_641_jpg,test,1,3,3,0,0
gaps384_train_0597_1_641_jpg,train,1,2,2,0,0
gaps384_train_0598_1_1_jpg,train,1,3,3,0,0
gaps384_train_0598_1_641_jpg,train,1,2,2,0,0
gaps384_train_0599_1_641_jpg,train,1,3,3,0,0
gaps384_train_0602_541_1_jpg,train,1,1,1,0,0
gaps384_train_0602_541_641_jpg,test,1,1,1,0,0
gaps384_train_0603_541_1_jpg,train,1,2,2,0,0
gaps384_train_0604_541_1_jpg,test,1,3,3,0,0
gaps384_train_0604_541_641_jpg,train,1,2,2,0,0
gaps384_train_0605_541_1_jpg,val,1,3,3,0,0
gaps384_train_0606_541_1_jpg,train,1,7,7,0,0
gaps384_train_0606_541_641_jpg,train,1,4,4,0,0
gaps384_train_0607_541_1_jpg,test,1,1,1,0,0
gaps384_train_0608_541_1_jpg,train,1,4,4,0,0
gaps384_train_0609_1_641_jpg,train,1,3,3,0,0
gaps384_train_0610_541_1_jpg,train,1,1,1,0,0
gaps384_train_0611_541_1_jpg,test,1,1,1,0,0
gaps384_train_0611_541_641_jpg,train,1,2,2,0,0
gaps384_train_0612_1_1_jpg,train,1,1,1,0,0
gaps384_train_0612_541_641_jpg,train,1,1,1,0,0
gaps384_train_0613_1_641_jpg,val,1,1,1,0,0
gaps384_train_0620_541_1_jpg,val,1,1,1,0,0
gaps384_train_0621_1_1_jpg,test,1,2,2,0,0
gaps384_train_0621_541_1_jpg,test,1,5,5,0,0
gaps384_train_0621_541_641_jpg,test,1,2,2,0,0
gaps384_train_0622_1_1_jpg,val,1,4,4,0,0
gaps384_train_0622_541_641_jpg,test,1,1,1,0,0
gaps384_train_0623_1_641_jpg,train,1,3,3,0,0
gaps384_train_0623_541_1_jpg,test,1,3,3,0,0
gaps384_train_0623_541_641_jpg,test,1,3,3,0,0
gaps384_train_0636_541_641_jpg,test,1,4,4,0,0
gaps384_train_0642_1_1_jpg,train,1,7,7,0,0
gaps384_train_0642_1_641_jpg,test,1,3,3,0,0
gaps384_train_0643_1_641_jpg,test,1,3,3,0,0
gaps384_train_0645_1_1_jpg,test,1,5,5,0,0
gaps384_train_0645_1_641_jpg,train,1,3,3,0,0
gaps384_train_0649_541_641_jpg,test,1,2,2,0,0
gaps384_train_0653_541_1_jpg,train,1,2,2,0,0
gaps384_train_0660_1_1_jpg,test,1,2,2,0,0
gaps384_train_0660_1_641_jpg,test,1,2,2,0,0
gaps384_train_0661_1_1_jpg,train,1,2,2,0,0
gaps384_train_0661_1_641_jpg,train,1,3,3,0,0
gaps384_train_0662_1_1_jpg,test,1,2,2,0,0
gaps384_train_0662_1_641_jpg,train,1,2,2,0,0
gaps384_train_0665_1_1_jpg,val,1,4,4,0,0
gaps384_train_0666_1_1_jpg,train,1,4,4,0,0
gaps384_train_0666_1_641_jpg,train,1,1,1,0,0
gaps384_train_0667_1_641_jpg,train,1,1,1,0,0
gaps384_train_0670_541_641_jpg,test,1,1,1,0,0
gaps384_train_0672_541_1_jpg,train,1,3,3,0,0
gaps384_train_0673_541_1_jpg,train,1,2,2,0,0
gaps384_train_0673_541_641_jpg,val,1,2,2,0,0
gaps384_train_0678_541_1_jpg,test,1,1,1,0,0
gaps384_train_0679_541_1_jpg,test,1,3,3,0,0
gaps384_train_0679_541_641_jpg,test,1,2,2,0,0
gaps384_train_0680_541_1_jpg,test,1,2,2,0,0
gaps384_train_0681_541_1_jpg,train,1,4,4,0,0
gaps384_train_0682_541_1_jpg,test,1,3,3,0,0
gaps384_train_0682_541_641_jpg,test,1,1,1,0,0
gaps384_train_0683_541_1_jpg,train,1,4,4,0,0
gaps384_train_0683_541_641_jpg,train,1,2,2,0,0
gaps384_train_0684_541_1_jpg,train,1,4,4,0,0
gaps384_train_0684_541_641_jpg,train,1,5,5,0,0
gaps384_train_0685_541_1_jpg,test,1,4,4,0,0
gaps384_train_0685_541_641_jpg,train,1,6,6,0,0
gaps384_train_0686_541_1_jpg,train,1,6,6,0,0
gaps384_train_0686_541_641_jpg,val,1,4,4,0,0
gaps384_train_0687_541_1_jpg,val,1,5,5,0,0
gaps384_train_0687_541_641_jpg,test,1,5,5,0,0
gaps384_train_0688_541_1_jpg,val,1,1,1,0,0
gaps384_train_0688_541_641_jpg,train,1,2,2,0,0
gaps384_train_0689_541_1_jpg,test,1,4,4,0,0
gaps384_train_0689_541_641_jpg,train,1,1,1,0,0
gaps384_train_0690_541_641_jpg,test,1,5,5,0,0
gaps384_train_0691_1_1_jpg,train,1,2,2,0,0
gaps384_train_0691_1_641_jpg,test,1,2,2,0,0
gaps384_train_0691_541_1_jpg,train,1,1,1,0,0
gaps384_train_0691_541_641_jpg,train,1,1,1,0,0
gaps384_train_0692_1_1_jpg,test,1,3,3,0,0
gaps384_train_0692_1_641_jpg,train,1,4,4,0,0
gaps384_train_0692_541_1_jpg,test,1,2,2,0,0
gaps384_train_0692_541_641_jpg,train,1,1,1,0,0
gaps384_train_0693_1_1_jpg,val,1,4,4,0,0
gaps384_train_0693_1_641_jpg,val,1,2,2,0,0
gaps384_train_0693_541_1_jpg,test,1,2,2,0,0
gaps384_train_0693_541_641_jpg,test,1,2,2,0,0
gaps384_train_0694_1_1_jpg,train,1,2,2,0,0
gaps384_train_0694_1_641_jpg,train,1,2,2,0,0
gaps384_train_0694_541_1_jpg,val,1,1,1,0,0
gaps384_train_0694_541_641_jpg,test,1,2,2,0,0
gaps384_train_0695_1_1_jpg,test,1,1,1,0,0
gaps384_train_0695_1_641_jpg,test,1,5,5,0,0
gaps384_train_0695_541_641_jpg,train,1,1,1,0,0
gaps384_train_0696_1_641_jpg,test,1,1,1,0,0
gaps384_train_0696_541_1_jpg,test,1,1,1,0,0
gaps384_train_0696_541_641_jpg,test,1,1,1,0,0
gaps384_train_0697_1_1_jpg,train,1,1,1,0,0
gaps384_train_0698_1_1_jpg,val,1,1,1,0,0
gaps384_train_0699_1_1_jpg,test,1,2,2,0,0
gaps384_train_0699_1_641_jpg,test,1,1,1,0,0
gaps384_train_0700_1_641_jpg,test,1,2,2,0,0
gaps384_train_0700_541_1_jpg,train,1,1,1,0,0
gaps384_train_0700_541_641_jpg,train,1,2,2,0,0
gaps384_train_0701_1_641_jpg,test,1,1,1,0,0
gaps384_train_0701_541_1_jpg,val,1,2,2,0,0
gaps384_train_0701_541_641_jpg,test,1,1,1,0,0
gaps384_train_0761_541_1_jpg,train,1,2,2,0,0
gaps384_train_0762_541_641_jpg,train,1,1,1,0,0
gaps384_train_0763_541_1_jpg,test,1,1,1,0,0
gaps384_train_0764_541_1_jpg,test,1,1,1,0,0
gaps384_train_0764_541_641_jpg,test,1,1,1,0,0
gaps384_train_0765_541_1_jpg,test,1,2,2,0,0
gaps384_train_0765_541_641_jpg,val,1,1,1,0,0
gaps384_train_0766_541_1_jpg,val,1,1,1,0,0
gaps384_train_0766_541_641_jpg,train,1,1,1,0,0
gaps384_train_0767_541_1_jpg,val,1,1,1,0,0
gaps384_train_0767_541_641_jpg,val,1,1,1,0,0
gaps384_train_0776_1_1_jpg,val,1,1,1,0,0
gaps384_train_0809_541_641_jpg,test,1,2,2,0,0
gaps384_train_0896_541_1_jpg,train,1,3,3,0,0
gaps384_train_0908_541_1_jpg,test,1,2,2,0,0
gaps384_train_0908_541_641_jpg,train,1,2,2,0,0
gaps384_train_0917_1_1_jpg,test,1,2,2,0,0
gaps384_train_0917_1_641_jpg,val,1,2,2,0,0
gaps384_train_0922_1_1_jpg,train,1,4,4,0,0
gaps384_train_0935_541_1_jpg,test,1,2,2,0,0
gaps384_train_0936_541_1_jpg,test,1,2,2,0,0
gaps384_train_0936_541_641_jpg,test,1,3,3,0,0
gaps384_train_0942_1_1_jpg,test,1,1,1,0,0
gaps384_train_0942_1_641_jpg,val,1,1,1,0,0
gaps384_train_0950_1_1_jpg,test,1,1,1,0,0
gaps384_train_0951_1_641_jpg,train,1,1,1,0,0
gaps384_train_0952_1_1_jpg,train,1,2,2,0,0
gaps384_train_0953_1_1_jpg,train,1,1,1,0,0
gaps384_train_0960_1_1_jpg,test,1,1,1,0,0
gaps384_train_0960_1_641_jpg,test,1,1,1,0,0
gaps384_train_0961_1_641_jpg,val,1,2,2,0,0
gaps384_train_0986_1_1_jpg,test,1,1,1,0,0
gaps384_train_0986_541_1_jpg,test,1,1,1,0,0
gaps384_train_0987_1_641_jpg,train,1,3,3,0,0
gaps384_train_0987_541_641_jpg,test,1,1,1,0,0
gaps384_train_0988_541_641_jpg,test,1,1,1,0,0
gaps384_train_0995_1_1_jpg,test,1,2,2,0,0
gaps384_train_0996_1_1_jpg,val,1,1,1,0,0
gaps384_train_0997_1_1_jpg,train,1,1,1,0,0
gaps384_train_0998_1_641_jpg,train,1,1,1,0,0
gaps384_train_1009_541_1_jpg,train,1,1,1,0,0
gaps384_train_1009_541_641_jpg,train,1,1,1,0,0
gaps384_train_1012_1_1_jpg,val,1,2,2,0,0
gaps384_train_1013_1_1_jpg,val,1,2,2,0,0
gaps384_train_1013_1_641_jpg,test,1,1,1,0,0
gaps384_train_1014_1_1_jpg,test,1,2,2,0,0
gaps384_train_1014_1_641_jpg,train,1,1,1,0,0
gaps384_train_1015_1_1_jpg,train,1,1,1,0,0
gaps384_train_1016_1_1_jpg,test,1,1,1,0,0
gaps384_train_1016_1_641_jpg,val,1,2,2,0,0
gaps384_train_1017_1_641_jpg,test,1,2,2,0,0
gaps384_train_1018_1_1_jpg,test,1,1,1,0,0
gaps384_train_1018_541_1_jpg,train,1,1,1,0,0
gaps384_train_1019_1_641_jpg,train,1,2,2,0,0
gaps384_train_1022_1_1_jpg,val,1,2,2,0,0
gaps384_train_1022_541_1_jpg,test,1,1,1,0,0
gaps384_train_1023_541_1_jpg,train,1,2,2,0,0
gaps384_train_1026_1_1_jpg,train,1,1,1,0,0
gaps384_train_1026_541_1_jpg,val,1,1,1,0,0
gaps384_train_1027_1_1_jpg,train,1,2,2,0,0
gaps384_train_1030_1_1_jpg,val,1,1,1,0,0
gaps384_train_1048_1_641_jpg,test,1,1,1,0,0
gaps384_train_1053_1_1_jpg,test,1,1,1,0,0
gaps384_train_1053_1_641_jpg,test,1,1,1,0,0
gaps384_train_1055_1_1_jpg,test,1,1,1,0,0
gaps384_train_1055_1_641_jpg,val,1,1,1,0,0
gaps384_train_1078_541_1_jpg,test,1,1,1,0,0
gaps384_train_1085_541_641_jpg,test,1,1,1,0,0
gaps384_train_1086_541_1_jpg,val,1,1,1,0,0
gaps384_train_1091_1_1_jpg,test,1,1,1,0,0
gaps384_train_1092_541_1_jpg,test,1,2,2,0,0
gaps384_train_1092_541_641_jpg,test,1,1,1,0,0
gaps384_train_1110_541_1_jpg,test,1,1,1,0,0
gaps384_train_1111_541_1_jpg,val,1,1,1,0,0
gaps384_train_1111_541_641_jpg,train,1,1,1,0,0
gaps384_train_1117_1_641_jpg,test,1,1,1,0,0
gaps384_train_1120_1_641_jpg,test,1,1,1,0,0
gaps384_train_1123_541_1_jpg,train,1,1,1,0,0
gaps384_train_1124_541_641_jpg,train,1,1,1,0,0
gaps384_train_1125_541_1_jpg,train,1,1,1,0,0
gaps384_train_1125_541_641_jpg,test,1,1,1,0,0
gaps384_train_1127_541_1_jpg,test,1,1,1,0,0
gaps384_train_1127_541_641_jpg,test,1,2,2,0,0
gaps384_train_1140_541_1_jpg,val,1,2,2,0,0
gaps384_train_1140_541_641_jpg,val,1,1,1,0,0
gaps384_train_1161_541_1_jpg,train,1,3,3,0,0
gaps384_train_1162_541_1_jpg,test,1,1,1,0,0
gaps384_train_1162_541_641_jpg,train,1,2,2,0,0
gaps384_train_1163_541_1_jpg,test,1,1,1,0,0
gaps384_train_1164_541_1_jpg,train,1,1,1,0,0
gaps384_train_1165_541_1_jpg,val,1,1,1,0,0
gaps384_train_1165_541_641_jpg,train,1,1,1,0,0
gaps384_train_1166_541_1_jpg,test,1,3,3,0,0
gaps384_train_1166_541_641_jpg,train,1,1,1,0,0
gaps384_train_1167_541_1_jpg,test,1,1,1,0,0
gaps384_train_1167_541_641_jpg,test,1,2,2,0,0
gaps384_train_1168_541_1_jpg,test,1,1,1,0,0
gaps384_train_1168_541_641_jpg,test,1,1,1,0,0
gaps384_train_1169_541_1_jpg,train,1,1,1,0,0
gaps384_train_1169_541_641_jpg,test,1,1,1,0,0
gaps384_train_1170_541_1_jpg,val,1,1,1,0,0
gaps384_train_1170_541_641_jpg,train,1,1,1,0,0
gaps384_train_1171_541_1_jpg,test,1,1,1,0,0
gaps384_train_1172_541_1_jpg,test,1,1,1,0,0
gaps384_train_1174_541_1_jpg,train,1,2,2,0,0
gaps384_train_1174_541_641_jpg,test,1,1,1,0,0
gaps384_train_1175_541_1_jpg,test,1,1,1,0,0
gaps384_train_1175_541_641_jpg,test,1,1,1,0,0
gaps384_train_1176_541_1_jpg,train,1,1,1,0,0
gaps384_train_1176_541_641_jpg,val,1,1,1,0,0
gaps384_train_1177_541_1_jpg,test,1,2,2,0,0
gaps384_train_1178_541_641_jpg,train,1,1,1,0,0
gaps384_train_1179_541_1_jpg,train,1,1,1,0,0
gaps384_train_1180_541_1_jpg,train,1,2,2,0,0
gaps384_train_1180_541_641_jpg,train,1,1,1,0,0
gaps384_train_1181_541_1_jpg,test,1,1,1,0,0
gaps384_train_1181_541_641_jpg,val,1,1,1,0,0
gaps384_train_1182_541_1_jpg,test,1,1,1,0,0
gaps384_train_1182_541_641_jpg,test,1,1,1,0,0
gaps384_train_1190_1_1_jpg,val,1,3,3,0,0
gaps384_train_1190_1_641_jpg,train,1,2,2,0,0
gaps384_train_1201_1_1_jpg,test,1,1,1,0,0
gaps384_train_1226_1_1_jpg,test,1,1,1,0,0
gaps384_train_1226_541_1_jpg,test,1,1,1,0,0
gaps384_train_1227_541_641_jpg,train,1,1,1,0,0
gaps384_train_1230_1_1_jpg,val,1,1,1,0,0
gaps384_train_1238_541_1_jpg,train,1,1,1,0,0
gaps384_train_1238_541_641_jpg,train,1,1,1,0,0
gaps384_train_1241_1_1_jpg,train,1,2,2,0,0
gaps384_train_1241_541_1_jpg,test,1,2,2,0,0
gaps384_train_1242_541_641_jpg,test,1,1,1,0,0
gaps384_train_1246_541_1_jpg,test,1,2,2,0,0
gaps384_train_1247_541_641_jpg,val,1,1,1,0,0
gaps384_train_1248_1_1_jpg,train,1,2,2,0,0
gaps384_train_1248_1_641_jpg,train,1,3,3,0,0
gaps384_train_1248_541_641_jpg,val,1,3,3,0,0
gaps384_train_1281_541_641_jpg,train,1,2,2,0,0
gaps384_train_1283_541_1_jpg,train,1,2,2,0,0
gaps384_train_1284_541_1_jpg,test,1,1,1,0,0
gaps384_train_1301_1_1_jpg,test,1,6,6,0,0
gaps384_train_1301_541_1_jpg,val,1,6,6,0,0
gaps384_train_1302_541_641_jpg,test,1,4,4,0,0
gaps384_train_1304_1_1_jpg,test,1,4,4,0,0
gaps384_train_1304_541_1_jpg,test,1,1,1,0,0
gaps384_train_1305_541_641_jpg,val,1,4,4,0,0
gaps384_train_1319_1_1_jpg,val,1,1,1,0,0
gaps384_train_1319_1_641_jpg,train,1,2,2,0,0
gaps384_train_1319_541_641_jpg,val,1,1,1,0,0
gaps384_train_1320_1_1_jpg,train,1,1,1,0,0
gaps384_train_1321_1_641_jpg,train,1,1,1,0,0
gaps384_train_1324_1_641_jpg,train,1,2,2,0,0
gaps384_train_1324_541_641_jpg,val,1,1,1,0,0
gaps384_train_1336_541_641_jpg,train,1,1,1,0,0
gaps384_train_1337_1_1_jpg,test,1,2,2,0,0
gaps384_train_1337_541_1_jpg,train,1,1,1,0,0
gaps384_train_1345_1_1_jpg,val,1,1,1,0,0
gaps384_train_1345_1_641_jpg,test,1,4,4,0,0
gaps384_train_1345_541_1_jpg,val,1,5,5,0,0
gaps384_train_1345_541_641_jpg,train,1,3,3,0,0
gaps384_train_1347_1_1_jpg,val,1,3,3,0,0
gaps384_train_1347_1_641_jpg,train,1,3,3,0,0
gaps384_train_1348_1_1_jpg,test,1,4,4,0,0
gaps384_train_1348_541_1_jpg,train,1,2,2,0,0
gaps384_train_1361_541_1_jpg,train,1,2,2,0,0
gaps384_train_1362_1_1_jpg,test,1,1,1,0,0
gaps384_train_1362_541_1_jpg,test,1,2,2,0,0
gaps384_train_1364_1_1_jpg,train,1,1,1,0,0
gaps384_train_1365_1_1_jpg,test,1,2,2,0,0
gaps384_train_1365_1_641_jpg,train,1,1,1,0,0
gaps384_train_1366_1_641_jpg,train,1,3,3,0,0
gaps384_train_1370_1_1_jpg,test,1,2,2,0,0
gaps384_train_1370_541_1_jpg,test,1,2,2,0,0
gaps384_train_1374_1_641_jpg,val,1,1,1,0,0
gaps384_train_1374_541_641_jpg,train,1,3,3,0,0
gaps384_train_1375_541_1_jpg,train,1,1,1,0,0
gaps384_train_1380_1_1_jpg,train,1,1,1,0,0
gaps384_train_1381_1_1_jpg,test,1,1,1,0,0
gaps384_train_1386_1_641_jpg,test,1,2,2,0,0
gaps384_train_1386_541_641_jpg,train,1,3,3,0,0
gaps384_train_1389_1_1_jpg,val,1,7,7,0,0
gaps384_train_1389_541_1_jpg,train,1,2,2,0,0
gaps384_train_1403_1_1_jpg,val,1,2,2,0,0
gaps384_train_1403_1_641_jpg,train,1,2,2,0,0
gaps384_train_1403_541_1_jpg,train,1,3,3,0,0
gaps384_valid_0005_1_641_jpg,test,1,1,1,0,0
gaps384_valid_0005_541_641_jpg,train,1,3,3,0,0
gaps384_valid_0009_1_1_jpg,val,1,2,2,0,0
gaps384_valid_0016_1_1_jpg,train,1,1,1,0,0
img-103_jpg,train,3,3,0,3,0
img-106_jpg,train,3,6,0,6,0
img-107_jpg,train,3,3,0,3,0
img-109_jpg,train,1,3,0,3,0
img-110_jpg,train,3,6,0,6,0
img-112_jpg,train,1,1,0,1,0
img-116_jpg,train,3,5,0,5,0
img-117_jpg,train,3,5,0,5,0
img-11_jpg,train,3,3,0,3,0
img-120_jpg,train,3,3,0,3,0
img-122_jpg,train,1,1,0,1,0
img-123_jpg,train,3,3,0,3,0
img-124_jpg,train,3,11,0,11,0
img-127_jpg,train,3,9,0,9,0
img-128_jpg,train,3,3,0,3,0
img-129_jpg,val,1,2,0,2,0
img-131_jpg,train,1,1,0,1,0
img-133_jpg,train,3,3,0,3,0
img-135_jpg,train,3,9,0,9,0
img-136_jpg,train,3,3,0,3,0
img-139_jpg,train,3,3,0,3,0
img-13_jpg,train,3,6,0,6,0
img-141_jpg,train,1,3,0,3,0
img-142_jpg,test,1,1,0,1,0
img-145_jpg,train,1,1,0,1,0
img-146_jpg,train,3,3,0,3,0
img-152_jpg,train,3,10,0,10,0
img-155_jpg,train,1,3,0,3,0
img-159_jpg,test,1,2,0,2,0
img-160_jpg,train,1,2,0,2,0
img-161_jpg,test,1,1,0,1,0
img-162_jpg,test,1,1,0,1,0
img-163_jpg,train,3,3,0,3,0
img-164_jpg,train,3,3,0,3,0
img-166_jpg,train,3,3,0,3,0
img-167_jpg,train,3,7,0,7,0
img-168_jpg,test,1,1,0,1,0
img-16_jpg,test,1,1,0,1,0
img-171_jpg,train,3,3,0,3,0
img-173_jpg,test,1,2,0,2,0
img-174_jpg,train,3,3,0,3,0
img-176_jpg,val,1,2,0,2,0
img-177_jpg,train,3,3,0,3,0
img-178_jpg,train,3,5,0,5,0
img-179_jpg,train,3,11,0,11,0
img-17_jpg,train,3,6,0,6,0
img-180_jpg,train,3,3,0,3,0
img-181_jpg,train,3,3,0,3,0
img-182_jpg,train,3,3,0,3,0
img-184_jpg,train,3,7,0,7,0
img-185_jpg,train,3,3,0,3,0
img-187_jpg,train,3,3,0,3,0
img-190_jpg,train,3,6,0,6,0
img-191_jpg,train,3,9,0,9,0
img-192_jpg,train,3,3,0,3,0
img-193_jpg,train,3,6,0,6,0
img-195_jpg,train,3,6,0,6,0
img-196_jpg,test,1,3,0,3,0
img-198_jpg,train,3,12,0,12,0
img-19_jpg,train,3,6,0,6,0
img-201_jpg,train,1,1,0,1,0
img-205_jpg,train,3,6,0,6,0
img-206_jpg,train,3,3,0,3,0
img-208_jpg,train,3,9,0,9,0
img-209_jpg,train,1,1,0,1,0
img-20_jpg,train,3,9,0,9,0
img-210_jpg,train,3,3,0,3,0
img-211_jpg,train,3,3,0,3,0
img-212_jpg,train,1,1,0,1,0
img-215_jpg,train,3,3,0,3,0
img-216_jpg,train,3,9,0,9,0
img-220_jpg,train,3,4,0,4,0
img-221_jpg,train,3,6,0,6,0
img-222_jpg,train,1,1,0,1,0
img-224_jpg,test,1,1,0,1,0
img-227_jpg,train,3,6,0,6,0
img-229_jpg,train,3,6,0,6,0
img-22_jpg,train,3,3,0,3,0
img-230_jpg,train,1,3,0,3,0
img-232_jpg,train,3,6,0,6,0
img-233_jpg,train,3,6,0,6,0
img-234_jpg,train,3,3,0,3,0
img-235_jpg,train,3,3,0,3,0
img-238_jpg,train,3,3,0,3,0
img-239_jpg,train,3,3,0,3,0
img-23_jpg,train,3,11,0,11,0
img-242_jpg,train,3,3,0,3,0
img-245_jpg,train,3,6,0,6,0
img-247_jpg,val,1,1,0,1,0
img-248_jpg,test,1,1,0,1,0
img-249_jpg,train,3,3,0,3,0
img-250_jpg,train,3,3,0,3,0
img-251_jpg,train,3,3,0,3,0
img-253_jpg,train,1,1,0,1,0
img-254_jpg,test,1,1,0,1,0
img-255_jpg,train,1,1,0,1,0
img-260_jpg,train,3,3,0,3,0
img-266_jpg,train,3,6,0,6,0
img-267_jpg,train,3,9,0,9,0
img-268_jpg,train,3,3,0,3,0
img-26_jpg,train,3,3,0,3,0
img-273_jpg,train,3,3,0,3,0
img-274_jpg,train,3,9,0,9,0
img-275_jpg,train,3,3,0,3,0
img-276_jpg,train,3,3,0,3,0
img-277_jpg,train,3,3,0,3,0
img-278_jpg,train,3,6,0,6,0
img-279_jpg,train,3,3,0,3,0
img-281_jpg,train,3,3,0,3,0
img-286_jpg,train,3,9,0,9,0
img-288_jpg,train,3,9,0,9,0
img-28_jpg,train,3,6,0,6,0
img-292_jpg,train,3,3,0,3,0
img-293_jpg,train,3,12,0,12,0
img-294_jpg,train,3,10,0,10,0
img-296_jpg,train,3,3,0,3,0
img-29_jpg,train,3,6,0,6,0
img-2_jpg,train,3,9,0,9,0
img-300_jpg,train,3,12,0,12,0
img-301_jpg,train,3,6,0,6,0
img-302_jpg,train,3,3,0,3,0
img-311_jpg,train,3,3,0,3,0
img-316_jpg,train,3,3,0,3,0
img-31_jpg,train,3,3,0,3,0
img-320_jpg,train,3,5,0,5,0
img-326_jpg,train,3,3,0,3,0
img-328_jpg,train,3,10,0,10,0
img-329_jpg,train,3,11,0,11,0
img-32_jpg,train,3,6,0,6,0
img-330_jpg,train,2,4,0,4,0
img-340_jpg,train,3,6,0,6,0
img-343_jpg,train,2,2,0,2,0
img-344_jpg,train,3,12,0,12,0
img-346_jpg,train,3,12,0,12,0
img-352_jpg,train,3,6,0,6,0
img-356_jpg,train,3,3,0,3,0
img-358_jpg,train,2,4,0,4,0
img-35_jpg,train,3,3,0,3,0
img-360_jpg,train,3,18,0,18,0
img-361_jpg,train,3,3,0,3,0
img-362_jpg,train,3,6,0,6,0
img-365_jpg,train,2,6,0,6,0
img-366_jpg,train,3,3,0,3,0
img-368_jpg,train,3,13,0,13,0
img-370_jpg,train,2,2,0,2,0
img-372_jpg,train,2,2,0,2,0
img-373_jpg,train,3,3,0,3,0
img-375_jpg,train,3,6,0,6,0
img-376_jpg,train,3,6,0,6,0
img-377_jpg,train,3,6,0,6,0
img-379_jpg,train,3,3,0,3,0
img-37_jpg,train,2,6,0,6,0
img-380_jpg,train,3,3,0,3,0
img-381_jpg,train,3,3,0,3,0
img-382_jpg,train,3,9,0,9,0
img-383_jpg,train,3,18,0,18,0
img-389_jpg,train,3,15,0,15,0
img-38_jpg,train,3,6,0,6,0
img-392_jpg,train,3,3,0,3,0
img-393_jpg,train,3,6,0,6,0
img-396_jpg,train,3,3,0,3,0
img-399_jpg,train,3,38,0,38,0
img-3_jpg,train,3,3,0,3,0
img-400_jpg,train,3,3,0,3,0
img-401_jpg,val,1,1,0,1,0
img-403_jpg,train,3,3,0,3,0
img-405_jpg,train,3,21,0,21,0
img-409_jpg,train,3,9,0,9,0
img-411_jpg,train,3,36,0,36,0
img-413_jpg,train,3,9,0,9,0
img-415_jpg,train,3,6,0,6,0
img-418_jpg,train,3,10,0,10,0
img-41_jpg,train,3,5,0,5,0
img-421_jpg,train,3,12,0,12,0
img-423_jpg,train,3,3,0,3,0
img-425_jpg,train,3,6,0,6,0
img-426_jpg,train,3,3,0,3,0
img-427_jpg,train,3,3,0,3,0
img-428_jpg,train,3,16,0,16,0
img-42_jpg,train,3,6,0,6,0
img-433_jpg,train,3,6,0,6,0
img-438_jpg,train,3,3,0,3,0
img-441_jpg,train,3,9,0,9,0
img-446_jpg,train,3,21,0,21,0
img-449_jpg,train,3,9,0,9,0
img-44_jpg,train,3,6,0,6,0
img-450_jpg,train,3,3,0,3,0
img-455_jpg,train,3,3,0,3,0
img-460_jpg,train,3,6,0,6,0
img-461_jpg,train,3,3,0,3,0
img-462_jpg,train,3,3,0,3,0
img-466_jpg,train,3,3,0,3,0
img-46_jpg,train,3,3,0,3,0
img-472_jpg,train,3,3,0,3,0
img-473_jpg,train,3,3,0,3,0
img-474_jpg,train,3,9,0,9,0
img-478_jpg,train,3,6,0,6,0
img-479_jpg,train,3,3,0,3,0
img-480_jpg,train,3,8,0,8,0
img-483_jpg,train,3,3,0,3,0
img-484_jpg,train,3,15,0,15,0
img-485_jpg,train,3,3,0,3,0
img-487_jpg,train,2,4,0,4,0
img-488_jpg,train,3,6,0,6,0
img-490_jpg,train,3,9,0,9,0
img-493_jpg,train,3,32,0,32,0
img-496_jpg,train,3,3,0,3,0
img-498_jpg,train,3,15,0,15,0
img-4_jpg,train,3,3,0,3,0
img-501_jpg,train,3,6,0,6,0
img-502_jpg,train,3,13,0,13,0
img-504_jpg,train,3,6,0,6,0
img-505_jpg,train,3,3,0,3,0
img-507_jpg,train,3,16,0,16,0
img-508_jpg,train,3,20,0,20,0
img-50_jpg,train,3,3,0,3,0
img-515_jpg,train,3,3,0,3,0
img-517_jpg,train,3,6,0,6,0
img-518_jpg,train,3,3,0,3,0
img-519_jpg,train,3,20,0,20,0
img-51_jpg,train,3,6,0,6,0
img-521_jpg,train,2,2,0,2,0
img-523_jpg,train,3,6,0,6,0
img-525_jpg,train,3,6,0,6,0
img-527_jpg,train,3,3,0,3,0
img-52_jpg,train,3,6,0,6,0
img-534_jpg,train,3,11,0,11,0
img-538_jpg,train,3,3,0,3,0
img-539_jpg,train,3,9,0,9,0
img-53_jpg,train,3,4,0,4,0
img-541_jpg,train,3,3,0,3,0
img-543_jpg,train,1,2,0,2,0
img-544_jpg,val,1,2,0,2,0
img-550_jpg,train,1,5,0,5,0
img-554_jpg,val,1,6,0,6,0
img-555_jpg,train,1,1,0,1,0
img-556_jpg,test,1,3,0,3,0
img-557_jpg,test,1,1,0,1,0
img-559_jpg,train,1,1,0,1,0
img-566_jpg,train,1,9,0,9,0
img-571_jpg,val,1,7,0,7,0
img-573_jpg,train,1,1,0,1,0
img-574_jpg,train,1,7,0,7,0
img-576_jpg,test,1,2,0,2,0
img-578_jpg,train,1,1,0,1,0
img-580_jpg,test,1,3,0,3,0
img-584_jpg,test,1,1,0,1,0
img-588_jpg,train,1,1,0,1,0
img-591_jpg,test,1,2,0,2,0
img-595_jpg,train,1,11,0,11,0
img-600_jpg,train,1,5,0,5,0
img-611_jpg,val,1,1,0,1,0
img-613_jpg,test,1,3,0,3,0
img-615_jpg,val,1,1,0,1,0
img-619_jpg,test,1,1,0,1,0
img-621_jpg,test,1,4,0,4,0
img-636_jpg,train,1,5,0,5,0
img-638_jpg,train,1,1,0,1,0
img-639_jpg,train,1,1,0,1,0
img-63_jpg,train,1,1,0,1,0
img-641_jpg,test,1,1,0,1,0
img-646_jpg,train,1,1,0,1,0
img-647_jpg,train,1,1,0,1,0
img-648_jpg,train,1,9,0,9,0
img-649_jpg,test,1,1,0,1,0
img-64_jpg,train,1,1,0,1,0
img-650_jpg,val,1,2,0,2,0
img-654_jpg,test,1,2,0,2,0
img-655_jpg,train,1,7,0,7,0
img-656_jpg,test,1,1,0,1,0
img-65_jpg,test,1,1,0,1,0
img-66_jpg,test,1,3,0,3,0
img-67_jpg,train,1,2,0,2,0
img-68_jpg,val,1,2,0,2,0
img-69_jpg,val,1,1,0,1,0
img-71_jpg,test,1,1,0,1,0
img-72_jpg,val,1,1,0,1,0
img-78_jpg,train,1,2,0,2,0
img_1725_jpg_jpg,train,1,1,1,0,0
img_2910_jpg_jpg,train,1,1,1,0,0
img_2911_jpg_jpg,test,1,1,1,0,0
img_2928_jpg_jpg,train,1,1,1,0,0
img_2930_jpg,train,1,1,1,0,0
img_2931_jpg,test,1,1,1,0,0
img_2932_jpg,train,1,1,1,0,0
img_2934_jpg,test,1,1,1,0,0
img_2935_jpg,train,1,1,1,0,0
img_2936_jpg,val,1,1,1,0,0
img_2937_jpg,val,1,1,1,0,0
img_2938_jpg,test,1,3,3,0,0
img_2939_jpg_jpg,test,1,1,1,0,0
img_2940_jpg,train,4,4,4,0,0
img_2941_jpg,train,4,4,4,0,0
img_2942_jpg,train,4,4,4,0,0
img_2944_jpg_jpg,val,1,2,2,0,0
img_5746_jpg_jpg,train,4,4,4,0,0
img_5747_jpg_jpg,train,3,3,3,0,0
img_5749_jpg_jpg,train,3,3,3,0,0
img_5751_jpg_jpg,train,3,3,3,0,0
img_5752_jpg_jpg,train,2,2,2,0,0
img_5758_jpg_jpg,train,3,3,3,0,0
img_5759_jpg_jpg,train,4,4,4,0,0
img_5763_jpg_jpg,train,3,3,3,0,0
img_5764_jpg_jpg,train,3,3,3,0,0
img_5765_jpg_jpg,train,3,6,6,0,0
img_5766_jpg_jpg,train,3,3,3,0,0
img_5767_jpg_jpg,train,3,3,3,0,0
img_5774_jpg_jpg,train,4,4,4,0,0
img_5775_jpg_jpg,train,2,2,2,0,0
img_5776_jpg_jpg,train,3,6,6,0,0
img_5777_jpg_jpg,train,3,6,6,0,0
img_5778_jpg_jpg,train,2,2,2,0,0
img_5779_jpg_jpg,train,1,2,2,0,0
img_5780_jpg_jpg,train,4,4,4,0,0
img_5781_jpg_jpg,train,4,8,8,0,0
img_5782_jpg_jpg,train,3,3,3,0,0
img_5787_jpg_jpg,train,1,2,2,0,0
img_5788_jpg_jpg,train,3,3,3,0,0
img_5791_jpg_jpg,val,1,1,1,0,0
img_6182_jpg_jpg,test,1,1,1,0,0
img_6183_jpg_jpg,train,1,1,1,0,0
noncrack_noncrack_concrete_wall_0_1_jpg,train,1,1,1,0,0
noncrack_noncrack_concrete_wall_0_2_jpg,val,1,1,1,0,0
noncrack_noncrack_concrete_wall_100_0_jpg,test,1,2,2,0,0
noncrack_noncrack_concrete_wall_100_1_jpg,test,1,1,1,0,0
noncrack_noncrack_concrete_wall_100_2_jpg,train,1,1,1,0,0
noncrack_noncrack_concrete_wall_100_3_jpg,test,1,4,4,0,0
noncrack_noncrack_concrete_wall_100_5_jpg,test,1,1,1,0,0
noncrack_noncrack_concrete_wall_101_0_jpg,val,1,1,1,0,0
noncrack_noncrack_concrete_wall_101_10_jpg,test,1,2,2,0,0
noncrack_noncrack_concrete_wall_101_11_jpg,train,1,1,1,0,0
noncrack_noncrack_concrete_wall_101_1_jpg,val,1,2,2,0,0
noncrack_noncrack_concrete_wall_101_3_jpg,train,1,3,3,0,0
noncrack_noncrack_concrete_wall_101_4_jpg,test,1,1,1,0,0
noncrack_noncrack_concrete_wall_101_5_jpg,train,1,1,1,0,0
noncrack_noncrack_concrete_wall_101_6_jpg,val,1,1,1,0,0
noncrack_noncrack_concrete_wall_101_7_jpg,val,1,1,1,0,0
noncrack_noncrack_concrete_wall_102_0_jpg,train,1,1,1,0,0
noncrack_noncrack_concrete_wall_102_1_jpg,train,1,1,1,0,0
noncrack_noncrack_concrete_wall_102_2_jpg,val,1,1,1,0,0
noncrack_noncrack_concrete_wall_102_3_jpg,val,1,1,1,0,0
noncrack_noncrack_concrete_wall_102_4_jpg,train,1,1,1,0,0
noncrack_noncrack_concrete_wall_102_6_jpg,val,1,1,1,0,0
noncrack_noncrack_concrete_wall_102_7_jpg,val,1,1,1,0,0
noncrack_noncrack_concrete_wall_102_8_jpg,val,1,2,2,0,0
noncrack_noncrack_concrete_wall_103_2_jpg,test,1,1,1,0,0
noncrack_noncrack_concrete_wall_103_3_jpg,test,1,1,1,0,0
noncrack_noncrack_concrete_wall_103_4_jpg,test,1,1,1,0,0
noncrack_noncrack_concrete_wall_10_0_jpg,train,1,1,1,0,0
noncrack_noncrack_concrete_wall_10_1_jpg,val,1,0,0,0,1
noncrack_noncrack_concrete_wall_10_2_jpg,val,1,2,2,0,0
noncrack_noncrack_concrete_wall_10_3_jpg,train,1,2,2,0,0
noncrack_noncrack_concrete_wall_10_4_jpg,val,1,1,1,0,0
noncrack_noncrack_concrete_wall_10_5_jpg,val,1,1,1,0,0
noncrack_noncrack_concrete_wall_11_0_jpg,test,1,1,1,0,0
noncrack_noncrack_concrete_wall_11_1_jpg,train,1,1,1,0,0
noncrack_noncrack_concrete_wall_11_2_jpg,val,1,1,1,0,0
noncrack_noncrack_concrete_wall_11_3_jpg,test,1,1,1,0,0
noncrack_noncrack_concrete_wall_11_5_jpg,train,1,3,3,0,0
noncrack_noncrack_concrete_wall_11_6_jpg,test,1,1,1,0,0
noncrack_noncrack_concrete_wall_11_7_jpg,val,1,4,4,0,0
noncrack_noncrack_concrete_wall_11_8_jpg,test,1,1,1,0,0
noncrack_noncrack_concrete_wall_12_0_jpg,test,1,1,1,0,0
noncrack_noncrack_concrete_wall_12_10_jpg,train,1,1,1,0,0
noncrack_noncrack_concrete_wall_12_11_jpg,test,1,1,1,0,0
noncrack_noncrack_concrete_wall_12_1_jpg,test,1,1,1,0,0
noncrack_noncrack_concrete_wall_12_2_jpg,test,1,1,1,0,0
noncrack_noncrack_concrete_wall_12_4_jpg,test,1,1,1,0,0
noncrack_noncrack_concrete_wall_12_5_jpg,train,1,1,1,0,0
noncrack_noncrack_concrete_wall_12_6_jpg,train,1,3,3,0,0
noncrack_noncrack_concrete_wall_12_7_jpg,train,1,2,2,0,0
noncrack_noncrack_concrete_wall_12_8_jpg,test,1,1,1,0,0
noncrack_noncrack_concrete_wall_13_0_jpg,val,1,1,1,0,0
noncrack_noncrack_concrete_wall_13_1_jpg,val,1,1,1,0,0
noncrack_noncrack_concrete_wall_13_3_jpg,test,1,0,0,0,1
noncrack_noncrack_concrete_wall_13_5_jpg,train,1,1,1,0,0
noncrack_noncrack_concrete_wall_13_7_jpg,train,1,1,1,0,0
noncrack_noncrack_concrete_wall_14_0_jpg,test,1,1,1,0,0
noncrack_noncrack_concrete_wall_14_10_jpg,test,1,1,1,0,0
noncrack_noncrack_concrete_wall_14_12_jpg,val,1,1,1,0,0
noncrack_noncrack_concrete_wall_14_13_jpg,test,1,1,1,0,0
noncrack_noncrack_concrete_wall_14_14_jpg,test,1,1,1,0,0
noncrack_noncrack_concrete_wall_14_15_jpg,train,1,2,2,0,0
noncrack_noncrack_concrete_wall_14_16_jpg,test,1,0,0,0,1
noncrack_noncrack_concrete_wall_14_17_jpg,test,1,1,1,0,0
noncrack_noncrack_concrete_wall_14_18_jpg,train,1,4,4,0,0
noncrack_noncrack_concrete_wall_14_19_jpg,val,1,1,1,0,0
noncrack_noncrack_concrete_wall_14_1_jpg,train,1,1,1,0,0
noncrack_noncrack_concrete_wall_14_20_jpg,train,1,1,1,0,0
noncrack_noncrack_concrete_wall_14_21_jpg,train,1,1,1,0,0
noncrack_noncrack_concrete_wall_14_22_jpg,test,1,2,2,0,0
noncrack_noncrack_concrete_wall_14_23_jpg,val,1,2,2,0,0
noncrack_noncrack_concrete_wall_14_24_jpg,train,1,1,1,0,0
noncrack_noncrack_concrete_wall_14_26_jpg,train,1,1,1,0,0
noncrack_noncrack_concrete_wall_14_27_jpg,val,1,1,1,0,0
noncrack_noncrack_concrete_wall_14_28_jpg,val,1,2,2,0,0
noncrack_noncrack_concrete_wall_14_29_jpg,val,1,1,1,0,0
noncrack_noncrack_concrete_wall_14_2_jpg,train,1,3,3,0,0
noncrack_noncrack_concrete_wall_14_30_jpg,train,1,2,2,0,0
noncrack_noncrack_concrete_wall_14_31_jpg,train,1,1,1,0,0
noncrack_noncrack_concrete_wall_14_32_jpg,train,1,0,0,0,1
noncrack_noncrack_concrete_wall_14_33_jpg,test,1,1,1,0,0
noncrack_noncrack_concrete_wall_14_3_jpg,test,1,1,1,0,0
noncrack_noncrack_concrete_wall_14_4_jpg,train,1,1,1,0,0
noncrack_noncrack_concrete_wall_14_5_jpg,test,1,4,4,0,0
noncrack_noncrack_concrete_wall_14_6_jpg,val,1,1,1,0,0
noncrack_noncrack_concrete_wall_14_7_jpg,test,1,1,1,0,0
noncrack_noncrack_concrete_wall_14_8_jpg,test,1,1,1,0,0
noncrack_noncrack_concrete_wall_14_9_jpg,train,1,1,1,0,0
noncrack_noncrack_concrete_wall_15_0_jpg,train,1,3,3,0,0
noncrack_noncrack_concrete_wall_15_1_jpg,train,1,2,2,0,0
noncrack_noncrack_concrete_wall_15_2_jpg,train,1,4,4,0,0
noncrack_noncrack_concrete_wall_15_3_jpg,test,1,1,1,0,0
noncrack_noncrack_concrete_wall_15_4_jpg,train,1,1,1,0,0
noncrack_noncrack_concrete_wall_15_6_jpg,train,1,1,1,0,0
noncrack_noncrack_concrete_wall_15_8_jpg,val,1,0,0,0,1
noncrack_noncrack_concrete_wall_15_9_jpg,test,1,1,1,0,0
noncrack_noncrack_concrete_wall_16_0_jpg,train,1,1,1,0,0
noncrack_noncrack_concrete_wall_16_2_jpg,train,1,1,1,0,0
noncrack_noncrack_concrete_wall_16_3_jpg,train,1,1,1,0,0
noncrack_noncrack_concrete_wall_16_4_jpg,test,1,1,1,0,0
noncrack_noncrack_concrete_wall_16_6_jpg,train,1,1,1,0,0
noncrack_noncrack_concrete_wall_17_0_jpg,val,1,1,1,0,0
noncrack_noncrack_concrete_wall_17_1_jpg,train,1,3,3,0,0
noncrack_noncrack_concrete_wall_17_2_jpg,train,1,1,1,0,0
noncrack_noncrack_concrete_wall_17_3_jpg,test,1,1,1,0,0
noncrack_noncrack_concrete_wall_17_4_jpg,train,1,1,1,0,0
noncrack_noncrack_concrete_wall_18_0_jpg,test,1,1,1,0,0
noncrack_noncrack_concrete_wall_18_10_jpg,test,1,2,2,0,0
noncrack_noncrack_concrete_wall_18_13_jpg,test,1,1,1,0,0
noncrack_noncrack_concrete_wall_18_14_jpg,test,1,3,3,0,0
noncrack_noncrack_concrete_wall_18_15_jpg,train,1,1,1,0,0
noncrack_noncrack_concrete_wall_18_16_jpg,test,1,1,1,0,0
noncrack_noncrack_concrete_wall_18_17_jpg,val,1,1,1,0,0
noncrack_noncrack_concrete_wall_18_20_jpg,test,1,1,1,0,0
noncrack_noncrack_concrete_wall_18_21_jpg,test,1,1,1,0,0
noncrack_noncrack_concrete_wall_18_22_jpg,train,1,1,1,0,0
noncrack_noncrack_concrete_wall_18_23_jpg,train,1,1,1,0,0
noncrack_noncrack_concrete_wall_18_24_jpg,val,1,1,1,0,0
noncrack_noncrack_concrete_wall_18_2_jpg,test,1,1,1,0,0
noncrack_noncrack_concrete_wall_18_4_jpg,test,1,4,4,0,0
noncrack_noncrack_concrete_wall_18_5_jpg,test,1,2,2,0,0
noncrack_noncrack_concrete_wall_18_6_jpg,train,1,1,1,0,0
noncrack_noncrack_concrete_wall_18_7_jpg,val,1,1,1,0,0
noncrack_noncrack_concrete_wall_18_8_jpg,test,1,1,1,0,0
noncrack_noncrack_concrete_wall_19_0_jpg,train,1,1,1,0,0
noncrack_noncrack_concrete_wall_19_10_jpg,test,1,1,1,0,0
noncrack_noncrack_concrete_wall_19_11_jpg,val,1,1,1,0,0
noncrack_noncrack_concrete_wall_19_12_jpg,test,1,1,1,0,0
noncrack_noncrack_concrete_wall_19_2_jpg,test,1,1,1,0,0
noncrack_noncrack_concrete_wall_19_4_jpg,train,1,3,3,0,0
noncrack_noncrack_concrete_wall_19_5_jpg,test,1,1,1,0,0
noncrack_noncrack_concrete_wall_19_9_jpg,test,1,5,5,0,0
noncrack_noncrack_concrete_wall_1_0_jpg,test,1,1,1,0,0
noncrack_noncrack_concrete_wall_1_1_jpg,test,1,2,2,0,0
noncrack_noncrack_concrete_wall_1_2_jpg,train,1,1,1,0,0
noncrack_noncrack_concrete_wall_1_3_jpg,train,1,3,3,0,0
noncrack_noncrack_concrete_wall_1_4_jpg,train,1,1,1,0,0
noncrack_noncrack_concrete_wall_1_5_jpg,val,1,1,1,0,0
noncrack_noncrack_concrete_wall_20_0_jpg,val,1,3,3,0,0
noncrack_noncrack_concrete_wall_20_10_jpg,train,1,1,1,0,0
noncrack_noncrack_concrete_wall_20_11_jpg,test,1,1,1,0,0
noncrack_noncrack_concrete_wall_20_12_jpg,train,1,1,1,0,0
noncrack_noncrack_concrete_wall_20_13_jpg,val,1,1,1,0,0
noncrack_noncrack_concrete_wall_20_14_jpg,train,1,2,2,0,0
noncrack_noncrack_concrete_wall_20_16_jpg,test,1,1,1,0,0
noncrack_noncrack_concrete_wall_20_17_jpg,test,1,1,1,0,0
noncrack_noncrack_concrete_wall_20_18_jpg,train,1,7,7,0,0
noncrack_noncrack_concrete_wall_20_19_jpg,test,1,1,1,0,0
noncrack_noncrack_concrete_wall_20_20_jpg,train,1,1,1,0,0
noncrack_noncrack_concrete_wall_20_21_jpg,val,1,1,1,0,0
noncrack_noncrack_concrete_wall_20_22_jpg,test,1,1,1,0,0
noncrack_noncrack_concrete_wall_20_23_jpg,val,1,1,1,0,0
noncrack_noncrack_concrete_wall_20_24_jpg,val,1,1,1,0,0
noncrack_noncrack_concrete_wall_20_25_jpg,val,1,2,2,0,0
noncrack_noncrack_concrete_wall_20_26_jpg,train,1,0,0,0,1
noncrack_noncrack_concrete_wall_20_27_jpg,train,1,1,1,0,0
noncrack_noncrack_concrete_wall_20_28_jpg,val,1,2,2,0,0
noncrack_noncrack_concrete_wall_20_29_jpg,test,1,1,1,0,0
noncrack_noncrack_concrete_wall_20_2_jpg,val,1,1,1,0,0
noncrack_noncrack_concrete_wall_20_30_jpg,train,1,1,1,0,0
noncrack_noncrack_concrete_wall_20_31_jpg,test,1,1,1,0,0
noncrack_noncrack_concrete_wall_20_33_jpg,test,1,1,1,0,0
noncrack_noncrack_concrete_wall_20_34_jpg,train,1,1,1,0,0
noncrack_noncrack_concrete_wall_20_35_jpg,test,1,1,1,0,0
noncrack_noncrack_concrete_wall_20_36_jpg,train,1,2,2,0,0
noncrack_noncrack_concrete_wall_20_37_jpg,train,1,2,2,0,0
noncrack_noncrack_concrete_wall_20_38_jpg,val,1,1,1,0,0
noncrack_noncrack_concrete_wall_20_39_jpg,train,1,2,2,0,0
noncrack_noncrack_concrete_wall_20_3_jpg,test,1,1,1,0,0
noncrack_noncrack_concrete_wall_20_40_jpg,train,1,1,1,0,0
noncrack_noncrack_concrete_wall_20_41_jpg,val,1,2,2,0,0
noncrack_noncrack_concrete_wall_20_42_jpg,test,1,2,2,0,0
noncrack_noncrack_concrete_wall_20_43_jpg,val,1,2,2,0,0
noncrack_noncrack_concrete_wall_20_44_jpg,train,1,1,1,0,0
noncrack_noncrack_concrete_wall_20_45_jpg,test,1,1,1,0,0
noncrack_noncrack_concrete_wall_20_46_jpg,train,1,1,1,0,0
noncrack_noncrack_concrete_wall_20_47_jpg,train,1,1,1,0,0
noncrack_noncrack_concrete_wall_20_48_jpg,train,1,1,1,0,0
noncrack_noncrack_concrete_wall_20_49_jpg,train,1,1,1,0,0
noncrack_noncrack_concrete_wall_20_4_jpg,val,1,1,1,0,0
noncrack_noncrack_concrete_wall_20_50_jpg,train,1,1,1,0,0
noncrack_noncrack_concrete_wall_20_51_jpg,val,1,1,1,0,0
noncrack_noncrack_concrete_wall_20_53_jpg,val,1,1,1,0,0
noncrack_noncrack_concrete_wall_20_55_jpg,test,1,2,2,0,0
noncrack_noncrack_concrete_wall_20_56_jpg,train,1,1,1,0,0
noncrack_noncrack_concrete_wall_20_57_jpg,val,1,1,1,0,0
noncrack_noncrack_concrete_wall_20_58_jpg,train,1,1,1,0,0
noncrack_noncrack_concrete_wall_20_5_jpg,val,1,1,1,0,0
noncrack_noncrack_concrete_wall_20_60_jpg,train,1,4,4,0,0
noncrack_noncrack_concrete_wall_20_61_jpg,train,1,2,2,0,0
noncrack_noncrack_concrete_wall_20_63_jpg,test,1,2,2,0,0
noncrack_noncrack_concrete_wall_20_64_jpg,test,1,4,4,0,0
noncrack_noncrack_concrete_wall_20_65_jpg,val,1,1,1,0,0
noncrack_noncrack_concrete_wall_20_66_jpg,train,1,1,1,0,0
noncrack_noncrack_concrete_wall_20_67_jpg,train,1,1,1,0,0
noncrack_noncrack_concrete_wall_20_69_jpg,val,1,3,3,0,0
noncrack_noncrack_concrete_wall_20_6_jpg,train,1,1,1,0,0
noncrack_noncrack_concrete_wall_20_71_jpg,val,1,1,1,0,0
noncrack_noncrack_concrete_wall_20_72_jpg,train,1,1,1,0,0
noncrack_noncrack_concrete_wall_20_7_jpg,test,1,1,1,0,0
noncrack_noncrack_concrete_wall_20_8_jpg,val,1,1,1,0,0
noncrack_noncrack_concrete_wall_20_9_jpg,train,1,1,1,0,0
noncrack_noncrack_concrete_wall_21_1_jpg,train,1,1,1,0,0
noncrack_noncrack_concrete_wall_21_2_jpg,test,1,2,2,0,0
noncrack_noncrack_concrete_wall_21_3_jpg,test,1,1,1,0,0
noncrack_noncrack_concrete_wall_22_0_jpg,train,1,1,1,0,0
noncrack_noncrack_concrete_wall_22_1_jpg,train,1,1,1,0,0
noncrack_noncrack_concrete_wall_22_2_jpg,train,1,1,1,0,0
noncrack_noncrack_concrete_wall_22_3_jpg,val,1,1,1,0,0
noncrack_noncrack_concrete_wall_22_4_jpg,val,1,1,1,0,0
noncrack_noncrack_concrete_wall_22_5_jpg,val,1,2,2,0,0
noncrack_noncrack_concrete_wall_22_6_jpg,train,1,2,2,0,0
noncrack_noncrack_concrete_wall_22_7_jpg,test,1,2,2,0,0
noncrack_noncrack_concrete_wall_22_8_jpg,train,1,3,3,0,0
noncrack_noncrack_concrete_wall_22_9_jpg,val,1,2,2,0,0
noncrack_noncrack_concrete_wall_23_0_jpg,test,1,1,1,0,0
noncrack_noncrack_concrete_wall_23_10_jpg,test,1,1,1,0,0
noncrack_noncrack_concrete_wall_23_11_jpg,train,1,1,1,0,0
noncrack_noncrack_concrete_wall_23_2_jpg,test,1,2,2,0,0
noncrack_noncrack_concrete_wall_23_3_jpg,val,1,1,1,0,0
noncrack_noncrack_concrete_wall_23_6_jpg,train,1,1,1,0,0
noncrack_noncrack_concrete_wall_23_8_jpg,test,1,1,1,0,0
noncrack_noncrack_concrete_wall_23_9_jpg,train,1,2,2,0,0
noncrack_noncrack_concrete_wall_24_0_jpg,val,1,2,2,0,0
noncrack_noncrack_concrete_wall_24_10_jpg,train,1,1,1,0,0
noncrack_noncrack_concrete_wall_24_11_jpg,test,1,4,4,0,0
noncrack_noncrack_concrete_wall_24_12_jpg,train,1,1,1,0,0
noncrack_noncrack_concrete_wall_24_13_jpg,test,1,2,2,0,0
noncrack_noncrack_concrete_wall_24_14_jpg,test,1,1,1,0,0
noncrack_noncrack_concrete_wall_24_15_jpg,val,1,1,1,0,0
noncrack_noncrack_concrete_wall_24_16_jpg,test,1,1,1,0,0
noncrack_noncrack_concrete_wall_24_17_jpg,val,1,1,1,0,0
noncrack_noncrack_concrete_wall_24_18_jpg,val,1,1,1,0,0
noncrack_noncrack_concrete_wall_24_1_jpg,test,1,1,1,0,0
noncrack_noncrack_concrete_wall_24_20_jpg,train,1,1,1,0,0
noncrack_noncrack_concrete_wall_24_21_jpg,test,1,2,2,0,0
noncrack_noncrack_concrete_wall_24_22_jpg,train,1,2,2,0,0
noncrack_noncrack_concrete_wall_24_2_jpg,val,1,2,2,0,0
noncrack_noncrack_concrete_wall_2_0_jpg,test,1,1,1,0,0
noncrack_noncrack_concrete_wall_2_1_jpg,test,1,1,1,0,0
noncrack_noncrack_concrete_wall_2_2_jpg,test,1,0,0,0,1
noncrack_noncrack_concrete_wall_2_3_jpg,val,1,1,1,0,0
noncrack_noncrack_concrete_wall_2_4_jpg,test,1,2,2,0,0
noncrack_noncrack_concrete_wall_2_5_jpg,test,1,1,1,0,0
po_1001_jpg,train,2,4,0,4,0
po_1002_jpg,train,3,12,0,12,0
po_1006_jpg,train,3,4,0,4,0
po_1007_jpg,val,1,2,0,2,0
po_1009_jpg,train,3,6,0,6,0
po_100_jpg,train,1,1,0,1,0
po_1012_jpg,train,2,2,0,2,0
po_1019_jpg,train,3,10,0,10,0
po_1021_jpg,test,1,6,0,6,0
po_1022_jpg,train,3,9,0,9,0
po_1023_jpg,train,3,18,0,18,0
po_1024_jpg,test,1,4,0,4,0
po_1025_jpg,train,3,21,0,21,0
po_1027_jpg,train,2,10,0,10,0
po_1029_jpg,train,3,6,0,6,0
po_102_jpg,train,3,30,0,30,0
po_1030_jpg,train,3,18,0,18,0
po_1032_jpg,train,2,7,0,7,0
po_1034_jpg,train,3,9,0,9,0
po_1036_jpg,train,3,25,0,25,0
po_1037_jpg,train,3,6,0,6,0
po_1038_jpg,train,3,9,0,9,0
po_103_jpg,train,3,3,0,3,0
po_1041_jpg,train,3,6,0,6,0
po_1042_jpg,train,3,9,0,9,0
po_1044_jpg,train,2,16,0,16,0
po_1047_jpg,train,3,7,0,7,0
po_1048_jpg,train,3,3,0,3,0
po_1057_jpg,train,3,30,0,30,0
po_105_jpg,train,3,3,0,3,0
po_1061_jpg,train,2,6,0,6,0
po_1062_jpg,train,3,34,0,34,0
po_1072_jpg,train,3,3,0,3,0
po_1073_jpg,train,3,7,0,7,0
po_1084_jpg,train,3,6,0,6,0
po_108_jpg,train,3,3,0,3,0
po_1090_jpg,train,3,3,0,3,0
po_1098_jpg,train,3,12,0,12,0
po_1099_jpg,train,3,42,0,42,0
po_109_jpg,train,3,5,0,5,0
po_10_jpg,train,2,2,0,2,0
po_1103_jpg,train,3,21,0,21,0
po_1104_jpg,train,3,15,0,15,0
po_1107_jpg,train,3,15,0,15,0
po_1112_jpg,train,3,15,0,15,0
po_1118_jpg,train,3,15,0,15,0
po_1133_jpg,train,3,12,0,12,0
po_1134_jpg,train,3,9,0,9,0
po_1142_jpg,train,3,27,0,27,0
po_1144_jpg,train,3,11,0,11,0
po_1155_jpg,train,3,24,0,24,0
po_1157_jpg,train,3,3,0,3,0
po_1162_jpg,train,3,3,0,3,0
po_1163_jpg,train,3,31,0,31,0
po_116_jpg,train,2,7,0,7,0
po_1172_jpg,train,3,18,0,18,0
po_1173_jpg,train,3,3,0,3,0
po_1174_jpg,train,3,21,0,21,0
po_1195_jpg,train,3,3,0,3,0
po_1197_jpg,train,3,3,0,3,0
po_119_jpg,train,3,3,0,3,0
po_1200_jpg,train,3,3,0,3,0
po_1201_jpg,train,3,6,0,6,0
po_1214_jpg,test,1,1,0,1,0
po_1218_jpg,train,3,13,0,13,0
po_1219_jpg,train,3,12,0,12,0
po_1220_jpg,train,2,8,0,8,0
po_1221_jpg,train,3,3,0,3,0
po_1222_jpg,train,1,1,0,1,0
po_1223_jpg,train,2,2,0,2,0
po_129_jpg,train,1,1,0,1,0
po_12_jpg,train,3,82,0,82,0
po_1328_jpg,train,3,3,0,3,0
po_1329_jpg,train,3,3,0,3,0
po_1348_jpg,train,3,6,0,6,0
po_1349_jpg,train,3,3,0,3,0
po_134_jpg,train,1,1,0,1,0
po_1354_jpg,train,3,3,0,3,0
po_1355_jpg,train,1,2,0,2,0
po_1360_jpg,train,3,3,0,3,0
po_136_jpg,train,3,3,0,3,0
po_1398_jpg,train,3,6,0,6,0
po_13_jpg,train,3,3,0,3,0
po_1400_jpg,train,1,1,0,1,0
po_1403_jpg,train,3,3,0,3,0
po_141_jpg,train,3,3,0,3,0
po_1422_jpg,train,3,3,0,3,0
po_1427_jpg,test,1,1,0,1,0
po_1429_jpg,train,3,3,0,3,0
po_1430_jpg,train,4,4,0,4,0
po_1431_jpg,train,3,3,0,3,0
po_1432_jpg,train,3,3,0,3,0
po_1433_jpg,train,3,7,0,7,0
po_1434_jpg,train,3,3,0,3,0
po_1436_jpg,train,3,3,0,3,0
po_1448_jpg,train,3,5,0,5,0
po_144_jpg,train,3,6,0,6,0
po_1450_jpg,train,3,3,0,3,0
po_1451_jpg,train,3,6,0,6,0
po_1457_jpg,train,2,4,0,4,0
po_1464_jpg,train,3,7,0,7,0
po_1471_jpg,train,3,3,0,3,0
po_1472_jpg,train,3,3,0,3,0
po_1473_jpg,train,2,2,0,2,0
po_1474_jpg,train,3,3,0,3,0
po_1484_jpg,train,3,6,0,6,0
po_1493_jpg,train,1,1,0,1,0
po_14_jpg,train,3,3,0,3,0
po_1510_jpg,val,1,1,0,1,0
po_1516_jpg,train,3,3,0,3,0
po_1517_jpg,train,3,3,0,3,0
po_1518_jpg,train,4,4,0,4,0
po_1519_jpg,train,3,3,0,3,0
po_1520_jpg,train,3,3,0,3,0
po_1521_jpg,train,1,1,0,1,0
po_1522_jpg,train,2,4,0,4,0
po_1523_jpg,train,3,3,0,3,0
po_1524_jpg,train,3,3,0,3,0
po_152_jpg,train,3,24,0,24,0
po_1543_jpg,train,3,3,0,3,0
po_1548_jpg,train,3,3,0,3,0
po_154_jpg,train,3,3,0,3,0
po_1559_jpg,train,2,2,0,2,0
po_1560_jpg,train,3,6,0,6,0
po_1562_jpg,val,1,6,0,6,0
po_1564_jpg,train,1,1,0,1,0
po_1566_jpg,train,3,3,0,3,0
po_156_jpg,train,1,1,0,1,0
po_1572_jpg,train,3,3,0,3,0
po_1573_jpg,train,2,2,0,2,0
po_1579_jpg,train,3,3,0,3,0
po_157_jpg,train,3,3,0,3,0
po_1580_jpg,train,3,3,0,3,0
po_1581_jpg,train,3,3,0,3,0
po_1583_jpg,train,3,9,0,9,0
po_1592_jpg,train,3,9,0,9,0
po_1594_jpg,test,1,1,0,1,0
po_1597_jpg,train,3,3,0,3,0
po_15_jpg,train,3,3,0,3,0
po_1605_jpg,train,3,3,0,3,0
po_1607_jpg,train,3,6,0,6,0
po_1612_jpg,train,3,3,0,3,0
po_1613_jpg,val,1,1,0,1,0
po_1614_jpg,train,3,3,0,3,0
po_161_jpg,train,3,3,0,3,0
po_1622_jpg,train,3,6,0,6,0
po_163_jpg,train,3,3,0,3,0
po_164_jpg,train,3,6,0,6,0
po_1657_jpg,train,3,6,0,6,0
po_1659_jpg,train,3,7,0,7,0
po_167_jpg,train,1,1,0,1,0
po_1684_jpg,train,1,1,0,1,0
po_1685_jpg,train,3,3,0,3,0
po_1687_jpg,train,3,9,0,9,0
po_1688_jpg,train,3,3,0,3,0
po_168_jpg,train,3,9,0,9,0
po_1695_jpg,train,3,3,0,3,0
po_170_jpg,train,3,3,0,3,0
po_1724_jpg,train,3,6,0,6,0
po_1725_jpg,train,3,8,0,8,0
po_173_jpg,train,1,1,0,1,0
po_1743_jpg,train,3,15,0,15,0
po_1754_jpg,train,1,3,0,3,0
po_1756_jpg,test,1,1,0,1,0
po_1761_jpg,train,1,1,0,1,0
po_1771_jpg,train,3,9,0,9,0
po_1772_jpg,train,3,3,0,3,0
po_1775_jpg,train,4,6,0,6,0
po_1781_jpg,train,3,3,0,3,0
po_1784_jpg,test,1,1,0,1,0
po_1785_jpg,test,1,2,0,2,0
po_1787_jpg,train,3,3,0,3,0
po_1789_jpg,train,3,9,0,9,0
po_1790_jpg,train,2,12,0,12,0
po_1798_jpg,train,3,3,0,3,0
po_179_jpg,train,3,6,0,6,0
po_1805_jpg,train,3,3,0,3,0
po_1806_jpg,train,3,6,0,6,0
po_1807_jpg,train,3,3,0,3,0
po_1809_jpg,train,3,3,0,3,0
po_180_jpg,train,3,3,0,3,0
po_1810_jpg,train,3,6,0,6,0
po_1813_jpg,train,3,3,0,3,0
po_1815_jpg,train,3,3,0,3,0
po_1816_jpg,test,1,3,0,3,0
po_1818_jpg,val,1,1,0,1,0
po_1824_jpg,train,3,3,0,3,0
po_1826_jpg,train,1,2,0,2,0
po_1829_jpg,train,2,4,0,4,0
po_182_jpg,train,3,12,0,12,0
po_1830_jpg,train,3,21,0,21,0
po_1833_jpg,train,3,13,0,13,0
po_1835_jpg,train,3,3,0,3,0
po_1836_jpg,train,3,3,0,3,0
po_1840_jpg,train,3,9,0,9,0
po_1845_jpg,test,1,1,0,1,0
po_1848_jpg,train,3,7,0,7,0
po_1852_jpg,train,3,15,0,15,0
po_1859_jpg,train,1,3,0,3,0
po_1863_jpg,train,3,6,0,6,0
po_1864_jpg,train,3,6,0,6,0
po_1869_jpg,train,3,3,0,3,0
po_1876_jpg,train,3,4,0,4,0
po_187_jpg,test,1,3,0,3,0
po_1886_jpg,train,3,3,0,3,0
po_1891_jpg,train,3,12,0,12,0
po_1896_jpg,test,1,3,0,3,0
po_18_jpg,train,3,6,0,6,0
po_1901_jpg,train,3,3,0,3,0
po_1912_jpg,train,2,2,0,2,0
po_1913_jpg,train,3,3,0,3,0
po_1914_jpg,train,3,3,0,3,0
po_1916_jpg,test,1,3,0,3,0
po_1917_jpg,train,3,3,0,3,0
po_1919_jpg,train,3,3,0,3,0
po_1923_jpg,train,1,3,0,3,0
po_1927_jpg,train,3,12,0,12,0
po_1928_jpg,train,3,3,0,3,0
po_1930_jpg,test,1,6,0,6,0
po_1947_jpg,train,1,1,0,1,0
po_194_jpg,test,1,2,0,2,0
po_1953_jpg,train,1,2,0,2,0
po_1955_jpg,train,3,3,0,3,0
po_1956_jpg,train,3,9,0,9,0
po_1957_jpg,train,2,6,0,6,0
po_1965_jpg,train,3,3,0,3,0
po_1967_jpg,train,3,7,0,7,0
po_1968_jpg,train,3,3,0,3,0
po_1971_jpg,train,2,10,0,10,0
po_1981_jpg,train,4,4,0,4,0
po_1982_jpg,train,3,6,0,6,0
po_1983_jpg,train,3,3,0,3,0
po_1990_jpg,test,1,1,0,1,0
po_1991_jpg,train,3,12,0,12,0
po_1995_jpg,train,1,1,0,1,0
po_1998_jpg,train,3,6,0,6,0
po_1999_jpg,train,1,4,0,4,0
po_199_jpg,train,3,6,0,6,0
po_19_jpg,train,3,3,0,3,0
po_2013_jpg,train,3,9,0,9,0
po_2017_jpg,train,3,3,0,3,0
po_2024_jpg,val,1,2,0,2,0
po_2030_jpg,train,3,6,0,6,0
po_2037_jpg,train,2,2,0,2,0
po_2042_jpg,train,2,2,0,2,0
po_2047_jpg,train,3,21,0,21,0
po_2051_jpg,train,3,3,0,3,0
po_2053_jpg,train,2,2,0,2,0
po_2057_jpg,val,1,1,0,1,0
po_2059_jpg,test,1,1,0,1,0
po_2061_jpg,train,3,3,0,3,0
po_2064_jpg,train,3,3,0,3,0
po_2066_jpg,train,3,3,0,3,0
po_206_jpg,train,3,9,0,9,0
po_2077_jpg,train,3,3,0,3,0
po_2078_jpg,val,1,1,0,1,0
po_207_jpg,train,1,3,0,3,0
po_2080_jpg,train,3,3,0,3,0
po_2081_jpg,train,3,6,0,6,0
po_2087_jpg,test,1,1,0,1,0
po_208_jpg,train,3,3,0,3,0
po_2099_jpg,train,1,1,0,1,0
po_2106_jpg,test,1,1,0,1,0
po_2110_jpg,train,3,3,0,3,0
po_2111_jpg,test,1,1,0,1,0
po_2114_jpg,train,3,15,0,15,0
po_2119_jpg,train,3,3,0,3,0
po_2128_jpg,train,3,3,0,3,0
po_212_jpg,train,3,6,0,6,0
po_2135_jpg,train,3,3,0,3,0
po_213_jpg,train,3,12,0,12,0
po_2140_jpg,train,3,12,0,12,0
po_2154_jpg,train,3,3,0,3,0
po_2163_jpg,train,3,3,0,3,0
po_2164_jpg,train,1,1,0,1,0
po_2165_jpg,train,3,6,0,6,0
po_2168_jpg,train,3,3,0,3,0
po_2171_jpg,train,3,6,0,6,0
po_2172_jpg,train,3,3,0,3,0
po_2173_jpg,val,1,1,0,1,0
po_2178_jpg,test,1,1,0,1,0
po_218_jpg,test,1,1,0,1,0
po_2193_jpg,train,3,6,0,6,0
po_21_jpg,train,3,12,0,12,0
po_2205_jpg,train,3,3,0,3,0
po_220_jpg,train,3,15,0,15,0
po_2210_jpg,val,1,6,0,6,0
po_2215_jpg,train,3,6,0,6,0
po_2226_jpg,train,3,3,0,3,0
po_2227_jpg,train,4,4,0,4,0
po_2228_jpg,train,2,2,0,2,0
po_2229_jpg,test,1,1,0,1,0
po_222_jpg,train,3,6,0,6,0
po_2231_jpg,train,3,9,0,9,0
po_2234_jpg,train,3,11,0,11,0
po_2254_jpg,train,3,3,0,3,0
po_2262_jpg,train,3,3,0,3,0
po_2266_jpg,train,3,18,0,18,0
po_226_jpg,train,1,5,0,5,0
po_2276_jpg,train,3,5,0,5,0
po_2280_jpg,train,3,6,0,6,0
po_2288_jpg,train,3,3,0,3,0
po_228_jpg,train,3,12,0,12,0
po_2292_jpg,train,3,3,0,3,0
po_2294_jpg,train,4,32,0,32,0
po_2297_jpg,test,1,1,0,1,0
po_2303_jpg,train,1,3,0,3,0
po_2305_jpg,val,1,6,0,6,0
po_2306_jpg,train,3,3,0,3,0
po_2307_jpg,train,3,3,0,3,0
po_2313_jpg,train,3,9,0,9,0
po_2316_jpg,train,3,3,0,3,0
po_2317_jpg,train,3,3,0,3,0
po_2318_jpg,test,1,2,0,2,0
po_2319_jpg,train,3,3,0,3,0
po_2329_jpg,train,3,3,0,3,0
po_232_jpg,train,3,3,0,3,0
po_2335_jpg,train,3,6,0,6,0
po_2337_jpg,train,3,3,0,3,0
po_2338_jpg,train,3,11,0,11,0
po_2339_jpg,train,3,3,0,3,0
po_2342_jpg,train,1,1,0,1,0
po_234_jpg,val,1,1,0,1,0
po_2351_jpg,train,3,6,0,6,0
po_2352_jpg,train,3,9,0,9,0
po_235_jpg,train,3,3,0,3,0
po_2370_jpg,train,3,3,0,3,0
po_2371_jpg,train,4,4,0,4,0
po_2373_jpg,train,3,9,0,9,0
po_2379_jpg,train,3,3,0,3,0
po_2390_jpg,train,3,6,0,6,0
po_2423_jpg,train,3,3,0,3,0
po_2458_jpg,train,3,3,0,3,0
po_245_jpg,train,3,3,0,3,0
po_2461_jpg,train,3,9,0,9,0
po_2462_jpg,train,3,3,0,3,0
po_2466_jpg,train,3,3,0,3,0
po_2467_jpg,val,1,1,0,1,0
po_2468_jpg,train,3,3,0,3,0
po_246_jpg,train,3,8,0,8,0
po_2473_jpg,train,4,4,0,4,0
po_2474_jpg,test,1,2,0,2,0
po_247_jpg,train,3,6,0,6,0
po_2481_jpg,train,3,3,0,3,0
po_2483_jpg,train,3,18,0,18,0
po_2488_jpg,train,3,9,0,9,0
po_2490_jpg,test,1,1,0,1,0
po_2494_jpg,test,1,1,0,1,0
po_2504_jpg,train,4,4,0,4,0
po_250_jpg,train,3,3,0,3,0
po_2514_jpg,train,3,18,0,18,0
po_2519_jpg,train,3,3,0,3,0
po_2523_jpg,train,2,2,0,2,0
po_2528_jpg,test,1,1,0,1,0
po_2532_jpg,train,3,6,0,6,0
po_2534_jpg,train,1,3,0,3,0
po_253_jpg,train,3,10,0,10,0
po_2540_jpg,train,3,3,0,3,0
po_2541_jpg,train,3,6,0,6,0
po_254_jpg,train,3,6,0,6,0
po_2551_jpg,test,1,1,0,1,0
po_2554_jpg,train,3,17,0,17,0
po_2558_jpg,train,3,3,0,3,0
po_255_jpg,train,3,15,0,15,0
po_2563_jpg,train,3,3,0,3,0
po_256_jpg,train,2,4,0,4,0
po_2570_jpg,train,4,8,0,8,0
po_2584_jpg,test,1,2,0,2,0
po_2588_jpg,train,4,4,0,4,0
po_2591_jpg,train,3,3,0,3,0
po_2592_jpg,train,3,12,0,12,0
po_2594_jpg,train,3,9,0,9,0
po_2595_jpg,val,1,1,0,1,0
po_2599_jpg,train,3,6,0,6,0
po_25_jpg,train,3,3,0,3,0
po_260_jpg,test,1,1,0,1,0
po_2617_jpg,train,3,3,0,3,0
po_2620_jpg,train,3,3,0,3,0
po_2621_jpg,train,3,5,0,5,0
po_2622_jpg,test,1,2,0,2,0
po_2625_jpg,train,3,3,0,3,0
po_2636_jpg,train,3,15,0,15,0
po_2644_jpg,test,1,1,0,1,0
po_2647_jpg,train,3,13,0,13,0
po_2661_jpg,train,3,3,0,3,0
po_266_jpg,train,3,3,0,3,0
po_2671_jpg,train,3,9,0,9,0
po_2677_jpg,test,1,1,0,1,0
po_268_jpg,train,3,18,0,18,0
po_2702_jpg,train,3,59,0,59,0
po_2716_jpg,train,3,3,0,3,0
po_2722_jpg,train,1,1,0,1,0
po_2724_jpg,train,1,3,0,3,0
po_2727_jpg,train,3,6,0,6,0
po_2728_jpg,train,3,9,0,9,0
po_2736_jpg,train,3,15,0,15,0
po_2748_jpg,train,3,6,0,6,0
po_2753_jpg,train,3,3,0,3,0
po_276_jpg,train,3,9,0,9,0
po_2789_jpg,train,4,4,0,4,0
po_2792_jpg,train,1,2,0,2,0
po_2797_jpg,train,3,12,0,12,0
po_279_jpg,train,1,2,0,2,0
po_2816_jpg,train,3,3,0,3,0
po_2827_jpg,test,1,1,0,1,0
po_2833_jpg,test,1,3,0,3,0
po_2834_jpg,train,3,6,0,6,0
po_2849_jpg,train,3,3,0,3,0
po_2852_jpg,train,3,6,0,6,0
po_2853_jpg,train,3,6,0,6,0
po_2855_jpg,train,3,3,0,3,0
po_285_jpg,train,3,6,0,6,0
po_2870_jpg,train,3,3,0,3,0
po_2871_jpg,train,3,3,0,3,0
po_2872_jpg,train,3,3,0,3,0
po_2875_jpg,train,3,3,0,3,0
po_2881_jpg,train,3,3,0,3,0
po_2887_jpg,train,3,12,0,12,0
po_2893_jpg,test,1,1,0,1,0
po_289_jpg,train,2,2,0,2,0
po_2908_jpg,train,3,3,0,3,0
po_2916_jpg,train,4,16,0,16,0
po_2923_jpg,train,3,3,0,3,0
po_2928_jpg,test,1,2,0,2,0
po_292_jpg,train,3,6,0,6,0
po_2931_jpg,train,3,6,0,6,0
po_2943_jpg,val,1,1,0,1,0
po_2944_jpg,train,2,2,0,2,0
po_2949_jpg,train,3,3,0,3,0
po_2952_jpg,test,1,1,0,1,0
po_2959_jpg,train,4,4,0,4,0
po_2963_jpg,train,3,26,0,26,0
po_2966_jpg,train,3,27,0,27,0
po_2970_jpg,train,3,6,0,6,0
po_2990_jpg,train,3,6,0,6,0
po_2999_jpg,train,3,3,0,3,0
po_2_jpg,train,1,1,0,1,0
po_3002_jpg,train,3,3,0,3,0
po_3004_jpg,train,3,6,0,6,0
po_3005_jpg,train,1,5,0,5,0
po_3011_jpg,train,3,3,0,3,0
po_3022_jpg,train,3,3,0,3,0
po_3023_jpg,test,1,2,0,2,0
po_3044_jpg,val,1,1,0,1,0
po_3070_jpg,train,3,3,0,3,0
po_3071_jpg,train,3,3,0,3,0
po_3077_jpg,train,3,6,0,6,0
po_3098_jpg,train,3,4,0,4,0
po_3134_jpg,train,3,3,0,3,0
po_314_jpg,train,3,9,0,9,0
po_317_jpg,train,3,42,0,42,0
po_318_jpg,train,3,3,0,3,0
po_31_jpg,train,3,3,0,3,0
po_321_jpg,train,1,16,0,16,0
po_3251_jpg,train,1,1,0,1,0
po_3252_jpg,val,1,2,0,2,0
po_3255_jpg,test,1,1,0,1,0
po_3277_jpg,test,1,6,0,6,0
po_3278_jpg,train,3,4,0,4,0
po_327_jpg,train,3,3,0,3,0
po_3283_jpg,train,3,3,0,3,0
po_3285_jpg,train,3,18,0,18,0
po_328_jpg,train,3,3,0,3,0
po_3292_jpg,train,3,20,0,20,0
po_32_jpg,train,4,4,0,4,0
po_3301_jpg,train,3,3,0,3,0
po_3312_jpg,test,1,1,0,1,0
po_3328_jpg,train,3,7,0,7,0
po_3368_jpg,train,3,3,0,3,0
po_3385_jpg,train,3,3,0,3,0
po_338_jpg,train,3,3,0,3,0
po_3396_jpg,train,4,4,0,4,0
po_3398_jpg,train,3,15,0,15,0
po_33_jpg,train,3,22,0,22,0
po_3433_jpg,train,3,3,0,3,0
po_3438_jpg,train,3,3,0,3,0
po_343_jpg,train,3,3,0,3,0
po_3465_jpg,train,3,3,0,3,0
po_346_jpg,train,3,6,0,6,0
po_3487_jpg,test,1,1,0,1,0
po_348_jpg,train,1,2,0,2,0
po_3493_jpg,train,3,3,0,3,0
po_3498_jpg,train,1,1,0,1,0
po_349_jpg,train,3,3,0,3,0
po_34_jpg,train,3,3,0,3,0
po_3504_jpg,train,3,10,0,10,0
po_3510_jpg,train,3,3,0,3,0
po_3515_jpg,train,3,3,0,3,0
po_3520_jpg,train,1,1,0,1,0
po_3522_jpg,train,3,8,0,8,0
po_352_jpg,test,1,1,0,1,0
po_3537_jpg,train,1,3,0,3,0
po_3540_jpg,train,3,3,0,3,0
po_3541_jpg,train,3,18,0,18,0
po_3546_jpg,train,3,6,0,6,0
po_3564_jpg,train,2,2,0,2,0
po_3580_jpg,train,1,2,0,2,0
po_35_jpg,train,3,3,0,3,0
po_361_jpg,train,1,6,0,6,0
po_3623_jpg,train,3,9,0,9,0
po_3624_jpg,train,1,5,0,5,0
po_3638_jpg,train,3,3,0,3,0
po_3641_jpg,train,3,6,0,6,0
po_3661_jpg,val,1,6,0,6,0
po_3667_jpg,train,3,3,0,3,0
po_3670_jpg,train,3,3,0,3,0
po_367_jpg,train,3,20,0,20,0
po_3682_jpg,train,3,3,0,3,0
po_3685_jpg,train,3,3,0,3,0
po_3688_jpg,train,3,9,0,9,0
po_3689_jpg,train,3,3,0,3,0
po_3705_jpg,train,3,3,0,3,0
po_3716_jpg,train,3,3,0,3,0
po_3743_jpg,train,3,3,0,3,0
po_3744_jpg,train,3,6,0,6,0
po_3746_jpg,val,1,1,0,1,0
po_3776_jpg,train,3,6,0,6,0
po_3778_jpg,train,3,6,0,6,0
po_3794_jpg,train,3,12,0,12,0
po_37_jpg,train,3,18,0,18,0
po_3802_jpg,train,3,3,0,3,0
po_3812_jpg,train,3,6,0,6,0
po_3823_jpg,test,1,2,0,2,0
po_3827_jpg,train,3,3,0,3,0
po_3828_jpg,train,1,1,0,1,0
po_3834_jpg,train,3,3,0,3,0
po_3856_jpg,train,3,6,0,6,0
po_3860_jpg,train,3,3,0,3,0
po_3863_jpg,train,3,6,0,6,0
po_3867_jpg,train,3,3,0,3,0
po_3868_jpg,test,1,1,0,1,0
po_3878_jpg,train,3,11,0,11,0
po_388_jpg,train,3,30,0,30,0
po_389_jpg,train,1,1,0,1,0
po_3916_jpg,train,3,3,0,3,0
po_391_jpg,test,1,7,0,7,0
po_3920_jpg,train,3,3,0,3,0
po_392_jpg,train,6,45,0,45,0
po_3948_jpg,train,3,3,0,3,0
po_3960_jpg,train,3,4,0,4,0
po_408_jpg,train,6,36,0,36,0
po_410_jpg,train,4,24,0,24,0
po_411_jpg,train,6,53,0,53,0
po_412_jpg,train,4,27,0,27,0
po_413_jpg,train,3,12,0,12,0
po_414_jpg,train,3,18,0,18,0
po_415_jpg,train,1,10,0,10,0
po_417_jpg,train,3,15,0,15,0
po_418_jpg,train,4,21,0,21,0
po_41_jpg,train,4,4,0,4,0
po_423_jpg,train,1,7,0,7,0
po_424_jpg,train,6,12,0,12,0
po_428_jpg,train,4,34,0,34,0
po_429_jpg,train,3,22,0,22,0
po_430_jpg,train,3,3,0,3,0
po_432_jpg,train,3,6,0,6,0
po_435_jpg,train,3,3,0,3,0
po_440_jpg,train,6,6,0,6,0
po_441_jpg,train,6,6,0,6,0
po_442_jpg,train,4,4,0,4,0
po_443_jpg,test,1,3,0,3,0
po_447_jpg,train,3,3,0,3,0
po_449_jpg,test,1,1,0,1,0
po_450_jpg,test,1,2,0,2,0
po_452_jpg,train,3,6,0,6,0
po_454_jpg,train,3,3,0,3,0
po_458_jpg,test,1,2,0,2,0
po_459_jpg,train,3,3,0,3,0
po_460_jpg,train,6,30,0,30,0
po_464_jpg,train,6,6,0,6,0
po_466_jpg,train,3,3,0,3,0
po_467_jpg,test,1,1,0,1,0
po_468_jpg,train,3,3,0,3,0
po_472_jpg,train,6,7,0,7,0
po_487_jpg,train,1,5,0,5,0
po_492_jpg,train,6,25,0,25,0
po_495_jpg,train,3,14,0,14,0
po_504_jpg,train,3,3,0,3,0
po_506_jpg,train,1,7,0,7,0
po_508_jpg,train,1,5,0,5,0
po_509_jpg,train,3,9,0,9,0
po_50_jpg,train,1,3,0,3,0
po_513_jpg,train,3,3,0,3,0
po_515_jpg,train,3,6,0,6,0
po_518_jpg,train,3,3,0,3,0
po_51_jpg,train,3,3,0,3,0
po_520_jpg,test,1,2,0,2,0
po_521_jpg,test,1,5,0,5,0
po_528_jpg,train,6,24,0,24,0
po_529_jpg,train,1,4,0,4,0
po_530_jpg,train,1,1,0,1,0
po_531_jpg,train,6,24,0,24,0
po_534_jpg,train,1,3,0,3,0
po_535_jpg,test,1,1,0,1,0
po_543_jpg,train,6,14,0,14,0
po_544_jpg,train,5,5,0,5,0
po_548_jpg,train,6,6,0,6,0
po_549_jpg,train,5,19,0,19,0
po_550_jpg,train,3,12,0,12,0
po_551_jpg,train,3,14,0,14,0
po_552_jpg,train,3,13,0,13,0
po_553_jpg,train,6,30,0,30,0
po_554_jpg,train,1,1,0,1,0
po_555_jpg,train,3,3,0,3,0
po_556_jpg,train,6,6,0,6,0
po_557_jpg,train,3,3,0,3,0
po_558_jpg,val,1,1,0,1,0
po_55_jpg,val,1,2,0,2,0
po_563_jpg,train,6,6,0,6,0
po_56_jpg,train,1,2,0,2,0
po_571_jpg,train,6,12,0,12,0
po_573_jpg,test,1,2,0,2,0
po_575_jpg,train,3,3,0,3,0
po_576_jpg,train,6,6,0,6,0
po_577_jpg,train,6,6,0,6,0
po_578_jpg,train,1,2,0,2,0
po_579_jpg,train,6,6,0,6,0
po_581_jpg,train,3,20,0,20,0
po_590_jpg,test,1,1,0,1,0
po_596_jpg,train,3,6,0,6,0
po_5_jpg,train,1,2,0,2,0
po_603_jpg,train,3,10,0,10,0
po_634_jpg,train,6,6,0,6,0
po_637_jpg,train,3,3,0,3,0
po_640_jpg,train,6,6,0,6,0
po_660_jpg,test,1,1,0,1,0
po_664_jpg,test,1,1,0,1,0
po_666_jpg,test,1,1,0,1,0
po_667_jpg,train,3,3,0,3,0
po_668_jpg,test,1,2,0,2,0
po_669_jpg,train,3,3,0,3,0
po_671_jpg,test,1,1,0,1,0
po_677_jpg,train,3,3,0,3,0
po_679_jpg,train,3,6,0,6,0
po_681_jpg,train,3,3,0,3,0
po_698_jpg,train,6,6,0,6,0
po_6_jpg,train,1,1,0,1,0
po_700_jpg,train,3,9,0,9,0
po_701_jpg,train,3,6,0,6,0
po_702_jpg,train,6,12,0,12,0
po_705_jpg,train,3,3,0,3,0
po_707_jpg,train,1,4,0,4,0
po_708_jpg,train,4,4,0,4,0
po_709_jpg,train,1,4,0,4,0
po_711_jpg,train,3,3,0,3,0
po_713_jpg,test,1,4,0,4,0
po_716_jpg,train,3,3,0,3,0
po_721_jpg,val,1,2,0,2,0
po_722_jpg,train,3,3,0,3,0
po_725_jpg,train,3,6,0,6,0
po_726_jpg,train,3,3,0,3,0
po_738_jpg,train,4,4,0,4,0
po_739_jpg,train,1,1,0,1,0
po_740_jpg,train,1,2,0,2,0
po_741_jpg,train,6,6,0,6,0
po_745_jpg,train,3,3,0,3,0
po_746_jpg,train,6,62,0,62,0
po_751_jpg,train,1,1,0,1,0
po_754_jpg,train,6,6,0,6,0
po_763_jpg,test,1,2,0,2,0
po_766_jpg,train,3,14,0,14,0
po_768_jpg,train,5,5,0,5,0
po_772_jpg,val,1,1,0,1,0
po_773_jpg,train,3,3,0,3,0
po_775_jpg,train,1,3,0,3,0
po_776_jpg,train,3,6,0,6,0
po_777_jpg,train,6,30,0,30,0
po_782_jpg,train,3,15,0,15,0
po_784_jpg,train,1,1,0,1,0
po_785_jpg,train,3,12,0,12,0
po_789_jpg,train,6,17,0,17,0
po_791_jpg,train,3,3,0,3,0
po_793_jpg,train,6,9,0,9,0
po_794_jpg,test,1,2,0,2,0
po_7_jpg,train,6,6,0,6,0
po_802_jpg,train,3,3,0,3,0
po_810_jpg,train,3,3,0,3,0
po_812_jpg,test,1,2,0,2,0
po_813_jpg,train,3,9,0,9,0
po_81_jpg,train,3,6,0,6,0
po_827_jpg,val,1,2,0,2,0
po_829_jpg,train,3,3,0,3,0
po_838_jpg,train,3,8,0,8,0
po_841_jpg,test,1,5,0,5,0
po_84_jpg,train,1,1,0,1,0
po_860_jpg,train,6,42,0,42,0
po_861_jpg,train,3,3,0,3,0
po_862_jpg,val,1,1,0,1,0
po_863_jpg,val,1,1,0,1,0
po_871_jpg,train,3,11,0,11,0
po_872_jpg,train,3,21,0,21,0
po_873_jpg,train,3,3,0,3,0
po_874_jpg,train,3,9,0,9,0
po_875_jpg,train,4,21,0,21,0
po_878_jpg,train,3,12,0,12,0
po_882_jpg,val,1,1,0,1,0
po_88_jpg,train,6,30,0,30,0
po_90_jpg,train,3,8,0,8,0
po_918_jpg,val,1,1,0,1,0
po_921_jpg,train,4,4,0,4,0
po_922_jpg,train,6,6,0,6,0
po_923_jpg,train,4,4,0,4,0
po_924_jpg,train,4,4,0,4,0
po_925_jpg,train,4,4,0,4,0
po_92_jpg,train,4,4,0,4,0
po_931_jpg,train,3,12,0,12,0
po_940_jpg,train,3,15,0,15,0
po_941_jpg,train,4,24,0,24,0
po_942_jpg,test,1,2,0,2,0
po_943_jpg,test,1,7,0,7,0
po_946_jpg,train,1,1,0,1,0
po_952_jpg,train,3,3,0,3,0
po_959_jpg,train,4,4,0,4,0
po_966_jpg,train,3,3,0,3,0
po_988_jpg,train,3,3,0,3,0
po_994_jpg,train,3,3,0,3,0
po_9_jpg,train,1,1,0,1,0
volker_dsc01708_820_247_911_1098_jpg,train,2,2,2,0,0
